order_id,physical_items,ihub_boxes,ihub_cartons,ihub_external_volume_mm3,ihub_largest_carton_volume_mm3,ihub_latency_ms,ihub_box9_over_fill_cap,fast_boxes,fast_cartons,fast_external_volume_mm3,fast_largest_carton_volume_mm3,fast_runtime_ms,fast_optimality_proven,fast_search_status,best_boxes,best_cartons,best_external_volume_mm3,best_largest_carton_volume_mm3,best_runtime_ms,best_optimality_proven,best_search_status
1,4,Box4,1,13260000.0,13260000.0,410.02,False,Box4,1,13260000.0,13260000.0,1.5942160000008698,False,heuristic,Box4,1,13260000.0,13260000.0,20.018534000001864,True,optimal
2,11,Box5,1,20774000.0,20774000.0,194.64,False,Box5,1,20774000.0,20774000.0,2.417893999997034,False,heuristic,Box5,1,20774000.0,20774000.0,58.35964700000318,True,optimal
3,9,Box5,1,20774000.0,20774000.0,186.93,False,Box5,1,20774000.0,20774000.0,1.3109970000044768,False,heuristic,Box5,1,20774000.0,20774000.0,41.75594800000226,True,optimal
4,3,Box2,1,5278500.0,5278500.0,188.88,False,Box2,1,5278500.0,5278500.0,0.2477729999981193,False,heuristic,Box2,1,5278500.0,5278500.0,5.461306000000832,True,optimal
5,5,Box4,1,13260000.0,13260000.0,188.94,False,Box4,1,13260000.0,13260000.0,1.7769970000003354,False,heuristic,Box4,1,13260000.0,13260000.0,25.179038999993963,True,optimal
6,10,Box4,1,13260000.0,13260000.0,161.24,False,Box4,1,13260000.0,13260000.0,2.7110209999960944,False,heuristic,Box4,1,13260000.0,13260000.0,54.758614000000705,True,optimal
7,4,Box4,1,13260000.0,13260000.0,165.53,False,Box4,1,13260000.0,13260000.0,1.1826569999939807,False,heuristic,Box4,1,13260000.0,13260000.0,15.295196000003841,True,optimal
8,4,Box2,1,5278500.0,5278500.0,171.21,False,Box2,1,5278500.0,5278500.0,0.43712600000134216,False,heuristic,Box2,1,5278500.0,5278500.0,10.230700000001036,True,optimal
9,11,Box9,1,42504000.0,42504000.0,181.63,False,Box9,1,42504000.0,42504000.0,2.8484280000000695,False,heuristic,Box9,1,42504000.0,42504000.0,56.972667000003696,True,optimal
10,8,Box5,1,20774000.0,20774000.0,183.42,False,Box5,1,20774000.0,20774000.0,1.093130999997527,False,heuristic,Box5,1,20774000.0,20774000.0,38.08730900000512,True,optimal
11,7,Box8,1,14616000.0,14616000.0,172.23,False,Box8,1,14616000.0,14616000.0,1.117426000000421,False,heuristic,Box8,1,14616000.0,14616000.0,25.775932999998474,True,optimal
12,5,Box8,1,14616000.0,14616000.0,184.41,False,Box8,1,14616000.0,14616000.0,2.5174999999961756,False,heuristic,Box8,1,14616000.0,14616000.0,17.299667999999713,True,optimal
13,4,Box2,1,5278500.0,5278500.0,213.58,False,Box2,1,5278500.0,5278500.0,0.3807109999982572,False,heuristic,Box2,1,5278500.0,5278500.0,8.015125000000012,True,optimal
14,8,Box9,1,42504000.0,42504000.0,196.57,False,Box9,1,42504000.0,42504000.0,1.2837869999984264,False,heuristic,Box9,1,42504000.0,42504000.0,32.7872229999997,True,optimal
15,5,Box4,1,13260000.0,13260000.0,176.78,False,Box4,1,13260000.0,13260000.0,1.7297589999998308,False,heuristic,Box4,1,13260000.0,13260000.0,23.695117999999127,True,optimal
16,9,Box9,1,42504000.0,42504000.0,202.96,False,Box9,1,42504000.0,42504000.0,2.234112000003563,False,heuristic,Box9,1,42504000.0,42504000.0,45.8858690000028,True,optimal
17,12,Box4,1,13260000.0,13260000.0,199.49,False,Box4,1,13260000.0,13260000.0,2.5463539999961426,False,heuristic,Box4,1,13260000.0,13260000.0,73.91450800000143,True,optimal
18,2,Box4,1,13260000.0,13260000.0,190.85,False,Box4,1,13260000.0,13260000.0,0.19737800000285688,False,heuristic,Box4,1,13260000.0,13260000.0,2.1540919999978314,True,optimal
19,5,Box4,1,13260000.0,13260000.0,188.13,False,Box8,1,14616000.0,14616000.0,1.874610000001553,False,heuristic,Box4,1,13260000.0,13260000.0,17.084707999998727,True,optimal
20,7,Box6,1,24752000.0,24752000.0,188.12,False,Box9,1,42504000.0,42504000.0,1.9423259999982179,False,heuristic,Box6,1,24752000.0,24752000.0,28.56820699999929,True,optimal
21,7,Box2,1,5278500.0,5278500.0,164.87,False,Box2,1,5278500.0,5278500.0,0.9041980000006333,False,heuristic,Box2,1,5278500.0,5278500.0,23.744351000004826,True,optimal
22,4,Box2,1,5278500.0,5278500.0,176.89,False,Box2,1,5278500.0,5278500.0,0.4231300000014926,False,heuristic,Box2,1,5278500.0,5278500.0,9.077687999997863,True,optimal
23,8,Box8,1,14616000.0,14616000.0,172.29,False,Box8,1,14616000.0,14616000.0,1.4695840000058524,False,heuristic,Box8,1,14616000.0,14616000.0,32.94935600000315,True,optimal
24,6,Box4,1,13260000.0,13260000.0,197.36,False,Box4,1,13260000.0,13260000.0,2.471565000000453,False,heuristic,Box4,1,13260000.0,13260000.0,31.630072999995207,True,optimal
25,5,Box4,1,13260000.0,13260000.0,192.68,False,Box4,1,13260000.0,13260000.0,0.5582719999992491,False,heuristic,Box4,1,13260000.0,13260000.0,14.302923999998995,True,optimal
26,6,Box4,1,13260000.0,13260000.0,164.29,False,Box4,1,13260000.0,13260000.0,3.1672929999970734,False,heuristic,Box4,1,13260000.0,13260000.0,33.994498000005535,True,optimal
27,7,Box6,1,24752000.0,24752000.0,173.75,False,Box6,1,24752000.0,24752000.0,1.1591439999989461,False,heuristic,Box6,1,24752000.0,24752000.0,27.467381999997542,True,optimal
28,10,Box5,1,20774000.0,20774000.0,182.06,False,Box6,1,24752000.0,24752000.0,8.341753999999924,False,heuristic,Box5,1,20774000.0,20774000.0,56.17854499999453,True,optimal
29,4,Box4,1,13260000.0,13260000.0,184.57,False,Box4,1,13260000.0,13260000.0,0.38521900000176856,False,heuristic,Box4,1,13260000.0,13260000.0,9.311484999997788,True,optimal
30,7,Box8,1,14616000.0,14616000.0,186.89,False,Box8,1,14616000.0,14616000.0,2.929860000001838,False,heuristic,Box8,1,14616000.0,14616000.0,37.35069300000049,True,optimal
31,6,"Box9,Box5",2,63278000.0,42504000.0,282.23,False,"Box9,Box4,Box4",3,69024000.0,42504000.0,1.9271490000036806,False,heuristic,"Box8,Box9",2,57120000.0,42504000.0,270.31024800000125,True,optimal
32,7,Box6,1,24752000.0,24752000.0,178.78,False,Box6,1,24752000.0,24752000.0,0.9081760000029249,False,heuristic,Box6,1,24752000.0,24752000.0,23.508670999994763,True,optimal
33,4,Box6,1,24752000.0,24752000.0,194.67,False,Box6,1,24752000.0,24752000.0,1.306589000002134,False,heuristic,Box6,1,24752000.0,24752000.0,17.865905999997267,True,optimal
34,6,Box4,1,13260000.0,13260000.0,164.63,False,Box4,1,13260000.0,13260000.0,0.6949070000032975,False,heuristic,Box4,1,13260000.0,13260000.0,18.856845999998484,True,optimal
35,6,Box9,1,42504000.0,42504000.0,152.97,False,Box9,1,42504000.0,42504000.0,2.0678799999984676,False,heuristic,Box9,1,42504000.0,42504000.0,41.14382499999891,True,optimal
36,6,Box4,1,13260000.0,13260000.0,168.09,False,Box4,1,13260000.0,13260000.0,2.1289439999989668,False,heuristic,Box4,1,13260000.0,13260000.0,31.30993599999954,True,optimal
37,5,Box4,1,13260000.0,13260000.0,168.67,False,Box4,1,13260000.0,13260000.0,0.6114010000004555,False,heuristic,Box4,1,13260000.0,13260000.0,14.75123000000167,True,optimal
38,4,Box2,1,5278500.0,5278500.0,169.86,False,Box2,1,5278500.0,5278500.0,0.37339699999705545,False,heuristic,Box2,1,5278500.0,5278500.0,8.164052000005029,True,optimal
39,3,Box2,1,5278500.0,5278500.0,171.96,False,Box2,1,5278500.0,5278500.0,0.3160409999978242,False,heuristic,Box2,1,5278500.0,5278500.0,5.847037000002331,True,optimal
40,10,"Box9,Box4",2,55764000.0,42504000.0,423.04,True,"Box9,Box5",2,63278000.0,42504000.0,1.7286980000008612,False,heuristic,"Box4,Box9",2,55764000.0,42504000.0,99.40468799999991,True,optimal
41,4,Box2,1,5278500.0,5278500.0,790.82,False,Box2,1,5278500.0,5278500.0,0.41000600000273835,False,heuristic,Box2,1,5278500.0,5278500.0,8.014653000003591,True,optimal
42,6,Box9,1,42504000.0,42504000.0,162.86,False,Box9,1,42504000.0,42504000.0,2.020301999998253,False,heuristic,Box9,1,42504000.0,42504000.0,70.39837399999982,True,optimal
43,6,Box5,1,20774000.0,20774000.0,197.47,False,Box5,1,20774000.0,20774000.0,0.7867689999940808,False,heuristic,Box5,1,20774000.0,20774000.0,17.242151000004924,True,optimal
44,8,Box4,1,13260000.0,13260000.0,156.97,False,Box4,1,13260000.0,13260000.0,1.3395709999954875,False,heuristic,Box4,1,13260000.0,13260000.0,33.95440299999564,True,optimal
45,5,Box4,1,13260000.0,13260000.0,188.38,False,Box4,1,13260000.0,13260000.0,2.0416110000027743,False,heuristic,Box4,1,13260000.0,13260000.0,21.155406999994852,True,optimal
46,10,Box5,1,20774000.0,20774000.0,192.78,False,Box5,1,20774000.0,20774000.0,2.288272000001257,False,heuristic,Box5,1,20774000.0,20774000.0,49.703596999997046,True,optimal
47,9,Box9,1,42504000.0,42504000.0,325.15,False,Box9,1,42504000.0,42504000.0,1.730940999998154,False,heuristic,Box9,1,42504000.0,42504000.0,39.46280600000307,True,optimal
48,8,Box8,1,14616000.0,14616000.0,152.33,False,Box8,1,14616000.0,14616000.0,3.37754299999915,False,heuristic,Box8,1,14616000.0,14616000.0,40.41514099999688,True,optimal
49,1,Box2,1,5278500.0,5278500.0,159.65,False,Box2,1,5278500.0,5278500.0,0.1615100000051939,False,heuristic,Box2,1,5278500.0,5278500.0,0.854705999998373,True,optimal
50,4,Box9,1,42504000.0,42504000.0,159.64,False,Box9,1,42504000.0,42504000.0,0.47469399999755524,False,heuristic,Box9,1,42504000.0,42504000.0,10.660278000003132,True,optimal
51,8,Box6,1,24752000.0,24752000.0,199.2,False,Box9,1,42504000.0,42504000.0,2.5570180000045184,False,heuristic,Box6,1,24752000.0,24752000.0,35.689483999995275,True,optimal
52,9,Box9,1,42504000.0,42504000.0,174.03,False,Box9,1,42504000.0,42504000.0,2.0472920000003114,False,heuristic,Box9,1,42504000.0,42504000.0,42.67243099999973,True,optimal
53,3,Box4,1,13260000.0,13260000.0,161.89,False,Box4,1,13260000.0,13260000.0,0.32061599999622103,False,heuristic,Box4,1,13260000.0,13260000.0,5.6510209999984795,True,optimal
54,3,Box5,1,20774000.0,20774000.0,175.05,False,Box5,1,20774000.0,20774000.0,0.6566409999990697,False,heuristic,Box5,1,20774000.0,20774000.0,10.66284400000228,True,optimal
55,5,Box4,1,13260000.0,13260000.0,178.67,False,Box4,1,13260000.0,13260000.0,0.5346109999990745,False,heuristic,Box4,1,13260000.0,13260000.0,13.04951500000584,True,optimal
56,6,Box2,1,5278500.0,5278500.0,159.78,False,Box2,1,5278500.0,5278500.0,0.6177010000030236,False,heuristic,Box2,1,5278500.0,5278500.0,17.904964999999606,True,optimal
57,7,Box4,1,13260000.0,13260000.0,165.86,False,Box4,1,13260000.0,13260000.0,1.2483849999966878,False,heuristic,Box4,1,13260000.0,13260000.0,28.971425000001716,True,optimal
58,18,Box9,1,42504000.0,42504000.0,198.09,False,Box9,1,42504000.0,42504000.0,7.3967010000046685,False,heuristic,Box9,1,42504000.0,42504000.0,161.51645899999778,True,optimal
59,4,Box2,1,5278500.0,5278500.0,207.68,False,Box2,1,5278500.0,5278500.0,0.4211979999979576,False,heuristic,Box2,1,5278500.0,5278500.0,8.072865999999124,True,optimal
60,9,Box8,1,14616000.0,14616000.0,179.68,False,Box8,1,14616000.0,14616000.0,7.061446999998111,False,heuristic,Box8,1,14616000.0,14616000.0,47.69518300000186,True,optimal
61,4,Box2,1,5278500.0,5278500.0,166.27,False,Box2,1,5278500.0,5278500.0,0.3636230000054752,False,heuristic,Box2,1,5278500.0,5278500.0,9.124106000001575,True,optimal
62,5,Box5,1,20774000.0,20774000.0,282.52,False,Box5,1,20774000.0,20774000.0,0.4854530000031332,False,heuristic,Box5,1,20774000.0,20774000.0,14.080718999998965,True,optimal
63,5,Box4,1,13260000.0,13260000.0,159.62,False,Box4,1,13260000.0,13260000.0,1.7303709999936245,False,heuristic,Box4,1,13260000.0,13260000.0,22.98623200000094,True,optimal
64,5,Box4,1,13260000.0,13260000.0,162.01,False,Box4,1,13260000.0,13260000.0,0.6463219999943703,False,heuristic,Box4,1,13260000.0,13260000.0,14.80586299999942,True,optimal
65,4,Box4,1,13260000.0,13260000.0,171.91,False,Box4,1,13260000.0,13260000.0,1.2159970000027442,False,heuristic,Box4,1,13260000.0,13260000.0,15.412533999999312,True,optimal
66,5,Box5,1,20774000.0,20774000.0,177.35,False,Box5,1,20774000.0,20774000.0,1.2856119999966609,False,heuristic,Box5,1,20774000.0,20774000.0,30.408217999998044,True,optimal
67,6,Box8,1,14616000.0,14616000.0,180.42,False,Box8,1,14616000.0,14616000.0,0.8410329999932742,False,heuristic,Box8,1,14616000.0,14616000.0,20.644330999999738,True,optimal
68,8,Box6,1,24752000.0,24752000.0,343.47,False,Box9,1,42504000.0,42504000.0,2.7874920000030556,False,heuristic,Box6,1,24752000.0,24752000.0,35.50455300000266,True,optimal
69,8,Box9,1,42504000.0,42504000.0,169.19,False,Box9,1,42504000.0,42504000.0,1.5518000000014354,False,heuristic,Box9,1,42504000.0,42504000.0,35.5440130000062,True,optimal
70,17,Box9,1,42504000.0,42504000.0,388.57,True,"Box6,Box9",2,67256000.0,42504000.0,3.893331000000444,False,heuristic,"Box5,Box6",2,45526000.0,24752000.0,419.75483399999547,True,optimal
71,6,Box2,1,5278500.0,5278500.0,160.99,False,Box4,1,13260000.0,13260000.0,3.4146819999989475,False,heuristic,Box2,1,5278500.0,5278500.0,22.7341679999995,True,optimal
72,3,Box4,1,13260000.0,13260000.0,233.95,False,Box4,1,13260000.0,13260000.0,0.2747129999960407,False,heuristic,Box4,1,13260000.0,13260000.0,4.465684000003023,True,optimal
73,4,Box2,1,5278500.0,5278500.0,207.3,False,Box2,1,5278500.0,5278500.0,0.3461359999974434,False,heuristic,Box2,1,5278500.0,5278500.0,9.643427000000315,True,optimal
74,8,"Box9,Box4",2,55764000.0,42504000.0,433.61,True,"Box9,Box6",2,67256000.0,42504000.0,0.9593099999989363,False,heuristic,"Box4,Box9",2,55764000.0,42504000.0,65.75018600000249,True,optimal
75,4,Box4,1,13260000.0,13260000.0,184.88,False,Box4,1,13260000.0,13260000.0,0.40180999999961386,False,heuristic,Box4,1,13260000.0,13260000.0,8.970061000006524,True,optimal
76,8,Box5,1,20774000.0,20774000.0,359.59,False,Box5,1,20774000.0,20774000.0,1.2419379999997204,False,heuristic,Box5,1,20774000.0,20774000.0,32.42408200000568,True,optimal
77,10,Box5,1,20774000.0,20774000.0,175.62,False,Box5,1,20774000.0,20774000.0,2.382607000001258,False,heuristic,Box5,1,20774000.0,20774000.0,51.244595000000004,True,optimal
78,5,Box6,1,24752000.0,24752000.0,175.6,False,Box6,1,24752000.0,24752000.0,1.8773230000022068,False,heuristic,Box6,1,24752000.0,24752000.0,22.14204300000233,True,optimal
79,6,Box5,1,20774000.0,20774000.0,187.2,False,Box9,1,42504000.0,42504000.0,1.7446559999996225,False,heuristic,Box5,1,20774000.0,20774000.0,17.919641999995406,True,optimal
80,8,Box4,1,13260000.0,13260000.0,175.07,False,Box4,1,13260000.0,13260000.0,1.2107300000039345,False,heuristic,Box4,1,13260000.0,13260000.0,34.70027899999906,True,optimal
81,4,Box5,1,20774000.0,20774000.0,177.87,False,Box5,1,20774000.0,20774000.0,0.3407450000025847,False,heuristic,Box5,1,20774000.0,20774000.0,10.260858999998845,True,optimal
82,7,Box8,1,14616000.0,14616000.0,161.89,False,Box8,1,14616000.0,14616000.0,5.375291999996534,False,heuristic,Box8,1,14616000.0,14616000.0,30.34878799999774,True,optimal
83,2,Box2,1,5278500.0,5278500.0,168.76,False,Box2,1,5278500.0,5278500.0,0.2381350000035809,False,heuristic,Box2,1,5278500.0,5278500.0,3.7467030000044588,True,optimal
84,10,Box9,1,42504000.0,42504000.0,321.83,True,"Box6,Box6",2,49504000.0,24752000.0,1.227190000001599,False,heuristic,"Box6,Box6",2,49504000.0,24752000.0,204.05818300000078,True,optimal
85,6,Box5,1,20774000.0,20774000.0,166.1,False,Box5,1,20774000.0,20774000.0,0.6565649999998868,False,heuristic,Box5,1,20774000.0,20774000.0,20.255532000000187,True,optimal
86,8,Box8,1,14616000.0,14616000.0,182.32,False,Box8,1,14616000.0,14616000.0,1.1613369999992074,False,heuristic,Box8,1,14616000.0,14616000.0,34.02496900000074,True,optimal
87,2,Box8,1,14616000.0,14616000.0,166.88,False,Box8,1,14616000.0,14616000.0,0.14717500000216432,False,heuristic,Box8,1,14616000.0,14616000.0,2.849888000000078,True,optimal
88,4,Box2,1,5278500.0,5278500.0,693.2,False,Box2,1,5278500.0,5278500.0,0.43606299999510156,False,heuristic,Box2,1,5278500.0,5278500.0,8.956664999999475,True,optimal
89,10,Box9,1,42504000.0,42504000.0,328.85,True,"Box6,Box9",2,67256000.0,42504000.0,1.8490900000003307,False,heuristic,"Box5,Box6",2,45526000.0,24752000.0,113.66102999999583,True,optimal
90,9,Box4,1,13260000.0,13260000.0,164.24,False,Box4,1,13260000.0,13260000.0,1.9053959999979497,False,heuristic,Box4,1,13260000.0,13260000.0,40.314838000000464,True,optimal
91,4,Box2,1,5278500.0,5278500.0,198.95,False,Box2,1,5278500.0,5278500.0,0.6168410000029212,False,heuristic,Box2,1,5278500.0,5278500.0,10.76292600000528,True,optimal
92,5,Box6,1,24752000.0,24752000.0,180.95,False,Box6,1,24752000.0,24752000.0,1.645361000001344,False,heuristic,Box6,1,24752000.0,24752000.0,25.39553399999761,True,optimal
93,7,Box9,1,42504000.0,42504000.0,177.68,False,Box9,1,42504000.0,42504000.0,1.0250530000064373,False,heuristic,Box9,1,42504000.0,42504000.0,21.96140499999899,True,optimal
94,10,"Box9,Box5",2,63278000.0,42504000.0,385.24,True,"Box9,Box9",2,85008000.0,42504000.0,0.7539169999972728,False,heuristic,"Box9,Box9",2,85008000.0,42504000.0,47.586849000005316,False,time_limit
95,7,Box5,1,20774000.0,20774000.0,156.26,False,Box5,1,20774000.0,20774000.0,1.1712860000017145,False,heuristic,Box5,1,20774000.0,20774000.0,23.1841579999994,True,optimal
96,15,Box8,1,14616000.0,14616000.0,219.81,False,Box8,1,14616000.0,14616000.0,5.163977000002262,False,heuristic,Box8,1,14616000.0,14616000.0,108.9237979999993,True,optimal
97,3,Box4,1,13260000.0,13260000.0,155.63,False,Box4,1,13260000.0,13260000.0,0.9076039999982299,False,heuristic,Box4,1,13260000.0,13260000.0,9.85765700000485,True,optimal
98,4,Box4,1,13260000.0,13260000.0,182.47,False,Box4,1,13260000.0,13260000.0,1.500960999997858,False,heuristic,Box4,1,13260000.0,13260000.0,16.337219999996933,True,optimal
99,8,Box8,1,14616000.0,14616000.0,163.98,False,Box8,1,14616000.0,14616000.0,1.2201970000020879,False,heuristic,Box8,1,14616000.0,14616000.0,28.70866800000016,True,optimal
100,8,Box9,1,42504000.0,42504000.0,178.12,False,Box9,1,42504000.0,42504000.0,1.592322000000479,False,heuristic,Box9,1,42504000.0,42504000.0,34.91762400000198,True,optimal
101,4,Box4,1,13260000.0,13260000.0,172.08,False,Box4,1,13260000.0,13260000.0,0.9461649999948918,False,heuristic,Box4,1,13260000.0,13260000.0,12.426634000000547,True,optimal
102,6,Box8,1,14616000.0,14616000.0,156.72,False,Box8,1,14616000.0,14616000.0,3.4267939999992336,False,heuristic,Box8,1,14616000.0,14616000.0,22.996274000000483,True,optimal
103,6,Box4,1,13260000.0,13260000.0,163.4,False,Box4,1,13260000.0,13260000.0,0.8581909999989534,False,heuristic,Box4,1,13260000.0,13260000.0,19.276904000001593,True,optimal
104,5,Box5,1,20774000.0,20774000.0,174.33,False,Box5,1,20774000.0,20774000.0,0.3731159999986744,False,heuristic,Box5,1,20774000.0,20774000.0,10.945680999995488,True,optimal
105,8,Box4,1,13260000.0,13260000.0,173.25,False,Box4,1,13260000.0,13260000.0,0.9901869999993096,False,heuristic,Box4,1,13260000.0,13260000.0,33.3505520000017,True,optimal
106,12,Box4,1,13260000.0,13260000.0,177.39,False,Box4,1,13260000.0,13260000.0,4.0934770000049525,False,heuristic,Box4,1,13260000.0,13260000.0,70.03981800000503,True,optimal
107,4,Box6,1,24752000.0,24752000.0,168.2,False,Box6,1,24752000.0,24752000.0,1.2673250000005964,False,heuristic,Box6,1,24752000.0,24752000.0,16.818458000003034,True,optimal
108,1,Box2,1,5278500.0,5278500.0,153.62,False,Box2,1,5278500.0,5278500.0,0.15856600000319077,False,heuristic,Box2,1,5278500.0,5278500.0,1.106397999997455,True,optimal
109,9,Box4,1,13260000.0,13260000.0,159.91,False,Box4,1,13260000.0,13260000.0,1.7046210000017936,False,heuristic,Box4,1,13260000.0,13260000.0,44.42061499999994,True,optimal
110,5,Box4,1,13260000.0,13260000.0,173.58,False,Box4,1,13260000.0,13260000.0,1.7972029999953065,False,heuristic,Box4,1,13260000.0,13260000.0,27.147878999997488,True,optimal
111,5,Box8,1,14616000.0,14616000.0,234.14,False,Box8,1,14616000.0,14616000.0,0.8008840000002238,False,heuristic,Box8,1,14616000.0,14616000.0,15.504516000000024,True,optimal
112,7,Box8,1,14616000.0,14616000.0,164.86,False,Box5,1,20774000.0,20774000.0,3.609985000004201,False,heuristic,Box8,1,14616000.0,14616000.0,30.664510000001144,True,optimal
113,9,Box5,1,20774000.0,20774000.0,179.23,False,Box5,1,20774000.0,20774000.0,1.7077760000034914,False,heuristic,Box5,1,20774000.0,20774000.0,41.868303999997636,True,optimal
114,6,Box4,1,13260000.0,13260000.0,171.16,False,Box4,1,13260000.0,13260000.0,0.8155220000034547,False,heuristic,Box4,1,13260000.0,13260000.0,18.984189000001095,True,optimal
115,6,Box4,1,13260000.0,13260000.0,178.46,False,Box4,1,13260000.0,13260000.0,0.7779810000059229,False,heuristic,Box4,1,13260000.0,13260000.0,19.47881099999904,True,optimal
116,9,Box8,1,14616000.0,14616000.0,173.51,False,Box5,1,20774000.0,20774000.0,5.512535000001151,False,heuristic,Box8,1,14616000.0,14616000.0,48.51650700000221,True,optimal
117,4,Box5,1,20774000.0,20774000.0,221.05,False,Box6,1,24752000.0,24752000.0,1.0290789999984895,False,heuristic,Box5,1,20774000.0,20774000.0,13.915321999995456,True,optimal
118,5,Box4,1,13260000.0,13260000.0,158.51,False,Box4,1,13260000.0,13260000.0,1.7523090000040042,False,heuristic,Box4,1,13260000.0,13260000.0,23.3970710000051,True,optimal
119,10,Box4,1,13260000.0,13260000.0,170.39,False,Box4,1,13260000.0,13260000.0,2.661776000003613,False,heuristic,Box4,1,13260000.0,13260000.0,51.65793799999818,True,optimal
120,4,Box9,1,42504000.0,42504000.0,181.02,False,Box9,1,42504000.0,42504000.0,1.0168270000008306,False,heuristic,Box9,1,42504000.0,42504000.0,17.587382999998624,True,optimal
121,7,Box4,1,13260000.0,13260000.0,156.69,False,Box4,1,13260000.0,13260000.0,1.1131369999972662,False,heuristic,Box4,1,13260000.0,13260000.0,25.829440000002535,True,optimal
122,6,Box4,1,13260000.0,13260000.0,153.44,False,Box4,1,13260000.0,13260000.0,2.156753000001288,False,heuristic,Box4,1,13260000.0,13260000.0,30.309608999999682,True,optimal
123,5,Box8,1,14616000.0,14616000.0,162.69,False,Box5,1,20774000.0,20774000.0,1.5723129999969387,False,heuristic,Box8,1,14616000.0,14616000.0,16.10376500000399,True,optimal
124,8,Box8,1,14616000.0,14616000.0,175.43,False,Box8,1,14616000.0,14616000.0,1.3121279999950275,False,heuristic,Box8,1,14616000.0,14616000.0,32.577418999999,True,optimal
125,4,Box4,1,13260000.0,13260000.0,169.96,False,Box4,1,13260000.0,13260000.0,0.4108070000015118,False,heuristic,Box4,1,13260000.0,13260000.0,8.373863000002757,True,optimal
126,4,Box4,1,13260000.0,13260000.0,163.64,False,Box4,1,13260000.0,13260000.0,1.2984930000001782,False,heuristic,Box4,1,13260000.0,13260000.0,14.536771000003057,True,optimal
127,5,Box8,1,14616000.0,14616000.0,176.51,False,Box8,1,14616000.0,14616000.0,1.9096120000057226,False,heuristic,Box8,1,14616000.0,14616000.0,16.200955999998712,True,optimal
128,6,Box4,1,13260000.0,13260000.0,160.75,False,Box4,1,13260000.0,13260000.0,0.8138490000035858,False,heuristic,Box4,1,13260000.0,13260000.0,20.000164000002485,True,optimal
129,7,Box5,1,20774000.0,20774000.0,167.3,False,Box6,1,24752000.0,24752000.0,3.5151880000015012,False,heuristic,Box5,1,20774000.0,20774000.0,27.78866499999566,True,optimal
130,4,Box4,1,13260000.0,13260000.0,169.68,False,Box4,1,13260000.0,13260000.0,1.0907849999952646,False,heuristic,Box4,1,13260000.0,13260000.0,14.019064999999387,True,optimal
131,7,Box9,1,42504000.0,42504000.0,160.01,False,Box9,1,42504000.0,42504000.0,0.8034789999982195,False,heuristic,Box9,1,42504000.0,42504000.0,19.22505799999641,True,optimal
132,4,Box2,1,5278500.0,5278500.0,156.0,False,Box2,1,5278500.0,5278500.0,0.318223000000728,False,heuristic,Box2,1,5278500.0,5278500.0,6.300514999999507,True,optimal
133,5,Box4,1,13260000.0,13260000.0,167.0,False,Box4,1,13260000.0,13260000.0,1.7250080000010826,False,heuristic,Box4,1,13260000.0,13260000.0,39.99014899999764,True,optimal
134,4,Box8,1,14616000.0,14616000.0,205.83,False,Box8,1,14616000.0,14616000.0,1.3883300000046006,False,heuristic,Box8,1,14616000.0,14616000.0,11.28528499999959,True,optimal
135,3,Box4,1,13260000.0,13260000.0,171.79,False,Box4,1,13260000.0,13260000.0,0.2548850000039238,False,heuristic,Box4,1,13260000.0,13260000.0,5.189381999997522,True,optimal
136,6,Box8,1,14616000.0,14616000.0,158.72,False,Box8,1,14616000.0,14616000.0,0.5831379999960973,False,heuristic,Box8,1,14616000.0,14616000.0,19.07191199999403,True,optimal
137,5,Box5,1,20774000.0,20774000.0,182.88,False,Box5,1,20774000.0,20774000.0,0.49669700000265493,False,heuristic,Box5,1,20774000.0,20774000.0,13.634698000004164,True,optimal
138,10,Box6,1,24752000.0,24752000.0,179.02,False,Box9,1,42504000.0,42504000.0,4.438561000000618,False,heuristic,Box6,1,24752000.0,24752000.0,50.83734699999809,True,optimal
139,8,Box8,1,14616000.0,14616000.0,319.59,False,Box8,1,14616000.0,14616000.0,1.1966229999984535,False,heuristic,Box8,1,14616000.0,14616000.0,32.508401000001186,True,optimal
140,7,Box6,1,24752000.0,24752000.0,187.41,False,Box6,1,24752000.0,24752000.0,1.1716459999959739,False,heuristic,Box6,1,24752000.0,24752000.0,25.28188799999498,True,optimal
141,5,Box5,1,20774000.0,20774000.0,182.71,False,Box5,1,20774000.0,20774000.0,0.5621289999950818,False,heuristic,Box5,1,20774000.0,20774000.0,16.0058009999986,True,optimal
142,2,Box8,1,14616000.0,14616000.0,168.33,False,Box8,1,14616000.0,14616000.0,0.1077510000015991,False,heuristic,Box8,1,14616000.0,14616000.0,2.182973000003585,True,optimal
143,5,Box4,1,13260000.0,13260000.0,188.9,False,Box4,1,13260000.0,13260000.0,1.6333480000056966,False,heuristic,Box4,1,13260000.0,13260000.0,31.660057999999935,True,optimal
144,6,Box4,1,13260000.0,13260000.0,158.68,False,Box4,1,13260000.0,13260000.0,3.1819860000013023,False,heuristic,Box4,1,13260000.0,13260000.0,33.47436299999629,True,optimal
145,5,Box2,1,5278500.0,5278500.0,165.76,False,Box2,1,5278500.0,5278500.0,0.516163000000347,False,heuristic,Box2,1,5278500.0,5278500.0,11.372938000000943,True,optimal
146,6,Box5,1,20774000.0,20774000.0,161.33,False,Box5,1,20774000.0,20774000.0,0.7389490000022647,False,heuristic,Box5,1,20774000.0,20774000.0,20.12059900000196,True,optimal
147,6,Box5,1,20774000.0,20774000.0,166.82,False,Box6,1,24752000.0,24752000.0,3.139557000004345,False,heuristic,Box5,1,20774000.0,20774000.0,26.117286999998157,True,optimal
148,6,Box2,1,5278500.0,5278500.0,157.0,False,Box2,1,5278500.0,5278500.0,0.6784159999995154,False,heuristic,Box2,1,5278500.0,5278500.0,20.471192999998777,True,optimal
149,9,Box8,1,14616000.0,14616000.0,173.77,False,Box8,1,14616000.0,14616000.0,2.653569999999661,False,heuristic,Box8,1,14616000.0,14616000.0,48.04751199999657,True,optimal
150,11,Box5,1,20774000.0,20774000.0,310.38,False,Box5,1,20774000.0,20774000.0,3.4827879999994593,False,heuristic,Box5,1,20774000.0,20774000.0,65.6553219999978,True,optimal
151,9,Box9,1,42504000.0,42504000.0,348.02,True,"Box6,Box6",2,49504000.0,24752000.0,1.0893830000000548,False,heuristic,"Box6,Box6",2,49504000.0,24752000.0,138.27549499999492,True,optimal
152,4,Box2,1,5278500.0,5278500.0,180.45,False,Box2,1,5278500.0,5278500.0,0.4216100000036249,False,heuristic,Box2,1,5278500.0,5278500.0,8.550231000000963,True,optimal
153,4,Box6,1,24752000.0,24752000.0,171.85,False,Box6,1,24752000.0,24752000.0,1.2744790000027706,False,heuristic,Box6,1,24752000.0,24752000.0,16.990122999999357,True,optimal
154,8,Box2,1,5278500.0,5278500.0,170.2,False,Box2,1,5278500.0,5278500.0,1.2174049999984504,False,heuristic,Box2,1,5278500.0,5278500.0,28.46127299999779,True,optimal
155,5,Box6,1,24752000.0,24752000.0,168.72,False,Box6,1,24752000.0,24752000.0,1.8753860000018108,False,heuristic,Box6,1,24752000.0,24752000.0,26.902075999998942,True,optimal
156,6,Box8,1,14616000.0,14616000.0,160.6,False,Box8,1,14616000.0,14616000.0,2.5242480000002843,False,heuristic,Box8,1,14616000.0,14616000.0,42.24378600000023,True,optimal
157,6,Box4,1,13260000.0,13260000.0,184.81,False,Box4,1,13260000.0,13260000.0,2.21674600000199,False,heuristic,Box4,1,13260000.0,13260000.0,31.029187000001457,True,optimal
158,6,Box2,1,5278500.0,5278500.0,178.73,False,Box2,1,5278500.0,5278500.0,0.5999460000012391,False,heuristic,Box2,1,5278500.0,5278500.0,17.00217700000195,True,optimal
159,8,Box6,1,24752000.0,24752000.0,184.51,False,Box6,1,24752000.0,24752000.0,1.218928000000119,False,heuristic,Box6,1,24752000.0,24752000.0,33.56176199999794,True,optimal
160,10,Box4,1,13260000.0,13260000.0,182.51,False,Box8,1,14616000.0,14616000.0,7.784295999996971,False,heuristic,Box4,1,13260000.0,13260000.0,61.211888000002546,True,optimal
161,9,Box9,1,42504000.0,42504000.0,250.61,False,Box9,1,42504000.0,42504000.0,3.119693999998674,False,heuristic,Box9,1,42504000.0,42504000.0,41.26525699999917,True,optimal
162,10,Box4,1,13260000.0,13260000.0,174.88,False,Box4,1,13260000.0,13260000.0,2.292066000002535,False,heuristic,Box4,1,13260000.0,13260000.0,47.87224700000081,True,optimal
163,13,Box5,1,20774000.0,20774000.0,352.71,False,Box5,1,20774000.0,20774000.0,3.857934000002672,False,heuristic,Box5,1,20774000.0,20774000.0,83.86825800000253,True,optimal
164,4,Box6,1,24752000.0,24752000.0,187.42,False,Box6,1,24752000.0,24752000.0,0.24570899999787343,False,heuristic,Box6,1,24752000.0,24752000.0,7.4295690000028,True,optimal
165,6,Box9,1,42504000.0,42504000.0,185.74,False,Box9,1,42504000.0,42504000.0,2.362445999999352,False,heuristic,Box9,1,42504000.0,42504000.0,50.75515899999772,True,optimal
166,10,Box5,1,20774000.0,20774000.0,185.55,False,Box5,1,20774000.0,20774000.0,0.8320479999994745,False,heuristic,Box5,1,20774000.0,20774000.0,35.50004300000609,True,optimal
167,5,Box2,1,5278500.0,5278500.0,181.84,False,Box2,1,5278500.0,5278500.0,0.6588620000016476,False,heuristic,Box2,1,5278500.0,5278500.0,14.142972000001919,True,optimal
168,6,Box5,1,20774000.0,20774000.0,175.96,False,Box5,1,20774000.0,20774000.0,0.5435630000008018,False,heuristic,Box5,1,20774000.0,20774000.0,20.245217000002924,True,optimal
169,5,Box2,1,5278500.0,5278500.0,188.9,False,Box2,1,5278500.0,5278500.0,1.807339999999158,False,heuristic,Box2,1,5278500.0,5278500.0,12.881719000006342,True,optimal
170,10,Box4,1,13260000.0,13260000.0,184.48,False,Box4,1,13260000.0,13260000.0,1.4063309999983176,False,heuristic,Box4,1,13260000.0,13260000.0,40.91026000000397,True,optimal
171,1,Box2,1,5278500.0,5278500.0,178.18,False,Box2,1,5278500.0,5278500.0,0.15638100000359145,False,heuristic,Box2,1,5278500.0,5278500.0,1.0941390000027695,True,optimal
172,6,Box8,1,14616000.0,14616000.0,168.31,False,Box8,1,14616000.0,14616000.0,2.3482169999979874,False,heuristic,Box8,1,14616000.0,14616000.0,41.661476000001585,True,optimal
173,6,Box4,1,13260000.0,13260000.0,171.71,False,Box4,1,13260000.0,13260000.0,0.816216000004033,False,heuristic,Box4,1,13260000.0,13260000.0,22.64872399999973,True,optimal
174,4,Box2,1,5278500.0,5278500.0,169.57,False,Box2,1,5278500.0,5278500.0,0.377030999999306,False,heuristic,Box2,1,5278500.0,5278500.0,7.686870999997097,True,optimal
175,4,Box4,1,13260000.0,13260000.0,180.05,False,Box4,1,13260000.0,13260000.0,1.681169000001148,False,heuristic,Box4,1,13260000.0,13260000.0,16.113296000000332,True,optimal
176,7,Box9,1,42504000.0,42504000.0,187.78,False,Box9,1,42504000.0,42504000.0,0.917667999999594,False,heuristic,Box9,1,42504000.0,42504000.0,22.271121999999366,True,optimal
177,13,Box6,1,24752000.0,24752000.0,370.72,False,Box6,1,24752000.0,24752000.0,3.0585129999991523,False,heuristic,Box6,1,24752000.0,24752000.0,86.8428230000049,True,optimal
178,9,Box8,1,14616000.0,14616000.0,196.41,False,Box5,1,20774000.0,20774000.0,5.216460999996286,False,heuristic,Box8,1,14616000.0,14616000.0,44.571122000000685,True,optimal
179,10,Box6,1,24752000.0,24752000.0,202.87,False,Box6,1,24752000.0,24752000.0,1.9413720000045487,False,heuristic,Box6,1,24752000.0,24752000.0,50.38193600000085,True,optimal
180,17,Box5,1,20774000.0,20774000.0,218.73,False,Box5,1,20774000.0,20774000.0,6.420880000000295,False,heuristic,Box5,1,20774000.0,20774000.0,140.27295200000367,True,optimal
181,4,Box4,1,13260000.0,13260000.0,186.9,False,Box8,1,14616000.0,14616000.0,1.2761820000051216,False,heuristic,Box4,1,13260000.0,13260000.0,7.829870000001904,True,optimal
182,4,Box8,1,14616000.0,14616000.0,207.33,False,Box5,1,20774000.0,20774000.0,1.2375290000008476,False,heuristic,Box8,1,14616000.0,14616000.0,16.60148699999553,True,optimal
183,3,Box2,1,5278500.0,5278500.0,185.99,False,Box2,1,5278500.0,5278500.0,0.31504800000448085,False,heuristic,Box2,1,5278500.0,5278500.0,5.681359999996971,True,optimal
184,7,Box8,1,14616000.0,14616000.0,185.73,False,Box8,1,14616000.0,14616000.0,0.7040039999992587,False,heuristic,Box8,1,14616000.0,14616000.0,22.705896000005055,True,optimal
185,3,Box2,1,5278500.0,5278500.0,228.2,False,Box2,1,5278500.0,5278500.0,0.20236799999651112,False,heuristic,Box2,1,5278500.0,5278500.0,4.4391529999998625,True,optimal
186,5,Box5,1,20774000.0,20774000.0,669.08,False,Box5,1,20774000.0,20774000.0,1.8219990000005737,False,heuristic,Box8,1,14616000.0,14616000.0,17.67250500000017,True,optimal
187,5,Box4,1,13260000.0,13260000.0,201.63,False,Box4,1,13260000.0,13260000.0,1.516769999994949,False,heuristic,Box4,1,13260000.0,13260000.0,21.331833000004963,True,optimal
188,6,Box4,1,13260000.0,13260000.0,190.71,False,Box4,1,13260000.0,13260000.0,0.772502000003783,False,heuristic,Box4,1,13260000.0,13260000.0,21.277269999998794,True,optimal
189,4,Box2,1,5278500.0,5278500.0,276.24,False,Box2,1,5278500.0,5278500.0,0.44114300000330786,False,heuristic,Box2,1,5278500.0,5278500.0,9.900974000004226,True,optimal
190,7,Box6,1,24752000.0,24752000.0,250.23,False,Box9,1,42504000.0,42504000.0,1.9082310000015923,False,heuristic,Box6,1,24752000.0,24752000.0,27.661612999999363,True,optimal
191,9,Box4,1,13260000.0,13260000.0,274.76,False,Box4,1,13260000.0,13260000.0,1.6302819999935991,False,heuristic,Box4,1,13260000.0,13260000.0,44.41988199999969,True,optimal
192,5,Box8,1,14616000.0,14616000.0,263.53,False,Box8,1,14616000.0,14616000.0,0.6327810000001932,False,heuristic,Box8,1,14616000.0,14616000.0,16.555741000004787,True,optimal
193,7,Box5,1,20774000.0,20774000.0,258.86,False,Box5,1,20774000.0,20774000.0,0.6628969999979972,False,heuristic,Box5,1,20774000.0,20774000.0,20.36120100000005,True,optimal
194,8,Box8,1,14616000.0,14616000.0,231.2,False,Box8,1,14616000.0,14616000.0,1.3815670000028035,False,heuristic,Box8,1,14616000.0,14616000.0,31.265686999994102,True,optimal
195,11,Box6,1,24752000.0,24752000.0,368.63,False,Box6,1,24752000.0,24752000.0,1.0037730000007627,False,heuristic,Box6,1,24752000.0,24752000.0,43.13097699999702,True,optimal
196,7,Box4,1,13260000.0,13260000.0,228.68,False,Box4,1,13260000.0,13260000.0,0.9572259999970356,False,heuristic,Box4,1,13260000.0,13260000.0,26.093778000003454,True,optimal
197,8,Box4,1,13260000.0,13260000.0,193.55,False,Box8,1,14616000.0,14616000.0,4.213702999997793,False,heuristic,Box4,1,13260000.0,13260000.0,40.32250700000617,True,optimal
198,11,Box6,1,24752000.0,24752000.0,191.63,False,Box6,1,24752000.0,24752000.0,2.0186260000016887,False,heuristic,Box6,1,24752000.0,24752000.0,57.61062399999872,True,optimal
199,4,Box2,1,5278500.0,5278500.0,180.87,False,Box2,1,5278500.0,5278500.0,0.3848879999992505,False,heuristic,Box2,1,5278500.0,5278500.0,7.8205220000029385,True,optimal
200,13,Box4,1,13260000.0,13260000.0,189.16,False,Box4,1,13260000.0,13260000.0,2.868962999997393,False,heuristic,Box4,1,13260000.0,13260000.0,75.62199099999845,True,optimal
201,3,Box2,1,5278500.0,5278500.0,183.1,False,Box2,1,5278500.0,5278500.0,0.26331800000178873,False,heuristic,Box2,1,5278500.0,5278500.0,4.941902999995307,True,optimal
202,6,Box2,1,5278500.0,5278500.0,193.33,False,Box2,1,5278500.0,5278500.0,0.36905799999686906,False,heuristic,Box2,1,5278500.0,5278500.0,11.407538999996802,True,optimal
203,3,Box2,1,5278500.0,5278500.0,204.6,False,Box2,1,5278500.0,5278500.0,0.19715999999903033,False,heuristic,Box2,1,5278500.0,5278500.0,3.494312000000832,True,optimal
204,6,Box4,1,13260000.0,13260000.0,192.45,False,Box4,1,13260000.0,13260000.0,0.5122340000056624,False,heuristic,Box4,1,13260000.0,13260000.0,12.894156999998074,True,optimal
205,3,Box4,1,13260000.0,13260000.0,184.07,False,Box4,1,13260000.0,13260000.0,0.5692059999944377,False,heuristic,Box4,1,13260000.0,13260000.0,5.819707000000562,True,optimal
206,5,Box4,1,13260000.0,13260000.0,190.1,False,Box4,1,13260000.0,13260000.0,1.1036920000009331,False,heuristic,Box4,1,13260000.0,13260000.0,16.068097999998088,True,optimal
207,4,Box8,1,14616000.0,14616000.0,200.02,False,Box8,1,14616000.0,14616000.0,0.35484899999715935,False,heuristic,Box8,1,14616000.0,14616000.0,6.5672739999982355,True,optimal
208,4,Box8,1,14616000.0,14616000.0,199.29,False,Box8,1,14616000.0,14616000.0,0.8455289999957927,False,heuristic,Box8,1,14616000.0,14616000.0,6.6289230000009525,True,optimal
209,5,Box4,1,13260000.0,13260000.0,310.71,False,Box4,1,13260000.0,13260000.0,0.3610489999985589,False,heuristic,Box4,1,13260000.0,13260000.0,10.729427000001124,True,optimal
210,4,Box2,1,5278500.0,5278500.0,197.27,False,Box2,1,5278500.0,5278500.0,0.22785999999541673,False,heuristic,Box2,1,5278500.0,5278500.0,5.613527999997814,True,optimal
211,11,Box8,1,14616000.0,14616000.0,197.2,False,Box8,1,14616000.0,14616000.0,2.0617339999944306,False,heuristic,Box8,1,14616000.0,14616000.0,41.25460499999889,True,optimal
212,8,Box8,1,14616000.0,14616000.0,207.86,False,Box8,1,14616000.0,14616000.0,3.4126370000038264,False,heuristic,Box8,1,14616000.0,14616000.0,24.205184000003044,True,optimal
213,7,Box6,1,24752000.0,24752000.0,257.58,False,Box6,1,24752000.0,24752000.0,0.7068879999962974,False,heuristic,Box6,1,24752000.0,24752000.0,15.84456700000203,True,optimal
214,13,Box9,1,42504000.0,42504000.0,203.27,False,"Box9,Box8",2,57120000.0,42504000.0,2.112212000000113,False,heuristic,Box9,1,42504000.0,42504000.0,50.65393699999987,True,optimal
215,1,Box2,1,5278500.0,5278500.0,221.8,False,Box2,1,5278500.0,5278500.0,0.09753900000220028,False,heuristic,Box2,1,5278500.0,5278500.0,0.6445559999974648,True,optimal
216,3,Box4,1,13260000.0,13260000.0,213.35,False,Box4,1,13260000.0,13260000.0,0.5883199999985322,False,heuristic,Box4,1,13260000.0,13260000.0,5.548431999997661,True,optimal
217,4,Box2,1,5278500.0,5278500.0,210.8,False,Box4,1,13260000.0,13260000.0,0.9335909999990122,False,heuristic,Box2,1,5278500.0,5278500.0,8.109600000004491,True,optimal
218,5,Box2,1,5278500.0,5278500.0,231.21,False,Box2,1,5278500.0,5278500.0,1.2689560000040956,False,heuristic,Box2,1,5278500.0,5278500.0,9.044384999995714,True,optimal
219,5,Box5,1,20774000.0,20774000.0,209.13,False,Box5,1,20774000.0,20774000.0,0.3176839999952108,False,heuristic,Box5,1,20774000.0,20774000.0,9.789935000000582,True,optimal
220,5,Box8,1,14616000.0,14616000.0,218.06,False,Box8,1,14616000.0,14616000.0,0.4150239999987093,False,heuristic,Box8,1,14616000.0,14616000.0,9.983840000003852,True,optimal
221,11,Box8,1,14616000.0,14616000.0,182.84,False,Box6,1,24752000.0,24752000.0,3.0041190000034135,False,heuristic,Box8,1,14616000.0,14616000.0,41.13560600000454,True,optimal
222,6,Box8,1,14616000.0,14616000.0,170.29,False,Box8,1,14616000.0,14616000.0,0.495839999999248,False,heuristic,Box8,1,14616000.0,14616000.0,10.635755999999219,True,optimal
223,1,Box2,1,5278500.0,5278500.0,168.37,False,Box2,1,5278500.0,5278500.0,0.09827599999567838,False,heuristic,Box2,1,5278500.0,5278500.0,0.6583890000015913,True,optimal
224,10,Box9,1,42504000.0,42504000.0,184.48,False,Box9,1,42504000.0,42504000.0,1.040394000000333,False,heuristic,Box9,1,42504000.0,42504000.0,25.87415700000406,True,optimal
225,5,Box4,1,13260000.0,13260000.0,213.98,False,Box4,1,13260000.0,13260000.0,0.3391050000018936,False,heuristic,Box4,1,13260000.0,13260000.0,7.335474999997871,True,optimal
226,9,Box2,1,5278500.0,5278500.0,188.82,False,Box2,1,5278500.0,5278500.0,1.2819139999962204,False,heuristic,Box2,1,5278500.0,5278500.0,25.43423099999842,True,optimal
227,8,Box8,1,14616000.0,14616000.0,739.23,False,Box5,1,20774000.0,20774000.0,3.4828340000032654,False,heuristic,Box8,1,14616000.0,14616000.0,27.998936999999557,True,optimal
228,7,Box8,1,14616000.0,14616000.0,176.61,False,Box8,1,14616000.0,14616000.0,1.116983000002847,False,heuristic,Box8,1,14616000.0,14616000.0,17.979558000000395,True,optimal
229,5,Box8,1,14616000.0,14616000.0,174.24,False,Box8,1,14616000.0,14616000.0,1.2484770000043,False,heuristic,Box8,1,14616000.0,14616000.0,10.632810000004156,True,optimal
230,5,Box4,1,13260000.0,13260000.0,164.1,False,Box4,1,13260000.0,13260000.0,0.902132000000222,False,heuristic,Box4,1,13260000.0,13260000.0,14.413537999999448,True,optimal
231,5,Box4,1,13260000.0,13260000.0,204.37,False,Box4,1,13260000.0,13260000.0,0.30751300000275705,False,heuristic,Box4,1,13260000.0,13260000.0,9.020792000001165,True,optimal
232,7,Box6,1,24752000.0,24752000.0,178.84,False,Box9,1,42504000.0,42504000.0,1.5752249999962942,False,heuristic,Box6,1,24752000.0,24752000.0,16.37687299999868,True,optimal
233,6,Box2,1,5278500.0,5278500.0,173.86,False,Box2,1,5278500.0,5278500.0,0.35690100000351777,False,heuristic,Box2,1,5278500.0,5278500.0,10.742597000003684,True,optimal
234,4,Box4,1,13260000.0,13260000.0,169.71,False,Box4,1,13260000.0,13260000.0,0.6904530000042541,False,heuristic,Box4,1,13260000.0,13260000.0,9.497303000003399,True,optimal
235,6,Box4,1,13260000.0,13260000.0,159.97,False,Box4,1,13260000.0,13260000.0,0.5208179999982576,False,heuristic,Box4,1,13260000.0,13260000.0,12.679421999997942,True,optimal
236,6,Box4,1,13260000.0,13260000.0,165.45,False,Box4,1,13260000.0,13260000.0,1.6958380000033912,False,heuristic,Box4,1,13260000.0,13260000.0,20.621879000003673,True,optimal
237,6,Box6,1,24752000.0,24752000.0,171.13,False,Box9,1,42504000.0,42504000.0,1.3118209999944952,False,heuristic,Box5,1,20774000.0,20774000.0,11.95412299999532,True,optimal
238,10,Box5,1,20774000.0,20774000.0,184.86,False,Box5,1,20774000.0,20774000.0,0.6240820000016356,False,heuristic,Box5,1,20774000.0,20774000.0,23.304701000000705,True,optimal
239,19,Box9,1,42504000.0,42504000.0,199.17,False,Box9,1,42504000.0,42504000.0,5.221951999999419,False,heuristic,Box9,1,42504000.0,42504000.0,99.8404199999996,True,optimal
240,4,Box4,1,13260000.0,13260000.0,167.53,False,Box4,1,13260000.0,13260000.0,0.2548530000012761,False,heuristic,Box4,1,13260000.0,13260000.0,5.237706999999148,True,optimal
241,4,"Box9,Box5",2,63278000.0,42504000.0,230.44,False,"Box9,Box5",2,63278000.0,42504000.0,0.4139349999974229,False,heuristic,"Box5,Box9",2,63278000.0,42504000.0,70.52216799999655,True,optimal
242,2,Box2,1,5278500.0,5278500.0,206.7,False,Box2,1,5278500.0,5278500.0,0.11933200000413535,False,heuristic,Box2,1,5278500.0,5278500.0,2.0053750000030846,True,optimal
243,7,Box4,1,13260000.0,13260000.0,179.17,False,Box4,1,13260000.0,13260000.0,0.6230639999955656,False,heuristic,Box4,1,13260000.0,13260000.0,16.71372200000576,True,optimal
244,6,Box5,1,20774000.0,20774000.0,224.25,False,Box5,1,20774000.0,20774000.0,1.4216169999983208,False,heuristic,Box5,1,20774000.0,20774000.0,78.60777700000199,True,optimal
245,5,Box2,1,5278500.0,5278500.0,193.94,False,Box4,1,13260000.0,13260000.0,1.2868820000022652,False,heuristic,Box2,1,5278500.0,5278500.0,8.325433999999632,True,optimal
246,6,Box2,1,5278500.0,5278500.0,163.6,False,Box4,1,13260000.0,13260000.0,1.7141659999992953,False,heuristic,Box2,1,5278500.0,5278500.0,11.326105000001974,True,optimal
247,4,Box4,1,13260000.0,13260000.0,163.82,False,Box4,1,13260000.0,13260000.0,0.256403999998156,False,heuristic,Box4,1,13260000.0,13260000.0,6.609654999998327,True,optimal
248,14,Box9,1,42504000.0,42504000.0,188.9,False,Box9,1,42504000.0,42504000.0,3.2390920000011647,False,heuristic,Box9,1,42504000.0,42504000.0,57.15852699999857,True,optimal
249,11,Box9,1,42504000.0,42504000.0,173.34,False,Box9,1,42504000.0,42504000.0,0.6142629999956739,False,heuristic,Box9,1,42504000.0,42504000.0,27.55790699999494,True,optimal
250,12,Box5,1,20774000.0,20774000.0,178.05,False,Box9,1,42504000.0,42504000.0,3.7691039999998566,False,heuristic,Box5,1,20774000.0,20774000.0,46.071011000002215,True,optimal
251,9,Box5,1,20774000.0,20774000.0,172.5,False,Box6,1,24752000.0,24752000.0,2.818152999999768,False,heuristic,Box5,1,20774000.0,20774000.0,27.825632999999073,True,optimal
252,6,Box4,1,13260000.0,13260000.0,160.98,False,Box4,1,13260000.0,13260000.0,0.536771000000158,False,heuristic,Box4,1,13260000.0,13260000.0,12.336978000000443,True,optimal
253,4,Box8,1,14616000.0,14616000.0,191.38,False,Box5,1,20774000.0,20774000.0,0.6991349999978524,False,heuristic,Box8,1,14616000.0,14616000.0,7.500923000002047,True,optimal
254,5,Box8,1,14616000.0,14616000.0,177.79,False,Box8,1,14616000.0,14616000.0,1.0279910000008385,False,heuristic,Box8,1,14616000.0,14616000.0,21.583633000005875,True,optimal
255,4,Box2,1,5278500.0,5278500.0,162.74,False,Box2,1,5278500.0,5278500.0,0.19858099999936485,False,heuristic,Box2,1,5278500.0,5278500.0,4.70917999999898,True,optimal
256,3,Box5,1,20774000.0,20774000.0,174.68,False,Box5,1,20774000.0,20774000.0,0.6303219999992393,False,heuristic,Box5,1,20774000.0,20774000.0,6.033829000003266,True,optimal
257,4,Box4,1,13260000.0,13260000.0,173.14,False,Box4,1,13260000.0,13260000.0,0.19515000000325244,False,heuristic,Box4,1,13260000.0,13260000.0,6.2053199999994035,True,optimal
258,4,Box2,1,5278500.0,5278500.0,180.84,False,Box2,1,5278500.0,5278500.0,0.21751599999930704,False,heuristic,Box2,1,5278500.0,5278500.0,6.058723999998961,True,optimal
259,5,Box6,1,24752000.0,24752000.0,195.12,False,Box6,1,24752000.0,24752000.0,1.0628510000003644,False,heuristic,Box6,1,24752000.0,24752000.0,13.834381999998868,True,optimal
260,8,Box9,1,42504000.0,42504000.0,383.14,True,"Box6,Box9",2,67256000.0,42504000.0,0.8969900000010966,False,heuristic,"Box5,Box6",2,45526000.0,24752000.0,51.57413400000621,True,optimal
261,6,Box2,1,5278500.0,5278500.0,176.06,False,Box2,1,5278500.0,5278500.0,0.3397689999999898,False,heuristic,Box2,1,5278500.0,5278500.0,11.196453000003714,True,optimal
262,5,Box2,1,5278500.0,5278500.0,186.36,False,Box2,1,5278500.0,5278500.0,0.37393899999926816,False,heuristic,Box2,1,5278500.0,5278500.0,8.549764999997933,True,optimal
263,5,Box8,1,14616000.0,14616000.0,170.01,False,Box8,1,14616000.0,14616000.0,0.22539300000090634,False,heuristic,Box8,1,14616000.0,14616000.0,7.637807000001828,True,optimal
264,6,Box9,1,42504000.0,42504000.0,311.35,False,Box9,1,42504000.0,42504000.0,0.9453329999971061,False,heuristic,Box6,1,24752000.0,24752000.0,13.35772399999513,True,optimal
265,7,Box5,1,20774000.0,20774000.0,204.09,False,Box5,1,20774000.0,20774000.0,0.4823080000022628,False,heuristic,Box5,1,20774000.0,20774000.0,15.221537999998702,True,optimal
266,8,Box2,1,5278500.0,5278500.0,190.45,False,Box2,1,5278500.0,5278500.0,0.7818709999938278,False,heuristic,Box2,1,5278500.0,5278500.0,19.014994999999146,True,optimal
267,13,Box9,1,42504000.0,42504000.0,168.58,False,Box9,1,42504000.0,42504000.0,2.1183090000036486,False,heuristic,Box9,1,42504000.0,42504000.0,45.3012529999981,True,optimal
268,11,Box9,1,42504000.0,42504000.0,168.41,False,Box9,1,42504000.0,42504000.0,1.718641000003629,False,heuristic,Box9,1,42504000.0,42504000.0,34.05805799999939,True,optimal
269,10,Box8,1,14616000.0,14616000.0,157.67,False,Box8,1,14616000.0,14616000.0,5.7175179999973125,False,heuristic,Box8,1,14616000.0,14616000.0,40.1918419999987,True,optimal
270,8,Box2,1,5278500.0,5278500.0,169.5,False,Box2,1,5278500.0,5278500.0,0.8153309999983094,False,heuristic,Box2,1,5278500.0,5278500.0,18.30973399999891,True,optimal
271,3,Box6,1,24752000.0,24752000.0,157.26,False,Box6,1,24752000.0,24752000.0,0.5246260000006941,False,heuristic,Box6,1,24752000.0,24752000.0,7.122002999999211,True,optimal
272,2,Box4,1,13260000.0,13260000.0,161.41,False,Box4,1,13260000.0,13260000.0,0.13478200000349716,False,heuristic,Box4,1,13260000.0,13260000.0,1.9532510000033199,True,optimal
273,4,Box9,1,42504000.0,42504000.0,175.48,False,Box9,1,42504000.0,42504000.0,0.6162620000011998,False,heuristic,Box9,1,42504000.0,42504000.0,12.376031999998816,True,optimal
274,7,Box2,1,5278500.0,5278500.0,170.27,False,Box2,1,5278500.0,5278500.0,0.584074999999018,False,heuristic,Box2,1,5278500.0,5278500.0,14.686369999999727,True,optimal
275,4,Box5,1,20774000.0,20774000.0,833.78,False,Box5,1,20774000.0,20774000.0,0.7585919999968382,False,heuristic,Box5,1,20774000.0,20774000.0,9.677445000001228,True,optimal
276,2,Box2,1,5278500.0,5278500.0,276.26,False,Box2,1,5278500.0,5278500.0,0.12898699999652763,False,heuristic,Box2,1,5278500.0,5278500.0,1.5592949999998496,True,optimal
277,7,Box6,1,24752000.0,24752000.0,164.3,False,Box6,1,24752000.0,24752000.0,0.3311030000006099,False,heuristic,Box6,1,24752000.0,24752000.0,13.617570999997497,True,optimal
278,3,Box9,1,42504000.0,42504000.0,162.75,False,Box9,1,42504000.0,42504000.0,0.22722799999996823,False,heuristic,Box9,1,42504000.0,42504000.0,4.7571439999956056,True,optimal
279,4,Box8,1,14616000.0,14616000.0,213.59,False,Box8,1,14616000.0,14616000.0,0.30763299999847504,False,heuristic,Box8,1,14616000.0,14616000.0,8.736814999998899,True,optimal
280,8,Box8,1,14616000.0,14616000.0,202.78,False,Box8,1,14616000.0,14616000.0,1.0509669999976268,False,heuristic,Box8,1,14616000.0,14616000.0,28.551657999997815,True,optimal
281,8,Box8,1,14616000.0,14616000.0,315.04,False,Box8,1,14616000.0,14616000.0,0.9418869999961998,False,heuristic,Box8,1,14616000.0,14616000.0,25.545826000005434,True,optimal
282,8,Box9,1,42504000.0,42504000.0,290.02,False,Box9,1,42504000.0,42504000.0,0.8486790000006295,False,heuristic,Box9,1,42504000.0,42504000.0,20.343695000001105,True,optimal
283,8,Box4,1,13260000.0,13260000.0,158.77,False,Box4,1,13260000.0,13260000.0,0.911750000000211,False,heuristic,Box4,1,13260000.0,13260000.0,25.765994999993325,True,optimal
284,7,Box6,1,24752000.0,24752000.0,162.37,False,Box9,1,42504000.0,42504000.0,1.9916079999973135,False,heuristic,Box6,1,24752000.0,24752000.0,30.107837999999276,True,optimal
285,8,Box8,1,14616000.0,14616000.0,177.96,False,Box8,1,14616000.0,14616000.0,0.7448480000036284,False,heuristic,Box8,1,14616000.0,14616000.0,21.452229000004763,True,optimal
286,7,Box8,1,14616000.0,14616000.0,157.73,False,Box8,1,14616000.0,14616000.0,3.7342010000003256,False,heuristic,Box8,1,14616000.0,14616000.0,24.70809500000115,True,optimal
287,7,Box8,1,14616000.0,14616000.0,174.12,False,Box8,1,14616000.0,14616000.0,2.9349770000024478,False,heuristic,Box8,1,14616000.0,14616000.0,21.73158199999392,True,optimal
288,3,Box4,1,13260000.0,13260000.0,171.18,False,Box4,1,13260000.0,13260000.0,0.583505000001594,False,heuristic,Box4,1,13260000.0,13260000.0,5.952829999998244,True,optimal
289,1,Box2,1,5278500.0,5278500.0,161.39,False,Box2,1,5278500.0,5278500.0,0.10161999999525051,False,heuristic,Box2,1,5278500.0,5278500.0,0.6099060000011036,True,optimal
290,8,Box4,1,13260000.0,13260000.0,172.84,False,Box4,1,13260000.0,13260000.0,0.8437580000020262,False,heuristic,Box4,1,13260000.0,13260000.0,25.131103999996185,True,optimal
291,5,Box4,1,13260000.0,13260000.0,199.0,False,Box4,1,13260000.0,13260000.0,0.5893709999966745,False,heuristic,Box4,1,13260000.0,13260000.0,11.54293899999459,True,optimal
292,8,Box4,1,13260000.0,13260000.0,173.38,False,Box5,1,20774000.0,20774000.0,3.2726810000056616,False,heuristic,Box4,1,13260000.0,13260000.0,30.318526000002066,True,optimal
293,3,Box5,1,20774000.0,20774000.0,174.79,False,Box6,1,24752000.0,24752000.0,0.5081030000013698,False,heuristic,Box5,1,20774000.0,20774000.0,6.17658600000226,True,optimal
294,4,Box4,1,13260000.0,13260000.0,167.88,False,Box4,1,13260000.0,13260000.0,0.8593119999957821,False,heuristic,Box4,1,13260000.0,13260000.0,12.807268999999621,True,optimal
295,7,Box4,1,13260000.0,13260000.0,171.42,False,Box4,1,13260000.0,13260000.0,0.5593529999998736,False,heuristic,Box4,1,13260000.0,13260000.0,19.847611999999515,True,optimal
296,4,Box4,1,13260000.0,13260000.0,187.13,False,Box4,1,13260000.0,13260000.0,0.9782399999949121,False,heuristic,Box4,1,13260000.0,13260000.0,11.371240000002558,True,optimal
297,7,Box4,1,13260000.0,13260000.0,179.67,False,Box4,1,13260000.0,13260000.0,0.6874850000002652,False,heuristic,Box4,1,13260000.0,13260000.0,18.299968000000888,True,optimal
298,5,Box4,1,13260000.0,13260000.0,194.76,False,Box4,1,13260000.0,13260000.0,1.5236610000002315,False,heuristic,Box4,1,13260000.0,13260000.0,17.511956999996414,True,optimal
299,6,Box4,1,13260000.0,13260000.0,150.92,False,Box4,1,13260000.0,13260000.0,1.4838900000029298,False,heuristic,Box4,1,13260000.0,13260000.0,19.955482000000302,True,optimal
300,7,Box8,1,14616000.0,14616000.0,173.51,False,Box8,1,14616000.0,14616000.0,2.2269749999992428,False,heuristic,Box8,1,14616000.0,14616000.0,18.07790100000517,True,optimal
301,10,Box5,1,20774000.0,20774000.0,183.51,False,Box5,1,20774000.0,20774000.0,1.5481760000000122,False,heuristic,Box5,1,20774000.0,20774000.0,42.86780099999987,True,optimal
302,10,Box8,1,14616000.0,14616000.0,195.76,False,Box8,1,14616000.0,14616000.0,7.205743000000098,False,heuristic,Box8,1,14616000.0,14616000.0,46.92894999999453,True,optimal
303,11,Box9,1,42504000.0,42504000.0,164.16,False,"Box9,Box8",2,57120000.0,42504000.0,1.933430999997654,False,heuristic,Box9,1,42504000.0,42504000.0,47.45504099999209,True,optimal
304,4,Box4,1,13260000.0,13260000.0,184.62,False,Box4,1,13260000.0,13260000.0,0.8551349999947888,False,heuristic,Box4,1,13260000.0,13260000.0,11.385052999997924,True,optimal
305,5,Box6,1,24752000.0,24752000.0,190.24,False,Box6,1,24752000.0,24752000.0,1.3101819999974396,False,heuristic,Box6,1,24752000.0,24752000.0,20.10717799998929,True,optimal
306,7,Box9,1,42504000.0,42504000.0,341.26,False,Box9,1,42504000.0,42504000.0,1.1861659999965468,False,heuristic,Box9,1,42504000.0,42504000.0,21.520318000000316,True,optimal
307,8,Box2,1,5278500.0,5278500.0,193.36,False,Box2,1,5278500.0,5278500.0,0.8787440000048719,False,heuristic,Box2,1,5278500.0,5278500.0,26.68449500001202,True,optimal
308,5,Box4,1,13260000.0,13260000.0,176.13,False,Box4,1,13260000.0,13260000.0,0.4097300000012183,False,heuristic,Box4,1,13260000.0,13260000.0,11.882889000006003,True,optimal
309,4,Box5,1,20774000.0,20774000.0,179.69,False,Box5,1,20774000.0,20774000.0,0.2426190000051065,False,heuristic,Box5,1,20774000.0,20774000.0,6.473197000005371,True,optimal
310,7,Box9,1,42504000.0,42504000.0,303.62,False,Box9,1,42504000.0,42504000.0,0.796984000004386,False,heuristic,Box9,1,42504000.0,42504000.0,19.900720999999066,True,optimal
311,6,Box2,1,5278500.0,5278500.0,179.85,False,Box2,1,5278500.0,5278500.0,0.5179859999913106,False,heuristic,Box2,1,5278500.0,5278500.0,13.438066999995613,True,optimal
312,8,Box9,1,42504000.0,42504000.0,197.65,False,Box9,1,42504000.0,42504000.0,1.9035689999924443,False,heuristic,Box9,1,42504000.0,42504000.0,37.852959000005626,True,optimal
313,9,Box8,1,14616000.0,14616000.0,184.15,False,Box8,1,14616000.0,14616000.0,0.9952009999949496,False,heuristic,Box8,1,14616000.0,14616000.0,34.274664999998095,True,optimal
314,8,Box6,1,24752000.0,24752000.0,178.2,False,Box9,1,42504000.0,42504000.0,2.41088999999306,False,heuristic,Box6,1,24752000.0,24752000.0,32.043242000000305,True,optimal
315,8,Box8,1,14616000.0,14616000.0,164.59,False,Box5,1,20774000.0,20774000.0,3.079034999998953,False,heuristic,Box8,1,14616000.0,14616000.0,31.687329999996905,True,optimal
316,6,Box8,1,14616000.0,14616000.0,204.12,False,Box8,1,14616000.0,14616000.0,2.8545890000089003,False,heuristic,Box8,1,14616000.0,14616000.0,19.89423499999532,True,optimal
317,10,Box5,1,20774000.0,20774000.0,283.3,False,Box6,1,24752000.0,24752000.0,4.574475999987726,False,heuristic,Box5,1,20774000.0,20774000.0,41.00021500001105,True,optimal
318,12,Box4,1,13260000.0,13260000.0,190.25,False,Box8,1,14616000.0,14616000.0,6.948355999995215,False,heuristic,Box4,1,13260000.0,13260000.0,63.95930700000463,True,optimal
319,11,Box6,1,24752000.0,24752000.0,183.46,False,Box6,1,24752000.0,24752000.0,1.9726540000135628,False,heuristic,Box6,1,24752000.0,24752000.0,48.39115700001173,True,optimal
320,17,"Box9,Box8",2,57120000.0,42504000.0,1011.15,True,"Box6,Box9",2,67256000.0,42504000.0,3.9037780000086286,False,heuristic,"Box5,Box6",2,45526000.0,24752000.0,364.2802160000116,True,optimal
321,15,"Box9,Box8",2,57120000.0,42504000.0,242.01,False,Box9,1,42504000.0,42504000.0,2.7162660000072947,False,heuristic,Box9,1,42504000.0,42504000.0,90.51372600001173,True,optimal
322,3,Box2,1,5278500.0,5278500.0,182.8,False,Box2,1,5278500.0,5278500.0,0.23278099999402002,False,heuristic,Box2,1,5278500.0,5278500.0,4.174624999990328,True,optimal
323,5,Box4,1,13260000.0,13260000.0,173.84,False,Box4,1,13260000.0,13260000.0,1.2899500000003172,False,heuristic,Box4,1,13260000.0,13260000.0,18.99547000000723,True,optimal
324,5,Box5,1,20774000.0,20774000.0,160.4,False,Box5,1,20774000.0,20774000.0,0.3887639999931025,False,heuristic,Box5,1,20774000.0,20774000.0,10.348874000001729,True,optimal
325,3,Box2,1,5278500.0,5278500.0,166.19,False,Box2,1,5278500.0,5278500.0,0.17378900000153408,False,heuristic,Box2,1,5278500.0,5278500.0,3.732537000004754,True,optimal
326,3,Box2,1,5278500.0,5278500.0,179.98,False,Box2,1,5278500.0,5278500.0,0.19752600000799703,False,heuristic,Box2,1,5278500.0,5278500.0,3.6666949999926146,True,optimal
327,4,Box4,1,13260000.0,13260000.0,195.68,False,Box4,1,13260000.0,13260000.0,1.0070209999923918,False,heuristic,Box4,1,13260000.0,13260000.0,12.444030000011708,True,optimal
328,5,Box4,1,13260000.0,13260000.0,187.45,False,Box4,1,13260000.0,13260000.0,0.5172600000094008,False,heuristic,Box4,1,13260000.0,13260000.0,9.946806999991509,True,optimal
329,7,Box6,1,24752000.0,24752000.0,198.31,False,Box6,1,24752000.0,24752000.0,0.9437059999868325,False,heuristic,Box6,1,24752000.0,24752000.0,21.3498160000114,True,optimal
330,5,Box4,1,13260000.0,13260000.0,161.18,False,Box4,1,13260000.0,13260000.0,0.45480099998940204,False,heuristic,Box4,1,13260000.0,13260000.0,11.43170199999588,True,optimal
331,6,Box6,1,24752000.0,24752000.0,162.35,False,Box6,1,24752000.0,24752000.0,2.176245999990556,False,heuristic,Box8,1,14616000.0,14616000.0,16.80033099999889,True,optimal
332,7,Box8,1,14616000.0,14616000.0,176.43,False,Box8,1,14616000.0,14616000.0,3.260670000003074,False,heuristic,Box8,1,14616000.0,14616000.0,24.021487000013053,True,optimal
333,8,Box6,1,24752000.0,24752000.0,188.12,False,Box9,1,42504000.0,42504000.0,2.1602040000061606,False,heuristic,Box6,1,24752000.0,24752000.0,38.23938600000076,True,optimal
334,10,Box5,1,20774000.0,20774000.0,189.08,False,Box5,1,20774000.0,20774000.0,1.2176969999870835,False,heuristic,Box5,1,20774000.0,20774000.0,38.47674800000789,True,optimal
335,24,Box5,1,20774000.0,20774000.0,212.36,False,Box5,1,20774000.0,20774000.0,10.945633000005728,False,heuristic,Box5,1,20774000.0,20774000.0,198.5040400000031,True,optimal
336,4,Box4,1,13260000.0,13260000.0,165.86,False,Box4,1,13260000.0,13260000.0,0.36302099999829807,False,heuristic,Box4,1,13260000.0,13260000.0,6.626166000003764,True,optimal
337,3,Box2,1,5278500.0,5278500.0,196.59,False,Box2,1,5278500.0,5278500.0,0.25060299999779545,False,heuristic,Box2,1,5278500.0,5278500.0,5.0629069999956755,True,optimal
338,4,Box4,1,13260000.0,13260000.0,187.5,False,Box4,1,13260000.0,13260000.0,0.3105169999884083,False,heuristic,Box4,1,13260000.0,13260000.0,7.043653000010863,True,optimal
339,3,Box9,1,42504000.0,42504000.0,185.31,False,Box9,1,42504000.0,42504000.0,0.21793099999456444,False,heuristic,Box9,1,42504000.0,42504000.0,5.305380999999443,True,optimal
340,9,Box2,1,5278500.0,5278500.0,174.44,False,Box2,1,5278500.0,5278500.0,0.9137290000040821,False,heuristic,Box2,1,5278500.0,5278500.0,31.368559000000573,True,optimal
341,6,Box5,1,20774000.0,20774000.0,181.63,False,Box5,1,20774000.0,20774000.0,0.49591399999826535,False,heuristic,Box5,1,20774000.0,20774000.0,14.583455999996886,True,optimal
342,4,Box4,1,13260000.0,13260000.0,186.59,False,Box4,1,13260000.0,13260000.0,0.9659159999984013,False,heuristic,Box2,1,5278500.0,5278500.0,6.75419200000249,True,optimal
343,4,Box5,1,20774000.0,20774000.0,193.24,False,Box5,1,20774000.0,20774000.0,0.24511200000176814,False,heuristic,Box5,1,20774000.0,20774000.0,7.463443999995434,True,optimal
344,5,Box5,1,20774000.0,20774000.0,177.91,False,Box5,1,20774000.0,20774000.0,0.39271100000348724,False,heuristic,Box5,1,20774000.0,20774000.0,11.922675000008098,True,optimal
345,8,Box4,1,13260000.0,13260000.0,172.85,False,Box4,1,13260000.0,13260000.0,1.0879299999970726,False,heuristic,Box4,1,13260000.0,13260000.0,27.001038999998173,True,optimal
346,5,Box4,1,13260000.0,13260000.0,194.33,False,Box4,1,13260000.0,13260000.0,0.3546270000072127,False,heuristic,Box4,1,13260000.0,13260000.0,9.269549999999072,True,optimal
347,8,Box8,1,14616000.0,14616000.0,202.6,False,Box8,1,14616000.0,14616000.0,1.247556999999233,False,heuristic,Box8,1,14616000.0,14616000.0,29.1762250000005,True,optimal
348,9,Box5,1,20774000.0,20774000.0,174.38,False,Box5,1,20774000.0,20774000.0,1.0988049999980376,False,heuristic,Box5,1,20774000.0,20774000.0,32.62869799999635,True,optimal
349,4,Box4,1,13260000.0,13260000.0,174.94,False,Box4,1,13260000.0,13260000.0,0.9647540000088384,False,heuristic,Box4,1,13260000.0,13260000.0,12.705715999999256,True,optimal
350,7,Box5,1,20774000.0,20774000.0,177.12,False,Box5,1,20774000.0,20774000.0,2.224197000003869,False,heuristic,Box8,1,14616000.0,14616000.0,21.73231800000508,True,optimal
351,8,Box9,1,42504000.0,42504000.0,216.03,False,Box9,1,42504000.0,42504000.0,0.8915049999984603,False,heuristic,Box9,1,42504000.0,42504000.0,25.982447999993497,True,optimal
352,6,Box4,1,13260000.0,13260000.0,163.96,False,Box4,1,13260000.0,13260000.0,1.9043509999931985,False,heuristic,Box4,1,13260000.0,13260000.0,22.94636399999206,True,optimal
353,8,Box6,1,24752000.0,24752000.0,169.25,False,Box6,1,24752000.0,24752000.0,1.148637000000008,False,heuristic,Box6,1,24752000.0,24752000.0,25.203672999992932,True,optimal
354,5,Box8,1,14616000.0,14616000.0,194.74,False,Box8,1,14616000.0,14616000.0,1.3416890000002013,False,heuristic,Box8,1,14616000.0,14616000.0,25.972852999998963,True,optimal
355,6,Box2,1,5278500.0,5278500.0,182.4,False,Box2,1,5278500.0,5278500.0,0.990028999993342,False,heuristic,Box2,1,5278500.0,5278500.0,15.008218999994938,True,optimal
356,2,Box8,1,14616000.0,14616000.0,183.75,False,Box8,1,14616000.0,14616000.0,0.4451089999975011,False,heuristic,Box8,1,14616000.0,14616000.0,2.9385280000013836,True,optimal
357,7,Box2,1,5278500.0,5278500.0,173.96,False,Box2,1,5278500.0,5278500.0,0.663320000001022,False,heuristic,Box2,1,5278500.0,5278500.0,17.606182999998055,True,optimal
358,5,Box4,1,13260000.0,13260000.0,180.32,False,Box4,1,13260000.0,13260000.0,0.36901800000066487,False,heuristic,Box4,1,13260000.0,13260000.0,12.406412000004252,True,optimal
359,6,Box2,1,5278500.0,5278500.0,154.17,False,Box2,1,5278500.0,5278500.0,0.5393470000001344,False,heuristic,Box2,1,5278500.0,5278500.0,16.066635000001384,True,optimal
360,7,Box5,1,20774000.0,20774000.0,164.28,False,Box5,1,20774000.0,20774000.0,0.6062299999882725,False,heuristic,Box5,1,20774000.0,20774000.0,21.9770769999883,True,optimal
361,7,Box9,1,42504000.0,42504000.0,180.64,False,Box9,1,42504000.0,42504000.0,0.780417000001421,False,heuristic,Box9,1,42504000.0,42504000.0,21.122826999999234,True,optimal
362,8,Box4,1,13260000.0,13260000.0,193.46,False,Box4,1,13260000.0,13260000.0,1.0919650000005277,False,heuristic,Box4,1,13260000.0,13260000.0,28.92595199999448,True,optimal
363,7,Box6,1,24752000.0,24752000.0,176.11,False,Box6,1,24752000.0,24752000.0,0.7606369999990648,False,heuristic,Box6,1,24752000.0,24752000.0,18.28793999999334,True,optimal
364,9,Box6,1,24752000.0,24752000.0,187.77,False,Box9,1,42504000.0,42504000.0,2.947358000000122,False,heuristic,Box6,1,24752000.0,24752000.0,43.97146499999849,True,optimal
365,4,Box2,1,5278500.0,5278500.0,207.22,False,Box2,1,5278500.0,5278500.0,0.3156810000035648,False,heuristic,Box2,1,5278500.0,5278500.0,6.058486000000585,True,optimal
366,5,Box4,1,13260000.0,13260000.0,202.2,False,Box4,1,13260000.0,13260000.0,0.45919199999389093,False,heuristic,Box4,1,13260000.0,13260000.0,12.974374999998872,True,optimal
367,6,Box8,1,14616000.0,14616000.0,165.15,False,Box5,1,20774000.0,20774000.0,1.9086579999907372,False,heuristic,Box8,1,14616000.0,14616000.0,37.46370400000387,True,optimal
368,7,Box8,1,14616000.0,14616000.0,730.55,False,Box5,1,20774000.0,20774000.0,2.3788870000061024,False,heuristic,Box8,1,14616000.0,14616000.0,23.352071000005026,True,optimal
369,4,Box4,1,13260000.0,13260000.0,194.74,False,Box4,1,13260000.0,13260000.0,1.1659470000040528,False,heuristic,Box4,1,13260000.0,13260000.0,13.931700000000546,True,optimal
370,8,Box9,1,42504000.0,42504000.0,174.49,False,Box9,1,42504000.0,42504000.0,0.7246380000083263,False,heuristic,Box9,1,42504000.0,42504000.0,18.89767599999459,True,optimal
371,6,Box4,1,13260000.0,13260000.0,168.04,False,Box4,1,13260000.0,13260000.0,2.504192999992938,False,heuristic,Box4,1,13260000.0,13260000.0,32.461370999996575,True,optimal
372,4,Box2,1,5278500.0,5278500.0,156.74,False,Box2,1,5278500.0,5278500.0,0.23627800000269872,False,heuristic,Box2,1,5278500.0,5278500.0,6.081579000010606,True,optimal
373,8,Box9,1,42504000.0,42504000.0,333.51,True,"Box6,Box9",2,67256000.0,42504000.0,0.9457520000069053,False,heuristic,"Box5,Box6",2,45526000.0,24752000.0,44.21012199999552,True,optimal
374,6,Box8,1,14616000.0,14616000.0,154.22,False,Box8,1,14616000.0,14616000.0,1.973284999991165,False,heuristic,Box8,1,14616000.0,14616000.0,35.56449199999179,True,optimal
375,4,Box2,1,5278500.0,5278500.0,188.6,False,Box2,1,5278500.0,5278500.0,0.3111590000060005,False,heuristic,Box2,1,5278500.0,5278500.0,8.194148000001178,True,optimal
376,9,Box5,1,20774000.0,20774000.0,314.53,False,Box5,1,20774000.0,20774000.0,1.3295420000076774,False,heuristic,Box5,1,20774000.0,20774000.0,34.68472699999836,True,optimal
377,10,Box6,1,24752000.0,24752000.0,175.58,False,Box6,1,24752000.0,24752000.0,1.2585850000021992,False,heuristic,Box6,1,24752000.0,24752000.0,38.96605600000669,True,optimal
378,11,Box5,1,20774000.0,20774000.0,206.69,False,Box5,1,20774000.0,20774000.0,1.8687959999965642,False,heuristic,Box5,1,20774000.0,20774000.0,45.37324700000056,True,optimal
379,4,Box2,1,5278500.0,5278500.0,188.31,False,Box2,1,5278500.0,5278500.0,0.31248199999822646,False,heuristic,Box2,1,5278500.0,5278500.0,6.672606000009296,True,optimal
380,4,Box4,1,13260000.0,13260000.0,175.48,False,Box4,1,13260000.0,13260000.0,0.33859400001290396,False,heuristic,Box4,1,13260000.0,13260000.0,6.88320600001191,True,optimal
381,2,Box2,1,5278500.0,5278500.0,172.59,False,Box2,1,5278500.0,5278500.0,0.13178499999355608,False,heuristic,Box2,1,5278500.0,5278500.0,2.365538000006495,True,optimal
382,5,"Box9,Box9,Box5",3,105782000.0,42504000.0,273.0,False,"Box9,Box6,Box5,Box5",4,108804000.0,42504000.0,0.9568130000019437,False,heuristic,"Box5,Box9,Box9",3,105782000.0,42504000.0,897.7552659999901,True,optimal
383,5,Box2,1,5278500.0,5278500.0,179.56,False,Box2,1,5278500.0,5278500.0,0.5137500000103046,False,heuristic,Box2,1,5278500.0,5278500.0,9.756621000008181,True,optimal
384,4,Box4,1,13260000.0,13260000.0,184.15,False,Box4,1,13260000.0,13260000.0,0.3133099999956812,False,heuristic,Box4,1,13260000.0,13260000.0,7.950515000004543,True,optimal
385,5,Box2,1,5278500.0,5278500.0,186.62,False,Box2,1,5278500.0,5278500.0,0.5202939999975342,False,heuristic,Box2,1,5278500.0,5278500.0,9.559883999997965,True,optimal
386,3,Box4,1,13260000.0,13260000.0,158.61,False,Box4,1,13260000.0,13260000.0,0.6713479999973515,False,heuristic,Box4,1,13260000.0,13260000.0,8.167346999996994,True,optimal
387,3,Box6,1,24752000.0,24752000.0,178.82,False,Box9,1,42504000.0,42504000.0,0.6086309999915329,False,heuristic,Box6,1,24752000.0,24752000.0,6.710017000003177,True,optimal
388,7,Box8,1,14616000.0,14616000.0,174.32,False,Box8,1,14616000.0,14616000.0,0.7672330000048078,False,heuristic,Box8,1,14616000.0,14616000.0,23.97447799999952,True,optimal
389,14,Box5,1,20774000.0,20774000.0,212.66,False,Box5,1,20774000.0,20774000.0,2.3686820000108355,False,heuristic,Box5,1,20774000.0,20774000.0,61.688071999995486,True,optimal
390,4,Box4,1,13260000.0,13260000.0,176.61,False,Box4,1,13260000.0,13260000.0,1.1964420000083464,False,heuristic,Box4,1,13260000.0,13260000.0,12.782781000012733,True,optimal
391,3,Box2,1,5278500.0,5278500.0,221.87,False,Box2,1,5278500.0,5278500.0,0.2721050000076275,False,heuristic,Box2,1,5278500.0,5278500.0,5.510546000010663,True,optimal
392,8,Box9,1,42504000.0,42504000.0,171.33,False,"Box9,Box8",2,57120000.0,42504000.0,0.6709680000085427,False,heuristic,Box9,1,42504000.0,42504000.0,20.881740999996623,True,optimal
393,11,Box4,1,13260000.0,13260000.0,164.6,False,Box8,1,14616000.0,14616000.0,7.165526999997951,False,heuristic,Box4,1,13260000.0,13260000.0,58.457083000007515,True,optimal
394,5,Box5,1,20774000.0,20774000.0,169.88,False,Box5,1,20774000.0,20774000.0,1.4022369999935336,False,heuristic,Box5,1,20774000.0,20774000.0,16.83209499999805,True,optimal
395,5,Box2,1,5278500.0,5278500.0,170.59,False,Box4,1,13260000.0,13260000.0,1.3776889999945752,False,heuristic,Box2,1,5278500.0,5278500.0,10.445031999992693,True,optimal
396,4,Box8,1,14616000.0,14616000.0,183.06,False,Box8,1,14616000.0,14616000.0,0.429247999989002,False,heuristic,Box8,1,14616000.0,14616000.0,10.074923999994212,True,optimal
397,5,Box4,1,13260000.0,13260000.0,170.26,False,Box4,1,13260000.0,13260000.0,1.2240690000027143,False,heuristic,Box4,1,13260000.0,13260000.0,17.782305000011434,True,optimal
398,5,Box8,1,14616000.0,14616000.0,169.94,False,Box8,1,14616000.0,14616000.0,1.3819569999924397,False,heuristic,Box8,1,14616000.0,14616000.0,11.62324600001341,True,optimal
399,7,Box6,1,24752000.0,24752000.0,170.57,False,Box6,1,24752000.0,24752000.0,0.8295119999957024,False,heuristic,Box6,1,24752000.0,24752000.0,20.600680999990573,True,optimal
400,5,Box8,1,14616000.0,14616000.0,180.24,False,Box8,1,14616000.0,14616000.0,1.8175450000086357,False,heuristic,Box8,1,14616000.0,14616000.0,13.216118000002552,True,optimal
401,7,Box8,1,14616000.0,14616000.0,157.75,False,Box8,1,14616000.0,14616000.0,3.23378299999888,False,heuristic,Box8,1,14616000.0,14616000.0,29.404536000001258,True,optimal
402,7,Box2,1,5278500.0,5278500.0,187.43,False,Box2,1,5278500.0,5278500.0,1.0421670000013705,False,heuristic,Box2,1,5278500.0,5278500.0,27.830643999998017,True,optimal
403,6,"Box9,Box5",2,63278000.0,42504000.0,225.08,False,"Box9,Box5",2,63278000.0,42504000.0,1.1272759999982895,False,heuristic,"Box5,Box9",2,63278000.0,42504000.0,204.0570240000008,True,optimal
404,7,Box8,1,14616000.0,14616000.0,160.65,False,Box8,1,14616000.0,14616000.0,1.1427160000039294,False,heuristic,Box8,1,14616000.0,14616000.0,26.768480000001205,True,optimal
405,12,Box9,1,42504000.0,42504000.0,306.39,False,Box9,1,42504000.0,42504000.0,3.6574239999964675,False,heuristic,Box9,1,42504000.0,42504000.0,75.41173399999934,True,optimal
406,9,Box9,1,42504000.0,42504000.0,180.07,False,Box9,1,42504000.0,42504000.0,1.1102940000000672,False,heuristic,Box9,1,42504000.0,42504000.0,35.86244299999919,True,optimal
407,20,Box9,1,42504000.0,42504000.0,198.3,False,Box9,1,42504000.0,42504000.0,12.02245500000032,False,heuristic,Box9,1,42504000.0,42504000.0,207.61274600000235,True,optimal
408,5,Box8,1,14616000.0,14616000.0,177.71,False,Box8,1,14616000.0,14616000.0,1.8584219999979723,False,heuristic,Box8,1,14616000.0,14616000.0,28.617555000003847,True,optimal
409,4,Box2,1,5278500.0,5278500.0,168.82,False,Box2,1,5278500.0,5278500.0,0.4194930000025465,False,heuristic,Box2,1,5278500.0,5278500.0,8.657939000002557,True,optimal
410,11,Box4,1,13260000.0,13260000.0,168.56,False,Box4,1,13260000.0,13260000.0,2.238272999996127,False,heuristic,Box4,1,13260000.0,13260000.0,60.43349599999459,True,optimal
411,4,Box4,1,13260000.0,13260000.0,180.47,False,Box4,1,13260000.0,13260000.0,0.4190539999981979,False,heuristic,Box4,1,13260000.0,13260000.0,8.792569999997113,True,optimal
412,7,Box5,1,20774000.0,20774000.0,177.64,False,Box5,1,20774000.0,20774000.0,1.1688640000002692,False,heuristic,Box5,1,20774000.0,20774000.0,27.871761000000106,True,optimal
413,4,Box4,1,13260000.0,13260000.0,198.45,False,Box4,1,13260000.0,13260000.0,0.3819440000043528,False,heuristic,Box4,1,13260000.0,13260000.0,8.569061999999406,True,optimal
414,3,Box2,1,5278500.0,5278500.0,733.72,False,Box2,1,5278500.0,5278500.0,0.2601869999949713,False,heuristic,Box2,1,5278500.0,5278500.0,5.487273999996489,True,optimal
415,4,Box5,1,20774000.0,20774000.0,273.76,False,Box5,1,20774000.0,20774000.0,1.2029980000036744,False,heuristic,Box5,1,20774000.0,20774000.0,13.456955999998854,True,optimal
416,4,Box4,1,13260000.0,13260000.0,187.48,False,Box5,1,20774000.0,20774000.0,1.4180399999972337,False,heuristic,Box4,1,13260000.0,13260000.0,7.83459000000164,True,optimal
417,4,Box4,1,13260000.0,13260000.0,192.82,False,Box4,1,13260000.0,13260000.0,0.4159269999988169,False,heuristic,Box4,1,13260000.0,13260000.0,10.548311000000865,True,optimal
418,6,Box4,1,13260000.0,13260000.0,183.47,False,Box4,1,13260000.0,13260000.0,2.468663000001925,False,heuristic,Box4,1,13260000.0,13260000.0,34.60015299999952,True,optimal
419,4,Box4,1,13260000.0,13260000.0,258.68,False,Box4,1,13260000.0,13260000.0,1.111346999998375,False,heuristic,Box4,1,13260000.0,13260000.0,14.333514000000491,True,optimal
420,5,Box9,1,42504000.0,42504000.0,331.78,False,Box9,1,42504000.0,42504000.0,0.8465619999995511,False,heuristic,Box9,1,42504000.0,42504000.0,16.770326999996144,True,optimal
421,5,Box2,1,5278500.0,5278500.0,228.61,False,Box2,1,5278500.0,5278500.0,0.5508489999996868,False,heuristic,Box2,1,5278500.0,5278500.0,12.70173500000027,True,optimal
422,4,Box4,1,13260000.0,13260000.0,194.19,False,Box4,1,13260000.0,13260000.0,1.4160559999965017,False,heuristic,Box4,1,13260000.0,13260000.0,15.037148000004663,True,optimal
423,8,Box4,1,13260000.0,13260000.0,218.87,False,Box4,1,13260000.0,13260000.0,1.2039799999996603,False,heuristic,Box4,1,13260000.0,13260000.0,36.33127899999522,True,optimal
424,8,Box4,1,13260000.0,13260000.0,179.37,False,Box4,1,13260000.0,13260000.0,1.220992000000365,False,heuristic,Box4,1,13260000.0,13260000.0,36.02641900000236,True,optimal
425,5,Box8,1,14616000.0,14616000.0,169.71,False,Box8,1,14616000.0,14616000.0,2.006358999999236,False,heuristic,Box8,1,14616000.0,14616000.0,16.01917400000019,True,optimal
426,7,Box8,1,14616000.0,14616000.0,178.84,False,Box8,1,14616000.0,14616000.0,4.878796999996382,False,heuristic,Box8,1,14616000.0,14616000.0,29.71975399999849,True,optimal
427,10,Box5,1,20774000.0,20774000.0,201.77,False,Box5,1,20774000.0,20774000.0,2.1368730000048686,False,heuristic,Box5,1,20774000.0,20774000.0,49.505195999998364,True,optimal
428,5,Box8,1,14616000.0,14616000.0,206.69,False,"Box4,Box8",2,27876000.0,14616000.0,1.0122909999950025,False,heuristic,Box8,1,14616000.0,14616000.0,12.171203000001185,True,optimal
429,10,Box8,1,14616000.0,14616000.0,218.16,False,Box8,1,14616000.0,14616000.0,2.49391999999915,False,heuristic,Box8,1,14616000.0,14616000.0,53.40151699999751,True,optimal
430,7,Box8,1,14616000.0,14616000.0,193.12,False,Box8,1,14616000.0,14616000.0,4.324141000005,False,heuristic,Box8,1,14616000.0,14616000.0,34.25992799999733,True,optimal
431,7,Box6,1,24752000.0,24752000.0,177.84,False,Box9,1,42504000.0,42504000.0,2.968926999997734,False,heuristic,Box5,1,20774000.0,20774000.0,28.138750000003654,True,optimal
432,16,Box9,1,42504000.0,42504000.0,173.83,False,Box9,1,42504000.0,42504000.0,5.97913299999675,False,heuristic,Box9,1,42504000.0,42504000.0,126.11237400000164,True,optimal
433,10,Box5,1,20774000.0,20774000.0,174.97,False,Box5,1,20774000.0,20774000.0,2.1419629999996914,False,heuristic,Box5,1,20774000.0,20774000.0,52.503288000004034,True,optimal
434,10,Box6,1,24752000.0,24752000.0,192.21,False,Box9,1,42504000.0,42504000.0,4.888955999994948,False,heuristic,Box6,1,24752000.0,24752000.0,53.52136999999857,True,optimal
435,12,Box9,1,42504000.0,42504000.0,190.7,False,Box9,1,42504000.0,42504000.0,3.556484999997167,False,heuristic,Box9,1,42504000.0,42504000.0,73.03124599999933,True,optimal
436,14,Box9,1,42504000.0,42504000.0,190.94,False,Box9,1,42504000.0,42504000.0,5.240101999994806,False,heuristic,Box9,1,42504000.0,42504000.0,94.19781799999782,True,optimal
437,2,Box4,1,13260000.0,13260000.0,172.0,False,Box4,1,13260000.0,13260000.0,0.2398680000013087,False,heuristic,Box4,1,13260000.0,13260000.0,3.3986599999948908,True,optimal
438,5,Box2,1,5278500.0,5278500.0,197.28,False,Box2,1,5278500.0,5278500.0,0.5309020000012765,False,heuristic,Box2,1,5278500.0,5278500.0,13.094748999996852,True,optimal
439,5,Box4,1,13260000.0,13260000.0,174.25,False,Box4,1,13260000.0,13260000.0,2.2809920000028683,False,heuristic,Box4,1,13260000.0,13260000.0,25.323649999997144,True,optimal
440,3,Box2,1,5278500.0,5278500.0,212.19,False,Box2,1,5278500.0,5278500.0,0.25480600000094,False,heuristic,Box2,1,5278500.0,5278500.0,5.05451499999765,True,optimal
441,7,"Box9,Box5",2,63278000.0,42504000.0,230.0,False,"Box9,Box5",2,63278000.0,42504000.0,1.640696000002606,False,heuristic,"Box5,Box9",2,63278000.0,42504000.0,300.24212299999675,True,optimal
442,5,Box9,1,42504000.0,42504000.0,159.32,False,Box9,1,42504000.0,42504000.0,0.86165999999821,False,heuristic,Box9,1,42504000.0,42504000.0,16.453304999998863,True,optimal
443,4,Box8,1,14616000.0,14616000.0,175.56,False,Box8,1,14616000.0,14616000.0,0.41790099999872155,False,heuristic,Box8,1,14616000.0,14616000.0,10.58494899999829,True,optimal
444,5,Box4,1,13260000.0,13260000.0,186.66,False,Box4,1,13260000.0,13260000.0,0.5723189999997658,False,heuristic,Box4,1,13260000.0,13260000.0,14.09208300000131,True,optimal
445,8,Box4,1,13260000.0,13260000.0,169.94,False,Box4,1,13260000.0,13260000.0,1.2923350000022538,False,heuristic,Box4,1,13260000.0,13260000.0,34.479578000002675,True,optimal
446,8,Box2,1,5278500.0,5278500.0,194.11,False,Box2,1,5278500.0,5278500.0,1.3194960000006972,False,heuristic,Box2,1,5278500.0,5278500.0,29.807037000004755,True,optimal
447,1,Box2,1,5278500.0,5278500.0,172.34,False,Box2,1,5278500.0,5278500.0,0.15169299999939767,False,heuristic,Box2,1,5278500.0,5278500.0,0.8514210000001299,True,optimal
448,10,Box5,1,20774000.0,20774000.0,183.65,False,Box5,1,20774000.0,20774000.0,2.80284699999811,False,heuristic,Box5,1,20774000.0,20774000.0,51.641547999999204,True,optimal
449,2,Box4,1,13260000.0,13260000.0,187.14,False,Box4,1,13260000.0,13260000.0,0.2547059999997714,False,heuristic,Box4,1,13260000.0,13260000.0,3.5212390000012306,True,optimal
450,4,Box6,1,24752000.0,24752000.0,212.02,False,"Box8,Box2,Box2",3,25173000.0,14616000.0,1.1124789999996665,False,heuristic,Box6,1,24752000.0,24752000.0,26.64951700000273,True,optimal
451,4,Box5,1,20774000.0,20774000.0,196.09,False,Box5,1,20774000.0,20774000.0,0.3389829999989047,False,heuristic,Box5,1,20774000.0,20774000.0,9.489863000005982,True,optimal
452,3,Box4,1,13260000.0,13260000.0,180.83,False,Box4,1,13260000.0,13260000.0,0.9780270000021574,False,heuristic,Box4,1,13260000.0,13260000.0,9.650133000000949,True,optimal
453,5,Box5,1,20774000.0,20774000.0,168.19,False,Box5,1,20774000.0,20774000.0,0.53949800000197,False,heuristic,Box5,1,20774000.0,20774000.0,13.00470000000331,True,optimal
454,5,Box4,1,13260000.0,13260000.0,180.01,False,Box4,1,13260000.0,13260000.0,0.5024689999970633,False,heuristic,Box4,1,13260000.0,13260000.0,14.876928999996153,True,optimal
455,5,Box2,1,5278500.0,5278500.0,180.67,False,Box2,1,5278500.0,5278500.0,0.5872170000031929,False,heuristic,Box2,1,5278500.0,5278500.0,12.997607999999161,True,optimal
456,5,Box9,1,42504000.0,42504000.0,204.45,False,Box9,1,42504000.0,42504000.0,0.7885540000032165,False,heuristic,Box9,1,42504000.0,42504000.0,15.54517699999991,True,optimal
457,11,Box9,1,42504000.0,42504000.0,346.27,True,"Box6,Box6",2,49504000.0,24752000.0,1.519389000002036,False,heuristic,"Box6,Box6",2,49504000.0,24752000.0,215.54328799999922,True,optimal
458,8,Box8,1,14616000.0,14616000.0,718.39,False,Box8,1,14616000.0,14616000.0,4.045507000000725,False,heuristic,Box4,1,13260000.0,13260000.0,38.41382900000667,True,optimal
459,9,Box8,1,14616000.0,14616000.0,170.76,False,Box8,1,14616000.0,14616000.0,3.977690000006362,False,heuristic,Box8,1,14616000.0,14616000.0,90.51109100000332,True,optimal
460,20,Box4,1,13260000.0,13260000.0,200.8,False,Box4,1,13260000.0,13260000.0,7.371110999997654,False,heuristic,Box4,1,13260000.0,13260000.0,193.04564299999782,True,optimal
461,9,Box9,1,42504000.0,42504000.0,174.62,False,Box9,1,42504000.0,42504000.0,2.959736000001101,False,heuristic,Box9,1,42504000.0,42504000.0,40.67204999999774,True,optimal
462,10,Box8,1,14616000.0,14616000.0,166.0,False,Box8,1,14616000.0,14616000.0,2.488851000002512,False,heuristic,Box8,1,14616000.0,14616000.0,52.946973000004505,True,optimal
463,6,Box4,1,13260000.0,13260000.0,182.86,False,Box4,1,13260000.0,13260000.0,0.679598000004944,False,heuristic,Box4,1,13260000.0,13260000.0,18.360737999998378,True,optimal
464,8,Box8,1,14616000.0,14616000.0,162.6,False,Box8,1,14616000.0,14616000.0,1.5066930000031675,False,heuristic,Box8,1,14616000.0,14616000.0,38.06943200000035,True,optimal
465,5,Box8,1,14616000.0,14616000.0,170.43,False,Box8,1,14616000.0,14616000.0,1.9834399999965058,False,heuristic,Box8,1,14616000.0,14616000.0,23.18434899999744,True,optimal
466,6,Box4,1,13260000.0,13260000.0,188.85,False,Box4,1,13260000.0,13260000.0,0.716486999998267,False,heuristic,Box4,1,13260000.0,13260000.0,18.6226309999995,True,optimal
467,8,Box8,1,14616000.0,14616000.0,197.42,False,Box8,1,14616000.0,14616000.0,1.167516000002422,False,heuristic,Box8,1,14616000.0,14616000.0,29.15043900000569,True,optimal
468,4,Box2,1,5278500.0,5278500.0,212.76,False,Box2,1,5278500.0,5278500.0,0.39997200000385646,False,heuristic,Box2,1,5278500.0,5278500.0,8.155606999999065,True,optimal
469,7,Box2,1,5278500.0,5278500.0,188.08,False,Box2,1,5278500.0,5278500.0,0.9876869999985161,False,heuristic,Box2,1,5278500.0,5278500.0,23.978452999998012,True,optimal
470,4,Box4,1,13260000.0,13260000.0,184.83,False,Box4,1,13260000.0,13260000.0,1.7743260000031569,False,heuristic,Box4,1,13260000.0,13260000.0,17.596591000000217,True,optimal
471,8,Box4,1,13260000.0,13260000.0,185.87,False,Box4,1,13260000.0,13260000.0,3.4036409999984585,False,heuristic,Box4,1,13260000.0,13260000.0,197.83861599999852,True,optimal
472,5,Box4,1,13260000.0,13260000.0,176.56,False,Box4,1,13260000.0,13260000.0,1.8569920000004458,False,heuristic,Box4,1,13260000.0,13260000.0,24.437917000000198,True,optimal
473,5,Box8,1,14616000.0,14616000.0,176.89,False,Box8,1,14616000.0,14616000.0,1.7894950000041376,False,heuristic,Box8,1,14616000.0,14616000.0,15.567445000002067,True,optimal
474,5,Box8,1,14616000.0,14616000.0,169.45,False,Box8,1,14616000.0,14616000.0,0.6672859999952152,False,heuristic,Box8,1,14616000.0,14616000.0,16.12317999999391,True,optimal
475,9,Box8,1,14616000.0,14616000.0,161.46,False,Box8,1,14616000.0,14616000.0,1.0912820000044121,False,heuristic,Box8,1,14616000.0,14616000.0,38.13632700000369,True,optimal
476,9,Box9,1,42504000.0,42504000.0,315.12,False,Box9,1,42504000.0,42504000.0,2.496726000003946,False,heuristic,Box9,1,42504000.0,42504000.0,42.13821399999773,True,optimal
477,11,Box5,1,20774000.0,20774000.0,189.87,False,Box5,1,20774000.0,20774000.0,2.3372349999988273,False,heuristic,Box5,1,20774000.0,20774000.0,53.78551700000145,True,optimal
478,10,Box9,1,42504000.0,42504000.0,196.97,False,Box9,1,42504000.0,42504000.0,2.6470379999992133,False,heuristic,Box9,1,42504000.0,42504000.0,55.13887100000403,True,optimal
479,10,Box5,1,20774000.0,20774000.0,199.68,False,Box5,1,20774000.0,20774000.0,10.446444999999471,False,heuristic,Box5,1,20774000.0,20774000.0,62.295599999998785,True,optimal
480,6,Box4,1,13260000.0,13260000.0,193.92,False,Box4,1,13260000.0,13260000.0,2.3623129999990056,False,heuristic,Box4,1,13260000.0,13260000.0,32.367017999995085,True,optimal
481,10,Box5,1,20774000.0,20774000.0,191.86,False,Box5,1,20774000.0,20774000.0,1.4712469999977884,False,heuristic,Box5,1,20774000.0,20774000.0,47.936577000001535,True,optimal
482,7,Box9,1,42504000.0,42504000.0,175.4,False,Box9,1,42504000.0,42504000.0,0.9140290000004825,False,heuristic,Box9,1,42504000.0,42504000.0,21.667797000006317,True,optimal
483,2,Box5,1,20774000.0,20774000.0,199.8,False,Box5,1,20774000.0,20774000.0,0.6081239999957688,False,heuristic,Box5,1,20774000.0,20774000.0,4.138814000000934,True,optimal
484,9,Box2,1,5278500.0,5278500.0,173.86,False,Box2,1,5278500.0,5278500.0,1.146525999999426,False,heuristic,Box2,1,5278500.0,5278500.0,40.18399799999628,True,optimal
485,7,Box5,1,20774000.0,20774000.0,169.75,False,Box5,1,20774000.0,20774000.0,3.7305259999982354,False,heuristic,Box5,1,20774000.0,20774000.0,40.558241999995914,True,optimal
486,6,Box4,1,13260000.0,13260000.0,172.81,False,Box4,1,13260000.0,13260000.0,0.789746000002367,False,heuristic,Box4,1,13260000.0,13260000.0,21.41801799999854,True,optimal
487,4,Box8,1,14616000.0,14616000.0,182.94,False,Box6,1,24752000.0,24752000.0,1.5639499999977602,False,heuristic,Box8,1,14616000.0,14616000.0,10.614650999997366,True,optimal
488,9,Box4,1,13260000.0,13260000.0,182.9,False,Box4,1,13260000.0,13260000.0,2.3600279999982376,False,heuristic,Box4,1,13260000.0,13260000.0,43.322499999995046,True,optimal
489,7,Box8,1,14616000.0,14616000.0,188.84,False,Box8,1,14616000.0,14616000.0,1.4746830000049727,False,heuristic,Box8,1,14616000.0,14616000.0,27.000104999999053,True,optimal
490,8,Box5,1,20774000.0,20774000.0,225.72,False,Box6,1,24752000.0,24752000.0,3.664722000003451,False,heuristic,Box5,1,20774000.0,20774000.0,32.97174600000119,True,optimal
491,8,Box4,1,13260000.0,13260000.0,174.99,False,Box4,1,13260000.0,13260000.0,1.5926949999993667,False,heuristic,Box4,1,13260000.0,13260000.0,34.72427100000175,True,optimal
492,10,Box2,1,5278500.0,5278500.0,168.39,False,Box2,1,5278500.0,5278500.0,1.9467909999946187,False,heuristic,Box2,1,5278500.0,5278500.0,50.18199000000578,True,optimal
493,4,Box2,1,5278500.0,5278500.0,178.41,False,Box2,1,5278500.0,5278500.0,0.3953740000000039,False,heuristic,Box2,1,5278500.0,5278500.0,8.104971999998156,True,optimal
494,3,Box4,1,13260000.0,13260000.0,203.02,False,Box5,1,20774000.0,20774000.0,0.8912860000052092,False,heuristic,Box4,1,13260000.0,13260000.0,4.591385000004777,True,optimal
495,4,Box4,1,13260000.0,13260000.0,176.3,False,Box4,1,13260000.0,13260000.0,1.2292010000010123,False,heuristic,Box4,1,13260000.0,13260000.0,15.222527000005925,True,optimal
496,4,Box4,1,13260000.0,13260000.0,202.41,False,Box4,1,13260000.0,13260000.0,1.4121760000023187,False,heuristic,Box4,1,13260000.0,13260000.0,16.28852099999989,True,optimal
497,6,Box4,1,13260000.0,13260000.0,193.54,False,Box4,1,13260000.0,13260000.0,2.5323320000012473,False,heuristic,Box4,1,13260000.0,13260000.0,34.12354099999959,True,optimal
498,9,Box8,1,14616000.0,14616000.0,178.33,False,Box8,1,14616000.0,14616000.0,1.9324339999968743,False,heuristic,Box8,1,14616000.0,14616000.0,42.92432200000462,True,optimal
499,7,Box8,1,14616000.0,14616000.0,212.61,False,Box8,1,14616000.0,14616000.0,0.8470829999964735,False,heuristic,Box8,1,14616000.0,14616000.0,26.79981800000064,True,optimal
500,9,Box8,1,14616000.0,14616000.0,199.1,False,"Box8,Box2",2,19894500.0,14616000.0,2.705498000004525,False,heuristic,Box8,1,14616000.0,14616000.0,43.960679999997865,True,optimal
501,4,Box2,1,5278500.0,5278500.0,198.83,False,Box2,1,5278500.0,5278500.0,0.47946400000853373,False,heuristic,Box2,1,5278500.0,5278500.0,10.403027999998926,True,optimal
502,3,Box4,1,13260000.0,13260000.0,187.78,False,Box4,1,13260000.0,13260000.0,0.3224110000132896,False,heuristic,Box4,1,13260000.0,13260000.0,5.356968999990386,True,optimal
503,7,Box2,1,5278500.0,5278500.0,541.18,False,Box2,1,5278500.0,5278500.0,1.0027499999978318,False,heuristic,Box2,1,5278500.0,5278500.0,25.55043300000648,True,optimal
504,6,Box2,1,5278500.0,5278500.0,163.16,False,Box2,1,5278500.0,5278500.0,0.6375089999863803,False,heuristic,Box2,1,5278500.0,5278500.0,17.44290499999579,True,optimal
505,12,Box9,1,42504000.0,42504000.0,353.15,True,"Box6,Box6",2,49504000.0,24752000.0,1.6441550000081406,False,heuristic,"Box6,Box6",2,49504000.0,24752000.0,191.14246799999535,True,optimal
506,8,Box9,1,42504000.0,42504000.0,191.43,False,Box9,1,42504000.0,42504000.0,1.8951939999993783,False,heuristic,Box9,1,42504000.0,42504000.0,33.10369599999774,True,optimal
507,7,Box5,1,20774000.0,20774000.0,167.66,False,Box5,1,20774000.0,20774000.0,0.8229849999992211,False,heuristic,Box5,1,20774000.0,20774000.0,28.130722999989644,True,optimal
508,4,Box2,1,5278500.0,5278500.0,212.58,False,Box2,1,5278500.0,5278500.0,0.3847569999919642,False,heuristic,Box2,1,5278500.0,5278500.0,7.96048300000507,True,optimal
509,4,Box6,1,24752000.0,24752000.0,177.97,False,Box6,1,24752000.0,24752000.0,1.2966780000027711,False,heuristic,Box6,1,24752000.0,24752000.0,17.29008000000931,True,optimal
510,4,Box4,1,13260000.0,13260000.0,188.17,False,Box4,1,13260000.0,13260000.0,1.095844000005286,False,heuristic,Box4,1,13260000.0,13260000.0,14.119977999996536,True,optimal
511,6,Box5,1,20774000.0,20774000.0,173.39,False,Box5,1,20774000.0,20774000.0,2.493760000007228,False,heuristic,Box5,1,20774000.0,20774000.0,44.97001299999681,True,optimal
512,9,Box2,1,5278500.0,5278500.0,158.22,False,Box2,1,5278500.0,5278500.0,1.1458760000095936,False,heuristic,Box2,1,5278500.0,5278500.0,39.85077700001227,True,optimal
513,3,Box8,1,14616000.0,14616000.0,171.58,False,Box8,1,14616000.0,14616000.0,0.17077900000117552,False,heuristic,Box8,1,14616000.0,14616000.0,3.838045999998485,True,optimal
514,7,Box4,1,13260000.0,13260000.0,169.6,False,Box4,1,13260000.0,13260000.0,0.9808490000011716,False,heuristic,Box4,1,13260000.0,13260000.0,27.953331999995612,True,optimal
515,6,Box4,1,13260000.0,13260000.0,161.32,False,Box4,1,13260000.0,13260000.0,2.0875820000014755,False,heuristic,Box4,1,13260000.0,13260000.0,30.18385100000387,True,optimal
516,11,Box5,1,20774000.0,20774000.0,176.65,False,Box5,1,20774000.0,20774000.0,2.0734760000067354,False,heuristic,Box5,1,20774000.0,20774000.0,64.01274000000967,True,optimal
517,7,Box6,1,24752000.0,24752000.0,167.55,False,Box6,1,24752000.0,24752000.0,3.79118899999753,False,heuristic,Box6,1,24752000.0,24752000.0,45.77447199999085,True,optimal
518,9,Box4,1,13260000.0,13260000.0,172.08,False,Box4,1,13260000.0,13260000.0,1.3069769999987102,False,heuristic,Box4,1,13260000.0,13260000.0,39.9166589999993,True,optimal
519,6,Box9,1,42504000.0,42504000.0,287.62,False,Box9,1,42504000.0,42504000.0,1.4858999999916023,False,heuristic,Box6,1,24752000.0,24752000.0,20.32933700000683,True,optimal
520,9,Box8,1,14616000.0,14616000.0,166.2,False,Box8,1,14616000.0,14616000.0,7.051818999997295,False,heuristic,Box8,1,14616000.0,14616000.0,50.84005800000568,True,optimal
521,8,Box8,1,14616000.0,14616000.0,293.1,False,Box8,1,14616000.0,14616000.0,1.441236999994544,False,heuristic,Box8,1,14616000.0,14616000.0,32.299326000000406,True,optimal
522,1,Box2,1,5278500.0,5278500.0,156.0,False,Box2,1,5278500.0,5278500.0,0.11987400000634807,False,heuristic,Box2,1,5278500.0,5278500.0,0.9455230000128267,True,optimal
523,5,Box5,1,20774000.0,20774000.0,163.64,False,Box5,1,20774000.0,20774000.0,1.5029829999946287,False,heuristic,Box5,1,20774000.0,20774000.0,40.60247799999672,True,optimal
524,7,Box9,1,42504000.0,42504000.0,166.25,False,Box9,1,42504000.0,42504000.0,0.8742100000063147,False,heuristic,Box9,1,42504000.0,42504000.0,19.429148000000396,True,optimal
525,8,Box2,1,5278500.0,5278500.0,180.39,False,Box2,1,5278500.0,5278500.0,0.9906070000056388,False,heuristic,Box2,1,5278500.0,5278500.0,32.1782199999916,True,optimal
526,4,Box2,1,5278500.0,5278500.0,168.17,False,Box2,1,5278500.0,5278500.0,0.36284600000158207,False,heuristic,Box2,1,5278500.0,5278500.0,7.256209999994212,True,optimal
527,3,Box4,1,13260000.0,13260000.0,170.59,False,Box4,1,13260000.0,13260000.0,0.9409139999974059,False,heuristic,Box4,1,13260000.0,13260000.0,8.928758999999786,True,optimal
528,5,Box8,1,14616000.0,14616000.0,166.37,False,Box8,1,14616000.0,14616000.0,2.0421380000072986,False,heuristic,Box8,1,14616000.0,14616000.0,15.220450000001051,True,optimal
529,7,Box6,1,24752000.0,24752000.0,180.75,False,Box6,1,24752000.0,24752000.0,0.8712249999973665,False,heuristic,Box6,1,24752000.0,24752000.0,27.053373999990526,True,optimal
530,6,Box4,1,13260000.0,13260000.0,186.3,False,Box5,1,20774000.0,20774000.0,2.5366100000070446,False,heuristic,Box4,1,13260000.0,13260000.0,18.720317000003206,True,optimal
531,8,Box2,1,5278500.0,5278500.0,181.59,False,Box2,1,5278500.0,5278500.0,0.9165600000073937,False,heuristic,Box2,1,5278500.0,5278500.0,29.698687000006885,True,optimal
532,7,Box2,1,5278500.0,5278500.0,156.36,False,Box2,1,5278500.0,5278500.0,0.8708539999986442,False,heuristic,Box2,1,5278500.0,5278500.0,24.04624700000113,True,optimal
533,9,"Box9,Box4",2,55764000.0,42504000.0,245.38,False,"Box6,Box9",2,67256000.0,42504000.0,1.8477649999937285,False,heuristic,"Box6,Box6",2,49504000.0,24752000.0,119.07448899999906,True,optimal
534,8,Box9,1,42504000.0,42504000.0,176.37,False,Box9,1,42504000.0,42504000.0,1.388298999998483,False,heuristic,Box9,1,42504000.0,42504000.0,32.03277900000501,True,optimal
535,4,Box6,1,24752000.0,24752000.0,218.91,False,Box6,1,24752000.0,24752000.0,1.285357000000431,False,heuristic,Box6,1,24752000.0,24752000.0,17.338899999998603,True,optimal
536,4,Box6,1,24752000.0,24752000.0,157.57,False,Box6,1,24752000.0,24752000.0,1.271481000003405,False,heuristic,Box6,1,24752000.0,24752000.0,16.97944999999379,True,optimal
537,4,Box4,1,13260000.0,13260000.0,177.62,False,Box4,1,13260000.0,13260000.0,0.3626060000101461,False,heuristic,Box4,1,13260000.0,13260000.0,8.319081999999867,True,optimal
538,10,Box8,1,14616000.0,14616000.0,306.25,False,Box8,1,14616000.0,14616000.0,2.0765419999975165,False,heuristic,Box8,1,14616000.0,14616000.0,59.54033999999808,True,optimal
539,9,Box9,1,42504000.0,42504000.0,230.47,False,Box9,1,42504000.0,42504000.0,1.7805199999969545,False,heuristic,Box9,1,42504000.0,42504000.0,39.37918799999807,True,optimal
540,7,Box4,1,13260000.0,13260000.0,174.05,False,Box4,1,13260000.0,13260000.0,0.8884269999924754,False,heuristic,Box4,1,13260000.0,13260000.0,23.225356000011743,True,optimal
541,8,Box4,1,13260000.0,13260000.0,175.79,False,Box4,1,13260000.0,13260000.0,1.0512000000062471,False,heuristic,Box4,1,13260000.0,13260000.0,33.59079400000553,True,optimal
542,4,Box2,1,5278500.0,5278500.0,169.65,False,Box2,1,5278500.0,5278500.0,0.39356399999235236,False,heuristic,Box2,1,5278500.0,5278500.0,7.769237000005091,True,optimal
543,3,Box8,1,14616000.0,14616000.0,155.0,False,Box8,1,14616000.0,14616000.0,0.7126790000029359,False,heuristic,Box8,1,14616000.0,14616000.0,8.45076699999936,True,optimal
544,8,Box2,1,5278500.0,5278500.0,178.29,False,Box2,1,5278500.0,5278500.0,1.22103699999343,False,heuristic,Box2,1,5278500.0,5278500.0,28.667294000001675,True,optimal
545,2,Box2,1,5278500.0,5278500.0,182.42,False,Box2,1,5278500.0,5278500.0,0.20493200000260003,False,heuristic,Box2,1,5278500.0,5278500.0,2.2588020000000597,True,optimal
546,2,Box4,1,13260000.0,13260000.0,169.25,False,Box4,1,13260000.0,13260000.0,0.18321199999604687,False,heuristic,Box4,1,13260000.0,13260000.0,2.2683389999968995,True,optimal
547,10,Box9,1,42504000.0,42504000.0,177.27,False,Box9,1,42504000.0,42504000.0,2.2878360000078146,False,heuristic,Box9,1,42504000.0,42504000.0,44.61812500001372,True,optimal
548,6,Box2,1,5278500.0,5278500.0,165.12,False,Box2,1,5278500.0,5278500.0,0.6044680000059088,False,heuristic,Box2,1,5278500.0,5278500.0,17.15633099999536,True,optimal
549,8,Box8,1,14616000.0,14616000.0,623.9,False,Box5,1,20774000.0,20774000.0,3.621433000006391,False,heuristic,Box8,1,14616000.0,14616000.0,34.55831799999487,True,optimal
550,10,Box9,1,42504000.0,42504000.0,194.61,False,Box9,1,42504000.0,42504000.0,4.334030999999072,False,heuristic,Box6,1,24752000.0,24752000.0,44.80379199999618,True,optimal
551,3,Box2,1,5278500.0,5278500.0,184.59,False,Box2,1,5278500.0,5278500.0,0.2737699999926235,False,heuristic,Box2,1,5278500.0,5278500.0,5.383578000007105,True,optimal
552,2,Box8,1,14616000.0,14616000.0,186.6,False,Box8,1,14616000.0,14616000.0,0.12935099999822341,False,heuristic,Box8,1,14616000.0,14616000.0,2.0994440000094983,True,optimal
553,5,Box5,1,20774000.0,20774000.0,170.77,False,Box5,1,20774000.0,20774000.0,1.5536969999914163,False,heuristic,Box5,1,20774000.0,20774000.0,19.732103000009715,True,optimal
554,8,Box6,1,24752000.0,24752000.0,305.5,False,Box9,1,42504000.0,42504000.0,1.982105999999817,False,heuristic,Box6,1,24752000.0,24752000.0,30.99633600000118,True,optimal
555,9,Box4,1,13260000.0,13260000.0,176.72,False,Box4,1,13260000.0,13260000.0,1.3170549999870218,False,heuristic,Box4,1,13260000.0,13260000.0,43.79300700000499,True,optimal
556,8,Box8,1,14616000.0,14616000.0,199.01,False,Box8,1,14616000.0,14616000.0,1.6317329999964159,False,heuristic,Box8,1,14616000.0,14616000.0,33.71023699999398,True,optimal
557,6,Box9,1,42504000.0,42504000.0,199.39,False,Box9,1,42504000.0,42504000.0,1.6761560000020381,False,heuristic,Box6,1,24752000.0,24752000.0,32.12322699999959,True,optimal
558,7,Box4,1,13260000.0,13260000.0,188.46,False,Box4,1,13260000.0,13260000.0,1.3573810000053754,False,heuristic,Box4,1,13260000.0,13260000.0,27.442359999994892,True,optimal
559,5,Box8,1,14616000.0,14616000.0,186.94,False,Box8,1,14616000.0,14616000.0,0.46224099999392365,False,heuristic,Box8,1,14616000.0,14616000.0,12.331623000008562,True,optimal
560,7,Box2,1,5278500.0,5278500.0,162.09,False,Box2,1,5278500.0,5278500.0,0.9396720000012238,False,heuristic,Box2,1,5278500.0,5278500.0,22.3458570000048,True,optimal
561,6,"Box9,Box5",2,63278000.0,42504000.0,256.84,False,"Box9,Box5",2,63278000.0,42504000.0,0.9683749999993552,False,heuristic,"Box5,Box9",2,63278000.0,42504000.0,262.3930129999934,True,optimal
562,6,Box2,1,5278500.0,5278500.0,190.28,False,Box2,1,5278500.0,5278500.0,0.6055989999964595,False,heuristic,Box2,1,5278500.0,5278500.0,17.32576599999902,True,optimal
563,6,Box4,1,13260000.0,13260000.0,163.37,False,Box4,1,13260000.0,13260000.0,0.694354999993152,False,heuristic,Box4,1,13260000.0,13260000.0,20.691872000000444,True,optimal
564,11,Box5,1,20774000.0,20774000.0,325.62,False,Box5,1,20774000.0,20774000.0,2.6936729999960107,False,heuristic,Box5,1,20774000.0,20774000.0,55.91880699999763,True,optimal
565,4,Box2,1,5278500.0,5278500.0,189.18,False,Box2,1,5278500.0,5278500.0,0.41466300000081446,False,heuristic,Box2,1,5278500.0,5278500.0,7.872620000000552,True,optimal
566,4,Box2,1,5278500.0,5278500.0,195.27,False,Box2,1,5278500.0,5278500.0,0.3834760000103188,False,heuristic,Box2,1,5278500.0,5278500.0,7.79780000000585,True,optimal
567,4,Box4,1,13260000.0,13260000.0,188.25,False,Box4,1,13260000.0,13260000.0,1.1006919999942966,False,heuristic,Box4,1,13260000.0,13260000.0,14.244009999998752,True,optimal
568,2,Box4,1,13260000.0,13260000.0,181.14,False,Box4,1,13260000.0,13260000.0,0.6402940000072022,False,heuristic,Box4,1,13260000.0,13260000.0,3.6955599999970445,True,optimal
569,4,Box4,1,13260000.0,13260000.0,209.75,False,Box8,1,14616000.0,14616000.0,1.2951949999973067,False,heuristic,Box4,1,13260000.0,13260000.0,7.821653999997125,True,optimal
570,6,Box9,1,42504000.0,42504000.0,166.31,False,Box9,1,42504000.0,42504000.0,0.7814670000101387,False,heuristic,Box9,1,42504000.0,42504000.0,20.690479999998956,True,optimal
571,5,Box4,1,13260000.0,13260000.0,174.65,False,Box4,1,13260000.0,13260000.0,0.5098900000035655,False,heuristic,Box4,1,13260000.0,13260000.0,13.022482000010882,True,optimal
572,4,Box4,1,13260000.0,13260000.0,164.75,False,Box4,1,13260000.0,13260000.0,1.1097189999986767,False,heuristic,Box4,1,13260000.0,13260000.0,14.542125000005512,True,optimal
573,2,Box4,1,13260000.0,13260000.0,176.3,False,Box4,1,13260000.0,13260000.0,0.16296299999396524,False,heuristic,Box4,1,13260000.0,13260000.0,1.9614480000029744,True,optimal
574,6,Box5,1,20774000.0,20774000.0,168.76,False,Box5,1,20774000.0,20774000.0,0.5865239999991445,False,heuristic,Box5,1,20774000.0,20774000.0,17.815308999999502,True,optimal
575,4,Box8,1,14616000.0,14616000.0,304.52,False,Box8,1,14616000.0,14616000.0,0.4169879999977866,False,heuristic,Box8,1,14616000.0,14616000.0,8.369465999990666,True,optimal
576,4,Box2,1,5278500.0,5278500.0,179.97,False,Box2,1,5278500.0,5278500.0,0.37664200000619985,False,heuristic,Box2,1,5278500.0,5278500.0,8.400773999994726,True,optimal
577,9,"Box9,Box4",2,55764000.0,42504000.0,414.56,True,"Box6,Box9",2,67256000.0,42504000.0,1.2275280000011435,False,heuristic,"Box4,Box9",2,55764000.0,42504000.0,134.72409899999604,True,optimal
578,9,Box2,1,5278500.0,5278500.0,166.92,False,Box2,1,5278500.0,5278500.0,1.1968720000083977,False,heuristic,Box2,1,5278500.0,5278500.0,38.59305100000654,True,optimal
579,7,Box6,1,24752000.0,24752000.0,186.76,False,Box9,1,42504000.0,42504000.0,2.41895999999997,False,heuristic,Box6,1,24752000.0,24752000.0,40.39542199998891,True,optimal
580,10,Box8,1,14616000.0,14616000.0,305.21,False,Box8,1,14616000.0,14616000.0,1.5505119999943417,False,heuristic,Box8,1,14616000.0,14616000.0,52.805973000005224,True,optimal
581,8,Box8,1,14616000.0,14616000.0,197.15,False,Box8,1,14616000.0,14616000.0,1.5650179999937563,False,heuristic,Box8,1,14616000.0,14616000.0,32.10049499999457,True,optimal
582,4,Box2,1,5278500.0,5278500.0,169.88,False,Box2,1,5278500.0,5278500.0,0.3865310000037425,False,heuristic,Box2,1,5278500.0,5278500.0,7.773585000009575,True,optimal
583,2,Box2,1,5278500.0,5278500.0,215.54,False,Box2,1,5278500.0,5278500.0,0.18448400000181664,False,heuristic,Box2,1,5278500.0,5278500.0,2.161471000007964,True,optimal
584,2,Box4,1,13260000.0,13260000.0,172.35,False,Box4,1,13260000.0,13260000.0,0.1704180000103861,False,heuristic,Box4,1,13260000.0,13260000.0,2.021850000005543,True,optimal
585,8,Box8,1,14616000.0,14616000.0,214.28,False,Box8,1,14616000.0,14616000.0,0.7301220000073272,False,heuristic,Box8,1,14616000.0,14616000.0,26.32246099999236,True,optimal
586,6,Box6,1,24752000.0,24752000.0,165.2,False,Box6,1,24752000.0,24752000.0,2.562657999988005,False,heuristic,Box8,1,14616000.0,14616000.0,21.177498000000128,True,optimal
587,8,Box4,1,13260000.0,13260000.0,181.5,False,Box4,1,13260000.0,13260000.0,1.513752999997564,False,heuristic,Box4,1,13260000.0,13260000.0,33.47412600000155,True,optimal
588,4,Box8,1,14616000.0,14616000.0,193.0,False,Box8,1,14616000.0,14616000.0,1.4186150000057296,False,heuristic,Box8,1,14616000.0,14616000.0,10.244391000000519,True,optimal
589,16,Box4,1,13260000.0,13260000.0,175.6,False,Box4,1,13260000.0,13260000.0,3.533157999996206,False,heuristic,Box4,1,13260000.0,13260000.0,118.16000400000348,True,optimal
590,7,Box5,1,20774000.0,20774000.0,199.54,False,Box5,1,20774000.0,20774000.0,0.8168330000017932,False,heuristic,Box5,1,20774000.0,20774000.0,24.138368999999216,True,optimal
591,4,Box4,1,13260000.0,13260000.0,546.67,False,Box4,1,13260000.0,13260000.0,0.428378999998813,False,heuristic,Box4,1,13260000.0,13260000.0,10.901848000003156,True,optimal
592,7,Box8,1,14616000.0,14616000.0,186.24,False,Box8,1,14616000.0,14616000.0,3.3857030000064015,False,heuristic,Box8,1,14616000.0,14616000.0,28.5370510000007,True,optimal
593,5,Box9,1,42504000.0,42504000.0,194.29,False,Box9,1,42504000.0,42504000.0,1.450555000005238,False,heuristic,Box9,1,42504000.0,42504000.0,33.30304699998976,True,optimal
594,9,Box9,1,42504000.0,42504000.0,427.92,False,Box9,1,42504000.0,42504000.0,1.7556130000002668,False,heuristic,Box9,1,42504000.0,42504000.0,38.19311599998798,True,optimal
595,6,Box4,1,13260000.0,13260000.0,158.02,False,Box4,1,13260000.0,13260000.0,0.6506940000008399,False,heuristic,Box4,1,13260000.0,13260000.0,21.192927000001305,True,optimal
596,8,Box9,1,42504000.0,42504000.0,200.78,False,Box9,1,42504000.0,42504000.0,1.5873100000050044,False,heuristic,Box9,1,42504000.0,42504000.0,28.646885000000566,True,optimal
597,7,Box5,1,20774000.0,20774000.0,173.37,False,Box5,1,20774000.0,20774000.0,1.1692300000021305,False,heuristic,Box5,1,20774000.0,20774000.0,28.849342999990313,True,optimal
598,8,Box4,1,13260000.0,13260000.0,193.66,False,Box4,1,13260000.0,13260000.0,1.0981580000049007,False,heuristic,Box4,1,13260000.0,13260000.0,30.29857599999275,True,optimal
599,6,Box6,1,24752000.0,24752000.0,176.29,False,Box9,1,42504000.0,42504000.0,1.3851820000070347,False,heuristic,Box6,1,24752000.0,24752000.0,18.643923999988488,True,optimal
600,10,Box9,1,42504000.0,42504000.0,204.09,False,Box9,1,42504000.0,42504000.0,2.400506000000746,False,heuristic,Box9,1,42504000.0,42504000.0,46.323946000001115,True,optimal
601,10,Box5,1,20774000.0,20774000.0,177.84,False,Box5,1,20774000.0,20774000.0,1.648343999995916,False,heuristic,Box5,1,20774000.0,20774000.0,50.58148599999868,True,optimal
602,2,Box2,1,5278500.0,5278500.0,194.71,False,Box2,1,5278500.0,5278500.0,0.21021200000603812,False,heuristic,Box2,1,5278500.0,5278500.0,2.791318999996406,True,optimal
603,6,Box2,1,5278500.0,5278500.0,175.34,False,Box2,1,5278500.0,5278500.0,0.5150029999967387,False,heuristic,Box2,1,5278500.0,5278500.0,16.703528999997275,True,optimal
604,7,Box5,1,20774000.0,20774000.0,180.59,False,Box5,1,20774000.0,20774000.0,1.029016000003935,False,heuristic,Box5,1,20774000.0,20774000.0,26.415481000000796,True,optimal
605,4,Box5,1,20774000.0,20774000.0,168.48,False,Box5,1,20774000.0,20774000.0,0.3968190000023242,False,heuristic,Box5,1,20774000.0,20774000.0,7.933374000003823,True,optimal
606,5,Box6,1,24752000.0,24752000.0,165.94,False,Box6,1,24752000.0,24752000.0,2.065442999999334,False,heuristic,Box6,1,24752000.0,24752000.0,20.970486999999594,True,optimal
607,8,Box9,1,42504000.0,42504000.0,181.25,False,Box9,1,42504000.0,42504000.0,0.984840000000986,False,heuristic,Box9,1,42504000.0,42504000.0,31.454623000001902,True,optimal
608,7,Box9,1,42504000.0,42504000.0,320.82,False,Box9,1,42504000.0,42504000.0,0.9187730000022043,False,heuristic,Box9,1,42504000.0,42504000.0,18.88350200000133,True,optimal
609,7,Box4,1,13260000.0,13260000.0,167.9,False,Box4,1,13260000.0,13260000.0,1.1005320000023744,False,heuristic,Box4,1,13260000.0,13260000.0,26.617190000003177,True,optimal
610,13,Box9,1,42504000.0,42504000.0,185.47,False,Box9,1,42504000.0,42504000.0,3.2517819999995368,False,heuristic,Box9,1,42504000.0,42504000.0,77.7946500000013,True,optimal
611,19,Box9,1,42504000.0,42504000.0,211.35,False,Box9,1,42504000.0,42504000.0,7.934435999999323,False,heuristic,Box9,1,42504000.0,42504000.0,150.76574200000437,True,optimal
612,5,Box4,1,13260000.0,13260000.0,205.63,False,Box4,1,13260000.0,13260000.0,0.5625199999954589,False,heuristic,Box4,1,13260000.0,13260000.0,13.928382999999656,True,optimal
613,6,Box8,1,14616000.0,14616000.0,176.12,False,Box8,1,14616000.0,14616000.0,0.5792380000002595,False,heuristic,Box8,1,14616000.0,14616000.0,19.016888999999537,True,optimal
614,9,Box6,1,24752000.0,24752000.0,310.63,False,Box9,1,42504000.0,42504000.0,3.0574310000019977,False,heuristic,Box6,1,24752000.0,24752000.0,37.88282500000406,True,optimal
615,5,Box8,1,14616000.0,14616000.0,180.99,False,Box8,1,14616000.0,14616000.0,2.036785000001373,False,heuristic,Box8,1,14616000.0,14616000.0,15.147810999998512,True,optimal
616,11,Box8,1,14616000.0,14616000.0,171.71,False,Box8,1,14616000.0,14616000.0,7.571015999999986,False,heuristic,Box8,1,14616000.0,14616000.0,60.9999190000039,True,optimal
617,11,Box6,1,24752000.0,24752000.0,175.58,False,Box9,1,42504000.0,42504000.0,6.993059999999218,False,heuristic,Box6,1,24752000.0,24752000.0,90.42124999999857,True,optimal
618,8,Box8,1,14616000.0,14616000.0,204.17,False,Box8,1,14616000.0,14616000.0,0.9841850000000818,False,heuristic,Box8,1,14616000.0,14616000.0,33.14882200000113,True,optimal
619,6,Box5,1,20774000.0,20774000.0,168.2,False,Box5,1,20774000.0,20774000.0,2.1183410000062963,False,heuristic,Box5,1,20774000.0,20774000.0,27.764300999997715,True,optimal
620,9,Box5,1,20774000.0,20774000.0,295.36,False,Box5,1,20774000.0,20774000.0,1.4280769999999166,False,heuristic,Box5,1,20774000.0,20774000.0,32.46589999999827,True,optimal
621,8,Box5,1,20774000.0,20774000.0,165.9,False,Box6,1,24752000.0,24752000.0,4.6400969999993436,False,heuristic,Box5,1,20774000.0,20774000.0,31.880922999995676,True,optimal
622,4,Box2,1,5278500.0,5278500.0,175.38,False,Box2,1,5278500.0,5278500.0,0.3598009999947749,False,heuristic,Box2,1,5278500.0,5278500.0,7.905103999995333,True,optimal
623,3,Box2,1,5278500.0,5278500.0,180.73,False,Box2,1,5278500.0,5278500.0,0.21259500000070375,False,heuristic,Box2,1,5278500.0,5278500.0,3.7991109999993,True,optimal
624,5,Box4,1,13260000.0,13260000.0,168.08,False,Box4,1,13260000.0,13260000.0,0.6010649999979023,False,heuristic,Box4,1,13260000.0,13260000.0,13.808492999999089,True,optimal
625,6,Box2,1,5278500.0,5278500.0,173.13,False,Box2,1,5278500.0,5278500.0,0.603998999999078,False,heuristic,Box2,1,5278500.0,5278500.0,16.79004700000064,True,optimal
626,4,Box8,1,14616000.0,14616000.0,199.7,False,Box8,1,14616000.0,14616000.0,1.0704090000004385,False,heuristic,Box8,1,14616000.0,14616000.0,16.137284999999224,True,optimal
627,9,Box6,1,24752000.0,24752000.0,200.14,False,Box9,1,42504000.0,42504000.0,3.8401589999992325,False,heuristic,Box6,1,24752000.0,24752000.0,43.47388099999705,True,optimal
628,5,Box4,1,13260000.0,13260000.0,174.63,False,Box4,1,13260000.0,13260000.0,1.7220980000018926,False,heuristic,Box4,1,13260000.0,13260000.0,22.385358999997607,True,optimal
629,7,Box6,1,24752000.0,24752000.0,174.8,False,Box9,1,42504000.0,42504000.0,1.9003969999999981,False,heuristic,Box6,1,24752000.0,24752000.0,23.227947999998833,True,optimal
630,5,Box8,1,14616000.0,14616000.0,184.12,False,Box8,1,14616000.0,14616000.0,0.45803599999771905,False,heuristic,Box8,1,14616000.0,14616000.0,13.073804000001132,True,optimal
631,7,Box4,1,13260000.0,13260000.0,319.81,False,Box4,1,13260000.0,13260000.0,0.9311869999990563,False,heuristic,Box4,1,13260000.0,13260000.0,22.933155000004035,True,optimal
632,9,Box9,1,42504000.0,42504000.0,163.35,False,Box9,1,42504000.0,42504000.0,1.942988000003254,False,heuristic,Box9,1,42504000.0,42504000.0,38.49713199999627,True,optimal
633,5,Box4,1,13260000.0,13260000.0,522.44,False,Box4,1,13260000.0,13260000.0,1.5970390000035195,False,heuristic,Box4,1,13260000.0,13260000.0,21.08957400000122,True,optimal
634,6,Box2,1,5278500.0,5278500.0,166.76,False,Box2,1,5278500.0,5278500.0,0.5752109999974664,False,heuristic,Box2,1,5278500.0,5278500.0,16.653168000004825,True,optimal
635,6,Box5,1,20774000.0,20774000.0,192.96,False,Box5,1,20774000.0,20774000.0,0.661956999998381,False,heuristic,Box5,1,20774000.0,20774000.0,17.6327349999994,True,optimal
636,10,Box9,1,42504000.0,42504000.0,185.72,False,Box9,1,42504000.0,42504000.0,2.080017000004375,False,heuristic,Box9,1,42504000.0,42504000.0,45.45831800000144,True,optimal
637,11,Box5,1,20774000.0,20774000.0,177.32,False,Box5,1,20774000.0,20774000.0,1.9515019999971628,False,heuristic,Box5,1,20774000.0,20774000.0,48.05227500000342,True,optimal
638,4,Box6,1,24752000.0,24752000.0,168.75,False,Box6,1,24752000.0,24752000.0,1.1599790000005328,False,heuristic,Box6,1,24752000.0,24752000.0,16.255503000003557,True,optimal
639,2,Box8,1,14616000.0,14616000.0,192.48,False,Box8,1,14616000.0,14616000.0,0.5138089999974227,False,heuristic,Box8,1,14616000.0,14616000.0,3.863709000000881,True,optimal
640,7,Box8,1,14616000.0,14616000.0,189.98,False,Box8,1,14616000.0,14616000.0,1.0513679999988312,False,heuristic,Box8,1,14616000.0,14616000.0,31.58483800000056,True,optimal
641,10,Box6,1,24752000.0,24752000.0,367.72,False,Box6,1,24752000.0,24752000.0,3.105810999997516,False,heuristic,Box6,1,24752000.0,24752000.0,47.28555300000181,True,optimal
642,4,Box2,1,5278500.0,5278500.0,191.51,False,Box2,1,5278500.0,5278500.0,0.34814199999999573,False,heuristic,Box2,1,5278500.0,5278500.0,8.09710600000102,True,optimal
643,9,Box5,1,20774000.0,20774000.0,191.4,False,Box5,1,20774000.0,20774000.0,1.6548060000047826,False,heuristic,Box5,1,20774000.0,20774000.0,41.49877499999377,True,optimal
644,7,Box9,1,42504000.0,42504000.0,164.9,False,Box9,1,42504000.0,42504000.0,2.449082000005376,False,heuristic,Box9,1,42504000.0,42504000.0,44.75698400000283,True,optimal
645,4,Box2,1,5278500.0,5278500.0,187.34,False,Box2,1,5278500.0,5278500.0,0.37816100000043207,False,heuristic,Box2,1,5278500.0,5278500.0,7.296611000001008,True,optimal
646,5,Box9,1,42504000.0,42504000.0,186.64,False,Box9,1,42504000.0,42504000.0,0.8586029999975153,False,heuristic,Box9,1,42504000.0,42504000.0,20.4947329999996,True,optimal
647,6,Box2,1,5278500.0,5278500.0,187.95,False,Box2,1,5278500.0,5278500.0,0.5650579999993965,False,heuristic,Box2,1,5278500.0,5278500.0,18.750226000001646,True,optimal
648,11,Box9,1,42504000.0,42504000.0,194.91,False,Box9,1,42504000.0,42504000.0,3.0978340000018534,False,heuristic,Box9,1,42504000.0,42504000.0,56.13928399999679,True,optimal
649,10,Box5,1,20774000.0,20774000.0,208.66,False,Box9,1,42504000.0,42504000.0,5.090298999995468,False,heuristic,Box5,1,20774000.0,20774000.0,46.17304399999966,True,optimal
650,8,Box2,1,5278500.0,5278500.0,174.86,False,Box2,1,5278500.0,5278500.0,1.1070919999980333,False,heuristic,Box2,1,5278500.0,5278500.0,26.503495000000044,True,optimal
651,8,Box2,1,5278500.0,5278500.0,193.36,False,Box2,1,5278500.0,5278500.0,1.2025329999971746,False,heuristic,Box2,1,5278500.0,5278500.0,26.771480999997266,True,optimal
652,12,Box5,1,20774000.0,20774000.0,324.43,False,Box5,1,20774000.0,20774000.0,3.020979999995177,False,heuristic,Box5,1,20774000.0,20774000.0,59.31637499999454,True,optimal
653,3,Box8,1,14616000.0,14616000.0,164.56,False,Box8,1,14616000.0,14616000.0,0.2536359999965043,False,heuristic,Box8,1,14616000.0,14616000.0,5.716366999998002,True,optimal
654,7,Box4,1,13260000.0,13260000.0,181.88,False,Box4,1,13260000.0,13260000.0,0.8406870000001732,False,heuristic,Box4,1,13260000.0,13260000.0,23.766434999998864,True,optimal
655,5,Box5,1,20774000.0,20774000.0,191.91,False,Box5,1,20774000.0,20774000.0,0.5303169999990587,False,heuristic,Box5,1,20774000.0,20774000.0,13.38760400000183,True,optimal
656,5,Box8,1,14616000.0,14616000.0,189.51,False,Box8,1,14616000.0,14616000.0,0.6477409999945394,False,heuristic,Box8,1,14616000.0,14616000.0,14.095533000002547,True,optimal
657,5,Box5,1,20774000.0,20774000.0,185.66,False,Box5,1,20774000.0,20774000.0,1.694002999997224,False,heuristic,Box5,1,20774000.0,20774000.0,19.183899000005056,True,optimal
658,6,Box8,1,14616000.0,14616000.0,194.62,False,Box6,1,24752000.0,24752000.0,2.1152559999961795,False,heuristic,Box8,1,14616000.0,14616000.0,17.89350600000006,True,optimal
659,7,Box8,1,14616000.0,14616000.0,184.84,False,Box8,1,14616000.0,14616000.0,0.8689980000013975,False,heuristic,Box8,1,14616000.0,14616000.0,22.636959999999817,True,optimal
660,9,Box9,1,42504000.0,42504000.0,214.98,False,Box9,1,42504000.0,42504000.0,2.3413130000022875,False,heuristic,Box9,1,42504000.0,42504000.0,36.334743999994146,True,optimal
661,4,Box4,1,13260000.0,13260000.0,205.88,False,Box4,1,13260000.0,13260000.0,0.9962980000040034,False,heuristic,Box4,1,13260000.0,13260000.0,13.3907490000027,True,optimal
662,3,Box8,1,14616000.0,14616000.0,194.82,False,Box8,1,14616000.0,14616000.0,0.22128800000587034,False,heuristic,Box8,1,14616000.0,14616000.0,5.050449999998818,True,optimal
663,6,Box6,1,24752000.0,24752000.0,196.06,False,Box6,1,24752000.0,24752000.0,2.081836999998643,False,heuristic,Box6,1,24752000.0,24752000.0,35.51338599999809,True,optimal
664,6,Box4,1,13260000.0,13260000.0,194.37,False,Box4,1,13260000.0,13260000.0,0.5829039999980523,False,heuristic,Box4,1,13260000.0,13260000.0,18.017739999997673,True,optimal
665,5,Box4,1,13260000.0,13260000.0,198.38,False,Box4,1,13260000.0,13260000.0,1.745728999999585,False,heuristic,Box4,1,13260000.0,13260000.0,21.991533000004893,True,optimal
666,7,Box5,1,20774000.0,20774000.0,193.64,False,Box5,1,20774000.0,20774000.0,0.8452940000012177,False,heuristic,Box5,1,20774000.0,20774000.0,22.443113000001347,True,optimal
667,10,Box5,1,20774000.0,20774000.0,193.51,False,Box6,1,24752000.0,24752000.0,3.0808289999981753,False,heuristic,Box8,1,14616000.0,14616000.0,44.45965299999699,True,optimal
668,4,Box6,1,24752000.0,24752000.0,205.51,False,Box6,1,24752000.0,24752000.0,1.1509970000034286,False,heuristic,Box6,1,24752000.0,24752000.0,16.283438000002093,True,optimal
669,5,Box4,1,13260000.0,13260000.0,264.23,False,Box4,1,13260000.0,13260000.0,1.6393010000044228,False,heuristic,Box4,1,13260000.0,13260000.0,22.475190999998063,True,optimal
670,5,Box4,1,13260000.0,13260000.0,302.24,False,Box4,1,13260000.0,13260000.0,0.5811910000019793,False,heuristic,Box4,1,13260000.0,13260000.0,16.07284600000014,True,optimal
671,11,Box4,1,13260000.0,13260000.0,237.49,False,Box4,1,13260000.0,13260000.0,2.275515000000894,False,heuristic,Box4,1,13260000.0,13260000.0,61.6988689999971,True,optimal
672,5,Box4,1,13260000.0,13260000.0,197.59,False,Box4,1,13260000.0,13260000.0,1.7668399999948292,False,heuristic,Box4,1,13260000.0,13260000.0,21.52411000000143,True,optimal
673,1,Box2,1,5278500.0,5278500.0,190.72,False,Box2,1,5278500.0,5278500.0,0.1425909999994701,False,heuristic,Box2,1,5278500.0,5278500.0,0.8297199999987015,True,optimal
674,4,Box2,1,5278500.0,5278500.0,555.94,False,Box2,1,5278500.0,5278500.0,0.3779299999990826,False,heuristic,Box2,1,5278500.0,5278500.0,7.9978710000006,True,optimal
675,4,Box2,1,5278500.0,5278500.0,177.95,False,Box2,1,5278500.0,5278500.0,0.35752000000144335,False,heuristic,Box2,1,5278500.0,5278500.0,7.336711000000662,True,optimal
676,4,Box2,1,5278500.0,5278500.0,173.28,False,Box2,1,5278500.0,5278500.0,0.3570989999985841,False,heuristic,Box2,1,5278500.0,5278500.0,7.366424000004201,True,optimal
677,9,"Box9,Box9",2,85008000.0,42504000.0,243.83,False,"Box6,Box9,Box5",3,88030000.0,42504000.0,2.773262000005161,False,heuristic,"Box9,Box9",2,85008000.0,42504000.0,409.9153689999966,True,optimal
678,4,Box9,1,42504000.0,42504000.0,179.98,False,Box9,1,42504000.0,42504000.0,0.43008799999455505,False,heuristic,Box9,1,42504000.0,42504000.0,9.244980000005398,True,optimal
679,7,Box8,1,14616000.0,14616000.0,196.15,False,Box8,1,14616000.0,14616000.0,0.9596530000024472,False,heuristic,Box8,1,14616000.0,14616000.0,25.374830999993492,True,optimal
680,8,Box9,1,42504000.0,42504000.0,340.18,True,"Box6,Box6",2,49504000.0,24752000.0,0.6056080000007569,False,heuristic,"Box6,Box6",2,49504000.0,24752000.0,66.1009969999995,True,optimal
681,5,Box6,1,24752000.0,24752000.0,173.36,False,Box6,1,24752000.0,24752000.0,1.786608999999828,False,heuristic,Box6,1,24752000.0,24752000.0,14.5350250000007,True,optimal
682,5,Box4,1,13260000.0,13260000.0,174.49,False,Box4,1,13260000.0,13260000.0,0.5484639999977503,False,heuristic,Box4,1,13260000.0,13260000.0,14.220007999995232,True,optimal
683,5,Box2,1,5278500.0,5278500.0,231.06,False,Box2,1,5278500.0,5278500.0,0.44620100000258844,False,heuristic,Box2,1,5278500.0,5278500.0,12.131660999997962,True,optimal
684,7,Box9,1,42504000.0,42504000.0,182.06,False,Box9,1,42504000.0,42504000.0,1.3221310000020026,False,heuristic,Box9,1,42504000.0,42504000.0,24.285164000005466,True,optimal
685,6,Box9,1,42504000.0,42504000.0,179.81,False,Box9,1,42504000.0,42504000.0,1.5596229999985667,False,heuristic,Box6,1,24752000.0,24752000.0,31.381637999999157,True,optimal
686,9,Box6,1,24752000.0,24752000.0,331.2,False,Box9,1,42504000.0,42504000.0,3.0908240000044884,False,heuristic,Box6,1,24752000.0,24752000.0,39.95389100000324,True,optimal
687,4,Box4,1,13260000.0,13260000.0,169.56,False,Box4,1,13260000.0,13260000.0,0.36009400000125424,False,heuristic,Box4,1,13260000.0,13260000.0,8.883924999999238,True,optimal
688,7,Box8,1,14616000.0,14616000.0,176.38,False,Box8,1,14616000.0,14616000.0,1.094553000001497,False,heuristic,Box8,1,14616000.0,14616000.0,24.37467699999729,True,optimal
689,7,"Box9,Box4",2,55764000.0,42504000.0,474.31,True,"Box9,Box9",2,85008000.0,42504000.0,1.0009040000014124,False,heuristic,"Box4,Box9",2,55764000.0,42504000.0,36.16486199999969,True,optimal
690,4,Box4,1,13260000.0,13260000.0,173.37,False,Box4,1,13260000.0,13260000.0,0.38811499999980015,False,heuristic,Box4,1,13260000.0,13260000.0,9.95577399999803,True,optimal
691,4,Box8,1,14616000.0,14616000.0,194.75,False,Box8,1,14616000.0,14616000.0,0.40369900000314374,False,heuristic,Box8,1,14616000.0,14616000.0,7.629485000002489,True,optimal
692,5,Box4,1,13260000.0,13260000.0,188.85,False,Box4,1,13260000.0,13260000.0,0.5165659999946115,False,heuristic,Box4,1,13260000.0,13260000.0,13.97224000000108,True,optimal
693,2,Box2,1,5278500.0,5278500.0,191.44,False,Box2,1,5278500.0,5278500.0,0.21052200000326593,False,heuristic,Box2,1,5278500.0,5278500.0,2.187544999998181,True,optimal
694,5,Box4,1,13260000.0,13260000.0,191.84,False,Box4,1,13260000.0,13260000.0,1.7919080000012855,False,heuristic,Box4,1,13260000.0,13260000.0,19.395723999998893,True,optimal
695,8,Box6,1,24752000.0,24752000.0,174.12,False,Box5,1,20774000.0,20774000.0,0.9834990000001653,False,heuristic,Box5,1,20774000.0,20774000.0,31.083195999997315,True,optimal
696,5,Box4,1,13260000.0,13260000.0,187.55,False,Box4,1,13260000.0,13260000.0,1.5371189999981993,False,heuristic,Box2,1,5278500.0,5278500.0,11.902832000004082,True,optimal
697,5,Box8,1,14616000.0,14616000.0,184.33,False,Box8,1,14616000.0,14616000.0,0.6902830000043991,False,heuristic,Box8,1,14616000.0,14616000.0,14.65840899999904,True,optimal
698,10,Box5,1,20774000.0,20774000.0,173.57,False,Box5,1,20774000.0,20774000.0,1.5043309999995813,False,heuristic,Box5,1,20774000.0,20774000.0,47.68560699999824,True,optimal
699,10,Box4,1,13260000.0,13260000.0,209.14,False,Box8,1,14616000.0,14616000.0,5.934750999998073,False,heuristic,Box4,1,13260000.0,13260000.0,52.16300700000431,True,optimal
700,4,Box2,1,5278500.0,5278500.0,184.18,False,Box2,1,5278500.0,5278500.0,0.35926299999999856,False,heuristic,Box2,1,5278500.0,5278500.0,7.4069950000037466,True,optimal
701,5,Box8,1,14616000.0,14616000.0,198.86,False,Box8,1,14616000.0,14616000.0,0.7377250000217828,False,heuristic,Box8,1,14616000.0,14616000.0,15.4871270000001,True,optimal
702,7,Box4,1,13260000.0,13260000.0,196.09,False,Box4,1,13260000.0,13260000.0,0.6724700000120265,False,heuristic,Box4,1,13260000.0,13260000.0,21.07749999998987,True,optimal
703,8,Box9,1,42504000.0,42504000.0,371.82,True,"Box9,Box4",2,55764000.0,42504000.0,0.5927470000131052,False,heuristic,"Box4,Box9",2,55764000.0,42504000.0,44.13533600001074,True,optimal
704,7,Box9,1,42504000.0,42504000.0,290.71,False,Box9,1,42504000.0,42504000.0,0.8380139999815128,False,heuristic,Box9,1,42504000.0,42504000.0,20.936149999982945,True,optimal
705,7,Box4,1,13260000.0,13260000.0,180.66,False,Box4,1,13260000.0,13260000.0,0.8976199999892742,False,heuristic,Box4,1,13260000.0,13260000.0,23.313867000013033,True,optimal
706,8,Box5,1,20774000.0,20774000.0,193.49,False,Box5,1,20774000.0,20774000.0,1.0098470000059478,False,heuristic,Box5,1,20774000.0,20774000.0,31.972314999990203,True,optimal
707,7,Box4,1,13260000.0,13260000.0,187.64,False,Box4,1,13260000.0,13260000.0,1.0790160000055948,False,heuristic,Box4,1,13260000.0,13260000.0,23.640562999986514,True,optimal
708,1,Box2,1,5278500.0,5278500.0,191.32,False,Box2,1,5278500.0,5278500.0,0.0967129999764893,False,heuristic,Box2,1,5278500.0,5278500.0,0.7645899999886296,True,optimal
709,3,Box9,1,42504000.0,42504000.0,194.75,False,Box9,1,42504000.0,42504000.0,0.3048670000111997,False,heuristic,Box9,1,42504000.0,42504000.0,6.015577999988864,True,optimal
710,5,Box4,1,13260000.0,13260000.0,192.11,False,Box4,1,13260000.0,13260000.0,0.5357699999990473,False,heuristic,Box4,1,13260000.0,13260000.0,13.056128000016543,True,optimal
711,5,Box2,1,5278500.0,5278500.0,191.77,False,Box4,1,13260000.0,13260000.0,1.8447019999996428,False,heuristic,Box2,1,5278500.0,5278500.0,11.088942000014868,True,optimal
712,7,Box4,1,13260000.0,13260000.0,198.49,False,Box8,1,14616000.0,14616000.0,2.3136819999933778,False,heuristic,Box4,1,13260000.0,13260000.0,25.9006230000125,True,optimal
713,11,Box8,1,14616000.0,14616000.0,2614.53,False,Box8,1,14616000.0,14616000.0,2.2738959999912822,False,heuristic,Box8,1,14616000.0,14616000.0,61.03444500001842,True,optimal
714,7,Box9,1,42504000.0,42504000.0,185.84,False,Box9,1,42504000.0,42504000.0,0.5996470000013687,False,heuristic,Box9,1,42504000.0,42504000.0,20.408446999994112,True,optimal
715,8,Box9,1,42504000.0,42504000.0,316.97,False,Box9,1,42504000.0,42504000.0,1.1936230000060277,False,heuristic,Box9,1,42504000.0,42504000.0,25.867517999984102,True,optimal
716,7,Box5,1,20774000.0,20774000.0,174.72,False,Box5,1,20774000.0,20774000.0,0.9610219999842684,False,heuristic,Box5,1,20774000.0,20774000.0,27.480005999990453,True,optimal
717,3,Box9,1,42504000.0,42504000.0,176.16,False,Box9,1,42504000.0,42504000.0,0.4646229999991647,False,heuristic,Box9,1,42504000.0,42504000.0,7.58866399999647,True,optimal
718,4,Box4,1,13260000.0,13260000.0,172.33,False,Box4,1,13260000.0,13260000.0,0.3231790000199908,False,heuristic,Box4,1,13260000.0,13260000.0,8.435225999988916,True,optimal
719,4,Box4,1,13260000.0,13260000.0,187.3,False,Box4,1,13260000.0,13260000.0,0.9161760000040431,False,heuristic,Box4,1,13260000.0,13260000.0,12.298430000015514,True,optimal
720,5,Box2,1,5278500.0,5278500.0,179.15,False,Box2,1,5278500.0,5278500.0,0.49816999998597566,False,heuristic,Box2,1,5278500.0,5278500.0,11.038471000006211,True,optimal
721,2,Box2,1,5278500.0,5278500.0,181.05,False,Box2,1,5278500.0,5278500.0,0.1844909999988431,False,heuristic,Box2,1,5278500.0,5278500.0,2.1152349999908893,True,optimal
722,4,Box2,1,5278500.0,5278500.0,198.91,False,Box2,1,5278500.0,5278500.0,0.29025599999954466,False,heuristic,Box2,1,5278500.0,5278500.0,5.433274000012034,True,optimal
723,7,Box4,1,13260000.0,13260000.0,202.0,False,Box4,1,13260000.0,13260000.0,0.8239419999824804,False,heuristic,Box4,1,13260000.0,13260000.0,23.37633599998412,True,optimal
724,5,Box4,1,13260000.0,13260000.0,202.22,False,Box4,1,13260000.0,13260000.0,0.5273499999987052,False,heuristic,Box4,1,13260000.0,13260000.0,13.573406999995541,True,optimal
725,7,Box6,1,24752000.0,24752000.0,167.99,False,Box6,1,24752000.0,24752000.0,0.6580659999997351,False,heuristic,Box6,1,24752000.0,24752000.0,21.24326999998516,True,optimal
726,9,Box6,1,24752000.0,24752000.0,203.7,False,Box9,1,42504000.0,42504000.0,2.9322480000075757,False,heuristic,Box6,1,24752000.0,24752000.0,52.06340700001988,True,optimal
727,7,Box4,1,13260000.0,13260000.0,161.42,False,Box4,1,13260000.0,13260000.0,0.8553739999968002,False,heuristic,Box4,1,13260000.0,13260000.0,23.81621800000744,True,optimal
728,3,Box2,1,5278500.0,5278500.0,184.25,False,Box2,1,5278500.0,5278500.0,0.29725400000302216,False,heuristic,Box2,1,5278500.0,5278500.0,5.562284999996336,True,optimal
729,6,Box2,1,5278500.0,5278500.0,167.86,False,Box2,1,5278500.0,5278500.0,0.6103260000145383,False,heuristic,Box2,1,5278500.0,5278500.0,15.778323999995791,True,optimal
730,5,Box9,1,42504000.0,42504000.0,178.61,False,Box9,1,42504000.0,42504000.0,1.294775999980402,False,heuristic,Box9,1,42504000.0,42504000.0,25.95655000001784,True,optimal
731,7,Box5,1,20774000.0,20774000.0,181.63,False,Box5,1,20774000.0,20774000.0,3.696550000000798,False,heuristic,Box5,1,20774000.0,20774000.0,27.77067700000657,True,optimal
732,15,Box8,1,14616000.0,14616000.0,211.77,False,Box5,1,20774000.0,20774000.0,11.45502599999304,False,heuristic,Box8,1,14616000.0,14616000.0,98.7839729999962,True,optimal
733,5,Box4,1,13260000.0,13260000.0,427.45,False,Box4,1,13260000.0,13260000.0,1.399608000014041,False,heuristic,Box4,1,13260000.0,13260000.0,29.395017000013013,True,optimal
734,5,Box8,1,14616000.0,14616000.0,169.11,False,"Box4,Box2,Box2",3,23817000.0,13260000.0,1.519741999999269,False,heuristic,Box8,1,14616000.0,14616000.0,22.371004000007133,True,optimal
735,4,Box2,1,5278500.0,5278500.0,197.16,False,Box2,1,5278500.0,5278500.0,0.35081500001865606,False,heuristic,Box2,1,5278500.0,5278500.0,7.141695000001391,True,optimal
736,1,Box2,1,5278500.0,5278500.0,180.94,False,Box2,1,5278500.0,5278500.0,0.10022300000400719,False,heuristic,Box2,1,5278500.0,5278500.0,0.6656879999979992,True,optimal
737,6,Box2,1,5278500.0,5278500.0,182.11,False,Box2,1,5278500.0,5278500.0,0.5215589999920667,False,heuristic,Box2,1,5278500.0,5278500.0,15.581455000017286,True,optimal
738,8,Box6,1,24752000.0,24752000.0,209.8,False,Box5,1,20774000.0,20774000.0,0.752595999983896,False,heuristic,Box5,1,20774000.0,20774000.0,26.424560999998903,True,optimal
739,8,Box6,1,24752000.0,24752000.0,211.12,False,Box9,1,42504000.0,42504000.0,2.5996040000109133,False,heuristic,Box6,1,24752000.0,24752000.0,42.95822200000998,True,optimal
740,11,Box5,1,20774000.0,20774000.0,197.99,False,Box5,1,20774000.0,20774000.0,7.748230999993666,False,heuristic,Box5,1,20774000.0,20774000.0,62.548530000015035,True,optimal
741,4,Box8,1,14616000.0,14616000.0,177.96,False,Box8,1,14616000.0,14616000.0,0.4252850000057151,False,heuristic,Box8,1,14616000.0,14616000.0,7.674323999992794,True,optimal
742,1,Box2,1,5278500.0,5278500.0,185.31,False,Box2,1,5278500.0,5278500.0,0.1452369999981329,False,heuristic,Box2,1,5278500.0,5278500.0,0.693780999995397,True,optimal
743,8,Box2,1,5278500.0,5278500.0,189.85,False,Box2,1,5278500.0,5278500.0,0.989228999998204,False,heuristic,Box2,1,5278500.0,5278500.0,24.7435830000029,True,optimal
744,5,Box4,1,13260000.0,13260000.0,190.14,False,Box4,1,13260000.0,13260000.0,0.3952520000041204,False,heuristic,Box4,1,13260000.0,13260000.0,11.312003999989884,True,optimal
745,2,Box8,1,14616000.0,14616000.0,678.6,False,Box8,1,14616000.0,14616000.0,0.5013040000108049,False,heuristic,Box8,1,14616000.0,14616000.0,3.4134320000021035,True,optimal
746,11,Box4,1,13260000.0,13260000.0,179.86,False,Box4,1,13260000.0,13260000.0,2.960860999991155,False,heuristic,Box4,1,13260000.0,13260000.0,48.23206899999377,True,optimal
747,5,Box4,1,13260000.0,13260000.0,202.94,False,Box4,1,13260000.0,13260000.0,0.6184619999771712,False,heuristic,Box4,1,13260000.0,13260000.0,12.602985999990324,True,optimal
748,5,Box4,1,13260000.0,13260000.0,204.59,False,Box4,1,13260000.0,13260000.0,1.5035629999999855,False,heuristic,Box4,1,13260000.0,13260000.0,20.58764200000951,True,optimal
749,6,Box8,1,14616000.0,14616000.0,186.45,False,Box8,1,14616000.0,14616000.0,0.6754550000209747,False,heuristic,Box8,1,14616000.0,14616000.0,16.35521800000106,True,optimal
750,9,Box9,1,42504000.0,42504000.0,196.62,False,Box9,1,42504000.0,42504000.0,0.9833239999750276,False,heuristic,Box9,1,42504000.0,42504000.0,34.893304000007674,True,optimal
751,4,Box2,1,5278500.0,5278500.0,169.37,False,Box2,1,5278500.0,5278500.0,0.3336580000166123,False,heuristic,Box2,1,5278500.0,5278500.0,6.810403000002907,True,optimal
752,3,Box4,1,13260000.0,13260000.0,169.78,False,Box4,1,13260000.0,13260000.0,0.9330809999994472,False,heuristic,Box4,1,13260000.0,13260000.0,9.446405999995022,True,optimal
753,6,Box2,1,5278500.0,5278500.0,177.44,False,Box2,1,5278500.0,5278500.0,0.5241709999950217,False,heuristic,Box2,1,5278500.0,5278500.0,14.1090760000111,True,optimal
754,5,Box4,1,13260000.0,13260000.0,192.56,False,Box4,1,13260000.0,13260000.0,0.44709599998782323,False,heuristic,Box4,1,13260000.0,13260000.0,11.173310999993191,True,optimal
755,6,Box2,1,5278500.0,5278500.0,194.55,False,Box2,1,5278500.0,5278500.0,0.5093259999853217,False,heuristic,Box2,1,5278500.0,5278500.0,14.99414599999227,True,optimal
756,7,Box8,1,14616000.0,14616000.0,191.78,False,Box8,1,14616000.0,14616000.0,4.192834999997785,False,heuristic,Box8,1,14616000.0,14616000.0,28.069709999982706,True,optimal
757,15,Box5,1,20774000.0,20774000.0,190.53,False,Box5,1,20774000.0,20774000.0,3.2409029999769245,False,heuristic,Box5,1,20774000.0,20774000.0,78.29887100001542,True,optimal
758,11,Box4,1,13260000.0,13260000.0,208.64,False,Box4,1,13260000.0,13260000.0,1.8154900000126872,False,heuristic,Box4,1,13260000.0,13260000.0,48.89096599998766,True,optimal
759,4,Box6,1,24752000.0,24752000.0,187.77,False,Box6,1,24752000.0,24752000.0,0.1937389999966399,False,heuristic,Box6,1,24752000.0,24752000.0,6.766274999989719,True,optimal
760,3,Box2,1,5278500.0,5278500.0,169.63,False,Box2,1,5278500.0,5278500.0,0.24610999997776162,False,heuristic,Box2,1,5278500.0,5278500.0,4.479443999997557,True,optimal
761,5,Box6,1,24752000.0,24752000.0,177.38,False,Box6,1,24752000.0,24752000.0,1.5550869999856332,False,heuristic,Box6,1,24752000.0,24752000.0,22.451948000025368,True,optimal
762,4,Box2,1,5278500.0,5278500.0,178.72,False,Box2,1,5278500.0,5278500.0,0.33551699999634366,False,heuristic,Box2,1,5278500.0,5278500.0,8.37009299999636,True,optimal
763,6,Box5,1,20774000.0,20774000.0,207.92,False,Box5,1,20774000.0,20774000.0,1.2764440000125887,False,heuristic,Box5,1,20774000.0,20774000.0,40.993908000018564,True,optimal
764,4,Box5,1,20774000.0,20774000.0,193.64,False,Box5,1,20774000.0,20774000.0,0.3021279999870785,False,heuristic,Box5,1,20774000.0,20774000.0,8.047758999992993,True,optimal
765,5,Box8,1,14616000.0,14616000.0,221.02,False,Box8,1,14616000.0,14616000.0,0.48117999997998595,False,heuristic,Box8,1,14616000.0,14616000.0,11.057485999998562,True,optimal
766,7,Box8,1,14616000.0,14616000.0,172.28,False,Box8,1,14616000.0,14616000.0,0.7353299999977025,False,heuristic,Box8,1,14616000.0,14616000.0,22.439154000011285,True,optimal
767,6,Box2,1,5278500.0,5278500.0,188.96,False,Box2,1,5278500.0,5278500.0,0.5205310000064856,False,heuristic,Box2,1,5278500.0,5278500.0,15.135366000009753,True,optimal
768,14,Box8,1,14616000.0,14616000.0,185.01,False,Box8,1,14616000.0,14616000.0,10.437987000017301,False,heuristic,Box8,1,14616000.0,14616000.0,88.15914199999497,True,optimal
769,7,Box2,1,5278500.0,5278500.0,180.49,False,Box2,1,5278500.0,5278500.0,0.7389830000192887,False,heuristic,Box2,1,5278500.0,5278500.0,21.53812499997798,True,optimal
770,11,Box6,1,24752000.0,24752000.0,186.04,False,Box6,1,24752000.0,24752000.0,1.903830999992806,False,heuristic,Box6,1,24752000.0,24752000.0,53.03220600001168,True,optimal
771,10,Box6,1,24752000.0,24752000.0,182.43,False,Box6,1,24752000.0,24752000.0,1.255017999994834,False,heuristic,Box6,1,24752000.0,24752000.0,42.4396589999958,True,optimal
772,4,"Box9,Box5",2,63278000.0,42504000.0,250.27,False,"Box9,Box5",2,63278000.0,42504000.0,0.5365990000143483,False,heuristic,"Box5,Box9",2,63278000.0,42504000.0,97.40519300001438,True,optimal
773,9,Box6,1,24752000.0,24752000.0,172.7,False,Box6,1,24752000.0,24752000.0,1.3994050000007974,False,heuristic,Box6,1,24752000.0,24752000.0,36.29839500001708,True,optimal
774,5,Box8,1,14616000.0,14616000.0,207.63,False,Box8,1,14616000.0,14616000.0,2.0094719999974586,False,heuristic,Box8,1,14616000.0,14616000.0,14.512101000008215,True,optimal
775,9,Box6,1,24752000.0,24752000.0,177.5,False,Box6,1,24752000.0,24752000.0,1.3590430000078868,False,heuristic,Box6,1,24752000.0,24752000.0,36.787547000017184,True,optimal
776,8,Box9,1,42504000.0,42504000.0,327.39,False,Box9,1,42504000.0,42504000.0,0.8720509999875503,False,heuristic,Box9,1,42504000.0,42504000.0,25.477704999985917,True,optimal
777,11,Box8,1,14616000.0,14616000.0,177.17,False,Box8,1,14616000.0,14616000.0,10.62226900000951,False,heuristic,Box8,1,14616000.0,14616000.0,65.06833199998141,True,optimal
778,7,Box6,1,24752000.0,24752000.0,182.78,False,Box6,1,24752000.0,24752000.0,0.9760910000125023,False,heuristic,Box6,1,24752000.0,24752000.0,20.391509000006636,True,optimal
779,7,Box4,1,13260000.0,13260000.0,190.98,False,Box4,1,13260000.0,13260000.0,0.9940690000007635,False,heuristic,Box4,1,13260000.0,13260000.0,21.116366000001108,True,optimal
780,7,Box5,1,20774000.0,20774000.0,175.68,False,Box6,1,24752000.0,24752000.0,2.7769600000056016,False,heuristic,Box5,1,20774000.0,20774000.0,27.647580999996535,True,optimal
781,8,Box5,1,20774000.0,20774000.0,183.8,False,Box5,1,20774000.0,20774000.0,4.6250169999950685,False,heuristic,Box5,1,20774000.0,20774000.0,32.80439299999216,True,optimal
782,10,Box9,1,42504000.0,42504000.0,190.17,False,Box9,1,42504000.0,42504000.0,1.2271980000093663,False,heuristic,Box9,1,42504000.0,42504000.0,42.957362999999305,True,optimal
783,16,Box6,1,24752000.0,24752000.0,209.12,False,Box6,1,24752000.0,24752000.0,4.387504999982639,False,heuristic,Box6,1,24752000.0,24752000.0,111.55845900000827,True,optimal
784,4,"Box9,Box5",2,63278000.0,42504000.0,250.7,False,"Box9,Box5",2,63278000.0,42504000.0,0.5001499999934822,False,heuristic,"Box5,Box9",2,63278000.0,42504000.0,90.22448400000371,True,optimal
785,5,Box6,1,24752000.0,24752000.0,182.25,False,Box6,1,24752000.0,24752000.0,1.4017670000043836,False,heuristic,Box6,1,24752000.0,24752000.0,19.28052599998864,True,optimal
786,7,Box4,1,13260000.0,13260000.0,183.49,False,Box4,1,13260000.0,13260000.0,1.1873480000019754,False,heuristic,Box4,1,13260000.0,13260000.0,22.664587000008396,True,optimal
787,11,Box9,1,42504000.0,42504000.0,466.15,False,Box9,1,42504000.0,42504000.0,2.3722829999996975,False,heuristic,Box9,1,42504000.0,42504000.0,51.598068000004105,True,optimal
788,3,Box2,1,5278500.0,5278500.0,195.22,False,Box2,1,5278500.0,5278500.0,0.2897480000001451,False,heuristic,Box2,1,5278500.0,5278500.0,5.087407000019084,True,optimal
789,7,Box5,1,20774000.0,20774000.0,185.42,False,Box5,1,20774000.0,20774000.0,0.7363290000057532,False,heuristic,Box5,1,20774000.0,20774000.0,24.94919299999765,True,optimal
790,6,Box2,1,5278500.0,5278500.0,169.45,False,Box2,1,5278500.0,5278500.0,0.5871909999939362,False,heuristic,Box2,1,5278500.0,5278500.0,15.122863999977199,True,optimal
791,5,Box4,1,13260000.0,13260000.0,172.62,False,Box4,1,13260000.0,13260000.0,1.6102330000080656,False,heuristic,Box4,1,13260000.0,13260000.0,20.98032300000341,True,optimal
792,11,Box5,1,20774000.0,20774000.0,167.59,False,Box5,1,20774000.0,20774000.0,1.0149660000138283,False,heuristic,Box5,1,20774000.0,20774000.0,38.72244100000444,True,optimal
793,7,Box5,1,20774000.0,20774000.0,189.32,False,Box5,1,20774000.0,20774000.0,1.084001999998918,False,heuristic,Box5,1,20774000.0,20774000.0,22.103874000009682,True,optimal
794,11,Box8,1,14616000.0,14616000.0,170.02,False,Box8,1,14616000.0,14616000.0,1.778284000010899,False,heuristic,Box8,1,14616000.0,14616000.0,51.10750099998995,True,optimal
795,6,Box8,1,14616000.0,14616000.0,172.98,False,Box8,1,14616000.0,14616000.0,2.260155000016084,False,heuristic,Box8,1,14616000.0,14616000.0,19.236163000016404,True,optimal
796,14,Box5,1,20774000.0,20774000.0,191.72,False,Box5,1,20774000.0,20774000.0,2.626887000019451,False,heuristic,Box5,1,20774000.0,20774000.0,82.45397400000343,True,optimal
797,1,Box4,1,13260000.0,13260000.0,157.67,False,Box4,1,13260000.0,13260000.0,0.09043899999028326,False,heuristic,Box4,1,13260000.0,13260000.0,0.7504089999770258,True,optimal
798,3,Box4,1,13260000.0,13260000.0,175.52,False,Box4,1,13260000.0,13260000.0,0.656778999996277,False,heuristic,Box4,1,13260000.0,13260000.0,7.2680549999972754,True,optimal
799,7,Box4,1,13260000.0,13260000.0,165.33,False,Box5,1,20774000.0,20774000.0,2.7539529999955903,False,heuristic,Box4,1,13260000.0,13260000.0,34.93152900000496,True,optimal
800,5,Box4,1,13260000.0,13260000.0,167.1,False,Box4,1,13260000.0,13260000.0,0.5175080000014987,False,heuristic,Box4,1,13260000.0,13260000.0,12.502555999986953,True,optimal
801,7,Box2,1,5278500.0,5278500.0,166.64,False,Box2,1,5278500.0,5278500.0,0.9336920001032922,False,heuristic,Box2,1,5278500.0,5278500.0,26.499849999936487,True,optimal
802,6,Box8,1,14616000.0,14616000.0,198.56,False,Box8,1,14616000.0,14616000.0,2.2910650000085298,False,heuristic,Box8,1,14616000.0,14616000.0,20.033011999998962,True,optimal
803,6,Box4,1,13260000.0,13260000.0,180.72,False,Box4,1,13260000.0,13260000.0,0.9992649999048808,False,heuristic,Box4,1,13260000.0,13260000.0,22.29859999999917,True,optimal
804,7,Box9,1,42504000.0,42504000.0,155.41,False,Box9,1,42504000.0,42504000.0,0.7494389999465056,False,heuristic,Box9,1,42504000.0,42504000.0,22.857143000010183,True,optimal
805,7,Box6,1,24752000.0,24752000.0,492.61,False,Box6,1,24752000.0,24752000.0,1.1803820000295673,False,heuristic,Box6,1,24752000.0,24752000.0,25.63854300001367,True,optimal
806,9,Box9,1,42504000.0,42504000.0,342.18,True,"Box6,Box9",2,67256000.0,42504000.0,1.2044779999769162,False,heuristic,"Box6,Box6",2,49504000.0,24752000.0,130.78213599999344,True,optimal
807,11,Box9,1,42504000.0,42504000.0,199.93,False,Box9,1,42504000.0,42504000.0,2.943463000065094,False,heuristic,Box9,1,42504000.0,42504000.0,59.49071299994557,True,optimal
808,4,Box2,1,5278500.0,5278500.0,192.41,False,Box2,1,5278500.0,5278500.0,0.44151299994155124,False,heuristic,Box2,1,5278500.0,5278500.0,9.358743999996477,True,optimal
809,4,Box4,1,13260000.0,13260000.0,179.41,False,Box4,1,13260000.0,13260000.0,1.1932969999861598,False,heuristic,Box4,1,13260000.0,13260000.0,14.676848000021891,True,optimal
810,4,Box4,1,13260000.0,13260000.0,171.74,False,Box4,1,13260000.0,13260000.0,1.5653210000436957,False,heuristic,Box4,1,13260000.0,13260000.0,16.155377000018234,True,optimal
811,11,Box9,1,42504000.0,42504000.0,167.1,False,Box9,1,42504000.0,42504000.0,3.7626209999643834,False,heuristic,Box9,1,42504000.0,42504000.0,54.656622000038624,True,optimal
812,4,Box2,1,5278500.0,5278500.0,196.57,False,Box2,1,5278500.0,5278500.0,0.3499130000363948,False,heuristic,Box2,1,5278500.0,5278500.0,8.375599999908445,True,optimal
813,4,Box8,1,14616000.0,14616000.0,174.89,False,Box8,1,14616000.0,14616000.0,0.5252800000334901,False,heuristic,Box8,1,14616000.0,14616000.0,10.254003999989436,True,optimal
814,5,Box6,1,24752000.0,24752000.0,181.18,False,Box9,1,42504000.0,42504000.0,1.3200229999483781,False,heuristic,Box6,1,24752000.0,24752000.0,13.906570000017382,True,optimal
815,6,Box8,1,14616000.0,14616000.0,166.6,False,Box8,1,14616000.0,14616000.0,3.450768999982756,False,heuristic,Box8,1,14616000.0,14616000.0,22.702444000060495,True,optimal
816,5,Box2,1,5278500.0,5278500.0,182.43,False,Box4,1,13260000.0,13260000.0,1.6889220000848582,False,heuristic,Box2,1,5278500.0,5278500.0,11.436029999913444,True,optimal
817,10,Box8,1,14616000.0,14616000.0,188.4,False,Box5,1,20774000.0,20774000.0,5.039484000008088,False,heuristic,Box8,1,14616000.0,14616000.0,53.85627900000145,True,optimal
818,7,Box2,1,5278500.0,5278500.0,182.25,False,Box2,1,5278500.0,5278500.0,0.9895670000332757,False,heuristic,Box2,1,5278500.0,5278500.0,25.435684000058245,True,optimal
819,7,Box6,1,24752000.0,24752000.0,162.45,False,Box6,1,24752000.0,24752000.0,0.864533000026313,False,heuristic,Box6,1,24752000.0,24752000.0,26.524285999926178,True,optimal
820,8,Box4,1,13260000.0,13260000.0,194.61,False,Box4,1,13260000.0,13260000.0,1.320472999964295,False,heuristic,Box4,1,13260000.0,13260000.0,34.876210999982504,True,optimal
821,32,"Box9,Box9",2,85008000.0,42504000.0,471.26,True,"Box4,Box9,Box9",3,98268000.0,42504000.0,54.57225500003915,False,heuristic,"Box4,Box9,Box9",3,98268000.0,42504000.0,783.1748660000812,False,time_limit
822,4,Box6,1,24752000.0,24752000.0,173.08,False,Box6,1,24752000.0,24752000.0,1.29457800005639,False,heuristic,Box6,1,24752000.0,24752000.0,18.549145999941175,True,optimal
823,5,Box6,1,24752000.0,24752000.0,221.62,False,Box6,1,24752000.0,24752000.0,2.0426749999842286,False,heuristic,Box6,1,24752000.0,24752000.0,27.480728000000454,True,optimal
824,9,Box5,1,20774000.0,20774000.0,291.26,False,Box5,1,20774000.0,20774000.0,1.7333879999341661,False,heuristic,Box5,1,20774000.0,20774000.0,42.46979499998815,True,optimal
825,6,Box9,1,42504000.0,42504000.0,175.75,False,Box9,1,42504000.0,42504000.0,1.9242840000970318,False,heuristic,Box9,1,42504000.0,42504000.0,47.060058000056415,True,optimal
826,8,Box9,1,42504000.0,42504000.0,196.37,False,Box9,1,42504000.0,42504000.0,1.4184899999918343,False,heuristic,Box9,1,42504000.0,42504000.0,36.75249600007646,True,optimal
827,10,Box9,1,42504000.0,42504000.0,165.41,False,Box9,1,42504000.0,42504000.0,2.0381870000392155,False,heuristic,Box9,1,42504000.0,42504000.0,49.903257999972084,True,optimal
828,12,Box5,1,20774000.0,20774000.0,360.36,False,Box5,1,20774000.0,20774000.0,3.2799659999227515,False,heuristic,Box5,1,20774000.0,20774000.0,73.77554699996836,True,optimal
829,8,Box2,1,5278500.0,5278500.0,164.03,False,Box2,1,5278500.0,5278500.0,1.3591590000032738,False,heuristic,Box2,1,5278500.0,5278500.0,29.200019999962024,True,optimal
830,8,Box2,1,5278500.0,5278500.0,171.25,False,Box2,1,5278500.0,5278500.0,1.278186999911668,False,heuristic,Box2,1,5278500.0,5278500.0,28.82237400001486,True,optimal
831,2,Box8,1,14616000.0,14616000.0,185.41,False,Box8,1,14616000.0,14616000.0,0.14443999998547952,False,heuristic,Box8,1,14616000.0,14616000.0,2.6366050000206087,True,optimal
832,4,Box5,1,20774000.0,20774000.0,165.15,False,Box6,1,24752000.0,24752000.0,1.42437100009829,False,heuristic,Box5,1,20774000.0,20774000.0,12.103015999969102,True,optimal
833,3,Box4,1,13260000.0,13260000.0,169.48,False,Box4,1,13260000.0,13260000.0,0.9603940000033617,False,heuristic,Box4,1,13260000.0,13260000.0,10.105835999979718,True,optimal
834,4,Box9,1,42504000.0,42504000.0,169.49,False,Box9,1,42504000.0,42504000.0,1.1759469999788053,False,heuristic,Box9,1,42504000.0,42504000.0,20.10352900003909,True,optimal
835,5,Box4,1,13260000.0,13260000.0,178.5,False,Box4,1,13260000.0,13260000.0,1.4722299999903043,False,heuristic,Box4,1,13260000.0,13260000.0,19.825489999902857,True,optimal
836,6,Box9,1,42504000.0,42504000.0,176.52,False,"Box6,Box8",2,39368000.0,24752000.0,1.229836999982581,False,heuristic,Box9,1,42504000.0,42504000.0,33.10089500007507,True,optimal
837,5,Box9,1,42504000.0,42504000.0,166.35,False,Box9,1,42504000.0,42504000.0,1.4898929999844768,False,heuristic,Box6,1,24752000.0,24752000.0,25.484630000050856,True,optimal
838,5,Box8,1,14616000.0,14616000.0,191.22,False,Box8,1,14616000.0,14616000.0,2.062841999986631,False,heuristic,Box8,1,14616000.0,14616000.0,15.62728800001878,True,optimal
839,17,"Box9,Box8",2,57120000.0,42504000.0,447.68,True,"Box9,Box4",2,55764000.0,42504000.0,2.2985340000332144,False,heuristic,"Box4,Box9",2,55764000.0,42504000.0,455.9968349999508,True,optimal
840,14,Box6,1,24752000.0,24752000.0,182.9,False,Box9,1,42504000.0,42504000.0,10.763774999986708,False,heuristic,Box6,1,24752000.0,24752000.0,105.91512700000294,True,optimal
841,6,Box8,1,14616000.0,14616000.0,186.81,False,Box8,1,14616000.0,14616000.0,2.4980260000120325,False,heuristic,Box8,1,14616000.0,14616000.0,20.30191999995168,True,optimal
842,5,Box2,1,5278500.0,5278500.0,171.1,False,Box2,1,5278500.0,5278500.0,0.46531899999990856,False,heuristic,Box2,1,5278500.0,5278500.0,12.167656999963583,True,optimal
843,8,Box4,1,13260000.0,13260000.0,172.11,False,Box4,1,13260000.0,13260000.0,1.0292919999983496,False,heuristic,Box4,1,13260000.0,13260000.0,33.92523499996969,True,optimal
844,9,Box5,1,20774000.0,20774000.0,180.44,False,Box5,1,20774000.0,20774000.0,1.8232459999580897,False,heuristic,Box5,1,20774000.0,20774000.0,38.402877999942575,True,optimal
845,7,Box6,1,24752000.0,24752000.0,198.13,False,Box6,1,24752000.0,24752000.0,0.9462170000915648,False,heuristic,Box6,1,24752000.0,24752000.0,28.73500000009699,True,optimal
846,7,Box5,1,20774000.0,20774000.0,165.76,False,Box5,1,20774000.0,20774000.0,0.8936990000165679,False,heuristic,Box5,1,20774000.0,20774000.0,23.455088999980944,True,optimal
847,9,Box5,1,20774000.0,20774000.0,167.34,False,Box8,1,14616000.0,14616000.0,1.4091619999589966,False,heuristic,Box8,1,14616000.0,14616000.0,44.062078000024485,True,optimal
848,4,Box4,1,13260000.0,13260000.0,185.63,False,Box4,1,13260000.0,13260000.0,1.1093619999655857,False,heuristic,Box4,1,13260000.0,13260000.0,14.63868200005436,True,optimal
849,5,Box4,1,13260000.0,13260000.0,257.51,False,Box4,1,13260000.0,13260000.0,1.6653410000344593,False,heuristic,Box4,1,13260000.0,13260000.0,32.21408900003553,True,optimal
850,5,Box2,1,5278500.0,5278500.0,174.05,False,Box2,1,5278500.0,5278500.0,0.5804639999951178,False,heuristic,Box2,1,5278500.0,5278500.0,13.44280900002559,True,optimal
851,7,Box8,1,14616000.0,14616000.0,193.04,False,Box8,1,14616000.0,14616000.0,4.381424000030165,False,heuristic,Box8,1,14616000.0,14616000.0,28.056824000032066,True,optimal
852,6,Box8,1,14616000.0,14616000.0,176.05,False,Box5,1,20774000.0,20774000.0,2.0443280000108643,False,heuristic,Box8,1,14616000.0,14616000.0,19.734610999989854,True,optimal
853,11,Box6,1,24752000.0,24752000.0,164.88,False,Box5,1,20774000.0,20774000.0,1.7731219999177483,False,heuristic,Box5,1,20774000.0,20774000.0,60.255264000034,True,optimal
854,4,Box2,1,5278500.0,5278500.0,191.25,False,Box2,1,5278500.0,5278500.0,0.4543480000620548,False,heuristic,Box2,1,5278500.0,5278500.0,10.822023999935482,True,optimal
855,5,Box4,1,13260000.0,13260000.0,180.96,False,Box4,1,13260000.0,13260000.0,0.6082470000592366,False,heuristic,Box4,1,13260000.0,13260000.0,13.834289999977045,True,optimal
856,7,Box8,1,14616000.0,14616000.0,166.33,False,Box8,1,14616000.0,14616000.0,1.501695000001746,False,heuristic,Box8,1,14616000.0,14616000.0,26.973360000056346,True,optimal
857,3,Box2,1,5278500.0,5278500.0,218.19,False,Box2,1,5278500.0,5278500.0,0.3791679999949338,False,heuristic,Box2,1,5278500.0,5278500.0,6.338228999993589,True,optimal
858,6,Box6,1,24752000.0,24752000.0,214.91,False,Box6,1,24752000.0,24752000.0,0.5492060000733545,False,heuristic,Box6,1,24752000.0,24752000.0,15.651644000058695,True,optimal
859,11,Box5,1,20774000.0,20774000.0,177.35,False,Box5,1,20774000.0,20774000.0,2.745036999954209,False,heuristic,Box5,1,20774000.0,20774000.0,66.95558900003107,True,optimal
860,7,Box9,1,42504000.0,42504000.0,282.03,False,Box9,1,42504000.0,42504000.0,1.2717960000827588,False,heuristic,Box9,1,42504000.0,42504000.0,24.257708000050116,True,optimal
861,23,"Box9,Box2",2,47782500.0,42504000.0,424.73,True,"Box9,Box4",2,55764000.0,42504000.0,7.222189999993134,False,heuristic,"Box4,Box9",2,55764000.0,42504000.0,900.2621789999239,True,optimal
862,8,Box4,1,13260000.0,13260000.0,167.15,False,Box4,1,13260000.0,13260000.0,1.0183419999520993,False,heuristic,Box4,1,13260000.0,13260000.0,33.92831100006788,True,optimal
863,2,Box2,1,5278500.0,5278500.0,169.76,False,Box2,1,5278500.0,5278500.0,0.15914700009034277,False,heuristic,Box2,1,5278500.0,5278500.0,1.9437600000173916,True,optimal
864,6,Box9,1,42504000.0,42504000.0,170.1,False,Box9,1,42504000.0,42504000.0,0.3559540000424022,False,heuristic,Box9,1,42504000.0,42504000.0,15.583126000024095,True,optimal
865,5,Box2,1,5278500.0,5278500.0,167.85,False,Box2,1,5278500.0,5278500.0,0.5255719999013309,False,heuristic,Box2,1,5278500.0,5278500.0,11.622678999970049,True,optimal
866,8,Box4,1,13260000.0,13260000.0,179.41,False,Box4,1,13260000.0,13260000.0,1.3197549999404146,False,heuristic,Box4,1,13260000.0,13260000.0,37.95846799994251,True,optimal
867,10,Box8,1,14616000.0,14616000.0,175.45,False,Box8,1,14616000.0,14616000.0,8.790127999986908,False,heuristic,Box8,1,14616000.0,14616000.0,60.77647699999034,True,optimal
868,13,Box5,1,20774000.0,20774000.0,172.55,False,Box5,1,20774000.0,20774000.0,11.154615000009471,False,heuristic,Box8,1,14616000.0,14616000.0,119.28016100000605,True,optimal
869,5,Box4,1,13260000.0,13260000.0,527.16,False,Box4,1,13260000.0,13260000.0,0.5181980000088515,False,heuristic,Box4,1,13260000.0,13260000.0,13.23409899998751,True,optimal
870,10,Box4,1,13260000.0,13260000.0,168.45,False,Box4,1,13260000.0,13260000.0,2.053796000041075,False,heuristic,Box4,1,13260000.0,13260000.0,51.319915000021865,True,optimal
871,6,Box2,1,5278500.0,5278500.0,162.58,False,Box2,1,5278500.0,5278500.0,0.9518580000076327,False,heuristic,Box2,1,5278500.0,5278500.0,18.58834899996964,True,optimal
872,7,Box4,1,13260000.0,13260000.0,165.59,False,Box4,1,13260000.0,13260000.0,1.1206230000198047,False,heuristic,Box4,1,13260000.0,13260000.0,26.37520400003268,True,optimal
873,7,Box4,1,13260000.0,13260000.0,156.86,False,Box4,1,13260000.0,13260000.0,1.2157599999227386,False,heuristic,Box4,1,13260000.0,13260000.0,27.522585999918192,True,optimal
874,12,Box5,1,20774000.0,20774000.0,311.04,False,Box5,1,20774000.0,20774000.0,2.5848980000091615,False,heuristic,Box5,1,20774000.0,20774000.0,62.25600100003703,True,optimal
875,7,Box8,1,14616000.0,14616000.0,178.7,False,Box8,1,14616000.0,14616000.0,4.926049999994575,False,heuristic,Box8,1,14616000.0,14616000.0,30.699429999913264,True,optimal
876,6,Box2,1,5278500.0,5278500.0,173.92,False,Box2,1,5278500.0,5278500.0,0.7492690000390212,False,heuristic,Box2,1,5278500.0,5278500.0,18.32021799998529,True,optimal
877,6,Box8,1,14616000.0,14616000.0,195.12,False,"Box4,Box8",2,27876000.0,14616000.0,1.3182019999931072,False,heuristic,Box8,1,14616000.0,14616000.0,20.03885800002081,True,optimal
878,11,Box9,1,42504000.0,42504000.0,329.05,False,Box9,1,42504000.0,42504000.0,3.252004000046327,False,heuristic,Box9,1,42504000.0,42504000.0,57.60503399994832,True,optimal
879,10,Box9,1,42504000.0,42504000.0,347.96,False,Box9,1,42504000.0,42504000.0,2.4444560000347337,False,heuristic,Box9,1,42504000.0,42504000.0,50.583609999989676,True,optimal
880,21,Box6,1,24752000.0,24752000.0,347.37,False,Box6,1,24752000.0,24752000.0,9.53938800000742,False,heuristic,Box6,1,24752000.0,24752000.0,188.25122099997316,True,optimal
881,2,Box4,1,13260000.0,13260000.0,177.59,False,Box4,1,13260000.0,13260000.0,0.19485400002849929,False,heuristic,Box4,1,13260000.0,13260000.0,3.795258999957696,True,optimal
882,5,Box4,1,13260000.0,13260000.0,208.86,False,Box4,1,13260000.0,13260000.0,1.594318000002204,False,heuristic,Box4,1,13260000.0,13260000.0,20.834655000044222,True,optimal
883,5,Box4,1,13260000.0,13260000.0,193.92,False,Box4,1,13260000.0,13260000.0,1.7886309999539662,False,heuristic,Box4,1,13260000.0,13260000.0,19.401979000008396,True,optimal
884,4,Box8,1,14616000.0,14616000.0,167.01,False,Box8,1,14616000.0,14616000.0,0.43588400001226546,False,heuristic,Box8,1,14616000.0,14616000.0,10.058467000021665,True,optimal
885,6,Box5,1,20774000.0,20774000.0,317.9,False,Box5,1,20774000.0,20774000.0,2.786334999996143,False,heuristic,Box4,1,13260000.0,13260000.0,23.116065999943203,True,optimal
886,8,Box4,1,13260000.0,13260000.0,172.69,False,Box4,1,13260000.0,13260000.0,1.4526439999826835,False,heuristic,Box4,1,13260000.0,13260000.0,36.053659999993215,True,optimal
887,10,"Box9,Box8",2,57120000.0,42504000.0,400.56,True,"Box9,Box6",2,67256000.0,42504000.0,1.7278279999572987,False,heuristic,"Box5,Box9",2,63278000.0,42504000.0,68.42267899992294,True,optimal
888,20,Box9,1,42504000.0,42504000.0,246.38,False,Box9,1,42504000.0,42504000.0,4.457335999973111,False,heuristic,Box9,1,42504000.0,42504000.0,165.66839300003267,True,optimal
889,1,Box2,1,5278500.0,5278500.0,154.21,False,Box2,1,5278500.0,5278500.0,0.18011600002409978,False,heuristic,Box2,1,5278500.0,5278500.0,0.8371939999278766,True,optimal
890,3,Box4,1,13260000.0,13260000.0,183.9,False,Box4,1,13260000.0,13260000.0,0.3871530000196799,False,heuristic,Box4,1,13260000.0,13260000.0,6.569209999952363,True,optimal
891,7,Box4,1,13260000.0,13260000.0,256.68,False,Box4,1,13260000.0,13260000.0,0.910289999978886,False,heuristic,Box4,1,13260000.0,13260000.0,23.40643800005182,True,optimal
892,5,Box4,1,13260000.0,13260000.0,196.54,False,Box4,1,13260000.0,13260000.0,0.6347659999619282,False,heuristic,Box4,1,13260000.0,13260000.0,10.932128999911583,True,optimal
893,5,Box4,1,13260000.0,13260000.0,211.46,False,Box4,1,13260000.0,13260000.0,1.8136380000441932,False,heuristic,Box4,1,13260000.0,13260000.0,22.99179399994955,True,optimal
894,10,Box8,1,14616000.0,14616000.0,194.45,False,Box8,1,14616000.0,14616000.0,1.6658810000080848,False,heuristic,Box8,1,14616000.0,14616000.0,48.20145999997294,True,optimal
895,12,Box6,1,24752000.0,24752000.0,226.57,False,Box6,1,24752000.0,24752000.0,3.1928240000524966,False,heuristic,Box6,1,24752000.0,24752000.0,69.08522700007325,True,optimal
896,11,"Box9,Box4",2,55764000.0,42504000.0,515.93,True,"Box9,Box4",2,55764000.0,42504000.0,1.0851160000129312,False,heuristic,"Box4,Box9",2,55764000.0,42504000.0,88.60055800005284,True,optimal
897,9,Box8,1,14616000.0,14616000.0,228.44,False,Box8,1,14616000.0,14616000.0,2.182196000035219,False,heuristic,Box8,1,14616000.0,14616000.0,44.175460000019484,True,optimal
898,7,Box8,1,14616000.0,14616000.0,197.83,False,Box8,1,14616000.0,14616000.0,0.9944880000603007,False,heuristic,Box8,1,14616000.0,14616000.0,24.75275300002977,True,optimal
899,11,Box8,1,14616000.0,14616000.0,195.2,False,Box8,1,14616000.0,14616000.0,2.864799999997558,False,heuristic,Box8,1,14616000.0,14616000.0,60.54492499993103,True,optimal
900,23,"Box9,Box5",2,63278000.0,42504000.0,463.39,True,"Box9,Box9",2,85008000.0,42504000.0,7.22281099990596,False,heuristic,"Box9,Box9",2,85008000.0,42504000.0,254.62720899997748,False,time_limit
901,7,Box4,1,13260000.0,13260000.0,178.27,False,Box4,1,13260000.0,13260000.0,1.090963999999417,False,heuristic,Box4,1,13260000.0,13260000.0,27.51014599999735,True,optimal
902,16,Box5,1,20774000.0,20774000.0,460.61,False,Box5,1,20774000.0,20774000.0,5.939373000003911,False,heuristic,Box5,1,20774000.0,20774000.0,115.20064700000177,True,optimal
903,5,Box4,1,13260000.0,13260000.0,652.76,False,Box4,1,13260000.0,13260000.0,0.5503060000009441,False,heuristic,Box4,1,13260000.0,13260000.0,12.302163999997617,True,optimal
904,3,Box4,1,13260000.0,13260000.0,196.25,False,Box4,1,13260000.0,13260000.0,0.24399499999816499,False,heuristic,Box4,1,13260000.0,13260000.0,5.85548699999805,True,optimal
905,3,Box2,1,5278500.0,5278500.0,191.73,False,Box2,1,5278500.0,5278500.0,0.3164700000013454,False,heuristic,Box2,1,5278500.0,5278500.0,5.270034999995232,True,optimal
906,4,Box5,1,20774000.0,20774000.0,177.35,False,Box5,1,20774000.0,20774000.0,1.4274810000003413,False,heuristic,Box5,1,20774000.0,20774000.0,9.218605999997465,True,optimal
907,4,Box5,1,20774000.0,20774000.0,177.79,False,"Box4,Box8",2,27876000.0,14616000.0,0.8971329999951649,False,heuristic,Box5,1,20774000.0,20774000.0,13.717644000003304,True,optimal
908,8,Box8,1,14616000.0,14616000.0,185.49,False,Box8,1,14616000.0,14616000.0,1.0240690000031805,False,heuristic,Box8,1,14616000.0,14616000.0,28.945323000002077,True,optimal
909,4,Box4,1,13260000.0,13260000.0,166.67,False,Box4,1,13260000.0,13260000.0,0.5014950000017393,False,heuristic,Box4,1,13260000.0,13260000.0,10.74257700000203,True,optimal
910,8,Box9,1,42504000.0,42504000.0,359.95,True,"Box9,Box6",2,67256000.0,42504000.0,0.9316869999977939,False,heuristic,"Box8,Box9",2,57120000.0,42504000.0,101.6460569999964,True,optimal
911,8,Box4,1,13260000.0,13260000.0,159.94,False,Box4,1,13260000.0,13260000.0,1.9601540000024897,False,heuristic,Box4,1,13260000.0,13260000.0,36.882058999999856,True,optimal
912,10,Box5,1,20774000.0,20774000.0,172.8,False,Box5,1,20774000.0,20774000.0,2.21721300000155,False,heuristic,Box5,1,20774000.0,20774000.0,51.80900699999569,True,optimal
913,8,Box5,1,20774000.0,20774000.0,169.09,False,Box5,1,20774000.0,20774000.0,1.217058999998244,False,heuristic,Box5,1,20774000.0,20774000.0,31.91061000000417,True,optimal
914,13,Box9,1,42504000.0,42504000.0,209.84,False,Box9,1,42504000.0,42504000.0,3.620619000002989,False,heuristic,Box9,1,42504000.0,42504000.0,81.8531379999996,True,optimal
915,7,Box6,1,24752000.0,24752000.0,180.24,False,Box6,1,24752000.0,24752000.0,0.7716689999952564,False,heuristic,Box6,1,24752000.0,24752000.0,25.211280999997143,True,optimal
916,7,Box5,1,20774000.0,20774000.0,174.82,False,Box6,1,24752000.0,24752000.0,3.7470560000016917,False,heuristic,Box5,1,20774000.0,20774000.0,29.639215999999635,True,optimal
917,5,Box2,1,5278500.0,5278500.0,171.96,False,Box2,1,5278500.0,5278500.0,0.5006929999993304,False,heuristic,Box2,1,5278500.0,5278500.0,11.982749000004844,True,optimal
918,3,Box2,1,5278500.0,5278500.0,170.02,False,Box2,1,5278500.0,5278500.0,0.26800999999920805,False,heuristic,Box2,1,5278500.0,5278500.0,4.3820390000064435,True,optimal
919,5,Box2,1,5278500.0,5278500.0,188.7,False,Box2,1,5278500.0,5278500.0,0.4500479999975937,False,heuristic,Box2,1,5278500.0,5278500.0,10.071396000000732,True,optimal
920,6,Box4,1,13260000.0,13260000.0,184.23,False,Box4,1,13260000.0,13260000.0,0.6351540000011369,False,heuristic,Box4,1,13260000.0,13260000.0,19.023566000001324,True,optimal
921,7,Box4,1,13260000.0,13260000.0,171.01,False,Box4,1,13260000.0,13260000.0,1.1811020000038752,False,heuristic,Box4,1,13260000.0,13260000.0,25.89076800000356,True,optimal
922,6,Box5,1,20774000.0,20774000.0,172.82,False,Box5,1,20774000.0,20774000.0,1.7953669999997146,False,heuristic,Box5,1,20774000.0,20774000.0,39.2065119999927,True,optimal
923,7,Box4,1,13260000.0,13260000.0,166.79,False,Box4,1,13260000.0,13260000.0,1.2621929999880876,False,heuristic,Box4,1,13260000.0,13260000.0,30.030635999992228,True,optimal
924,5,Box4,1,13260000.0,13260000.0,183.75,False,Box4,1,13260000.0,13260000.0,2.142714999990858,False,heuristic,Box4,1,13260000.0,13260000.0,23.532942000002777,True,optimal
925,6,Box2,1,5278500.0,5278500.0,192.34,False,Box4,1,13260000.0,13260000.0,2.2801510000078906,False,heuristic,Box2,1,5278500.0,5278500.0,16.93013199999882,True,optimal
926,8,Box9,1,42504000.0,42504000.0,310.07,False,Box9,1,42504000.0,42504000.0,1.5490380000073856,False,heuristic,Box9,1,42504000.0,42504000.0,30.65476899999453,True,optimal
927,7,Box8,1,14616000.0,14616000.0,184.35,False,Box8,1,14616000.0,14616000.0,3.142769000007206,False,heuristic,Box8,1,14616000.0,14616000.0,25.367202000012412,True,optimal
928,8,Box9,1,42504000.0,42504000.0,203.59,False,Box9,1,42504000.0,42504000.0,1.4145970000072339,False,heuristic,Box9,1,42504000.0,42504000.0,29.525945000003162,True,optimal
929,10,Box9,1,42504000.0,42504000.0,188.8,False,Box9,1,42504000.0,42504000.0,2.320155999996132,False,heuristic,Box9,1,42504000.0,42504000.0,47.38921700000276,True,optimal
930,10,Box5,1,20774000.0,20774000.0,191.11,False,Box6,1,24752000.0,24752000.0,7.201696999999285,False,heuristic,Box5,1,20774000.0,20774000.0,60.5512050000101,True,optimal
931,9,Box5,1,20774000.0,20774000.0,339.94,False,Box5,1,20774000.0,20774000.0,1.4846480000016982,False,heuristic,Box5,1,20774000.0,20774000.0,41.62159499999518,True,optimal
932,4,Box2,1,5278500.0,5278500.0,193.9,False,Box4,1,13260000.0,13260000.0,1.638083000003121,False,heuristic,Box2,1,5278500.0,5278500.0,9.810249000011595,True,optimal
933,5,Box2,1,5278500.0,5278500.0,170.54,False,Box2,1,5278500.0,5278500.0,0.4927980000104526,False,heuristic,Box2,1,5278500.0,5278500.0,11.062714000004803,True,optimal
934,3,Box8,1,14616000.0,14616000.0,193.65,False,Box8,1,14616000.0,14616000.0,0.2197090000066737,False,heuristic,Box8,1,14616000.0,14616000.0,5.221603999999047,True,optimal
935,4,Box2,1,5278500.0,5278500.0,193.59,False,Box2,1,5278500.0,5278500.0,0.3976510000001099,False,heuristic,Box2,1,5278500.0,5278500.0,9.116215000005923,True,optimal
936,7,Box4,1,13260000.0,13260000.0,171.66,False,Box4,1,13260000.0,13260000.0,0.9438999999957787,False,heuristic,Box4,1,13260000.0,13260000.0,24.51228799999683,True,optimal
937,5,Box4,1,13260000.0,13260000.0,182.42,False,Box4,1,13260000.0,13260000.0,0.481608000001188,False,heuristic,Box4,1,13260000.0,13260000.0,12.704725000006079,True,optimal
938,5,Box8,1,14616000.0,14616000.0,214.85,False,Box8,1,14616000.0,14616000.0,2.390797000003886,False,heuristic,Box8,1,14616000.0,14616000.0,16.60138899998742,True,optimal
939,7,Box8,1,14616000.0,14616000.0,193.3,False,Box8,1,14616000.0,14616000.0,0.9142840000038177,False,heuristic,Box8,1,14616000.0,14616000.0,28.981850999997505,True,optimal
940,10,Box8,1,14616000.0,14616000.0,192.07,False,Box5,1,20774000.0,20774000.0,6.8862870000003795,False,heuristic,Box8,1,14616000.0,14616000.0,61.61106099999358,True,optimal
941,15,Box5,1,20774000.0,20774000.0,176.79,False,Box9,1,42504000.0,42504000.0,11.63442000000714,False,heuristic,Box5,1,20774000.0,20774000.0,121.29084999999407,True,optimal
942,3,Box2,1,5278500.0,5278500.0,578.79,False,Box2,1,5278500.0,5278500.0,0.3233730000005153,False,heuristic,Box2,1,5278500.0,5278500.0,5.429873000011298,True,optimal
943,6,Box6,1,24752000.0,24752000.0,176.96,False,Box6,1,24752000.0,24752000.0,0.5273430000016788,False,heuristic,Box6,1,24752000.0,24752000.0,15.845319999996832,True,optimal
944,6,Box6,1,24752000.0,24752000.0,155.25,False,Box6,1,24752000.0,24752000.0,2.3717520000019476,False,heuristic,Box5,1,20774000.0,20774000.0,23.706186000012508,True,optimal
945,5,Box5,1,20774000.0,20774000.0,186.68,False,Box6,1,24752000.0,24752000.0,1.5472039999906428,False,heuristic,Box5,1,20774000.0,20774000.0,25.62963100000104,True,optimal
946,3,Box5,1,20774000.0,20774000.0,169.31,False,Box5,1,20774000.0,20774000.0,0.7822179999976697,False,heuristic,Box5,1,20774000.0,20774000.0,6.852203999997641,True,optimal
947,7,Box8,1,14616000.0,14616000.0,186.57,False,Box8,1,14616000.0,14616000.0,5.35579499999983,False,heuristic,Box8,1,14616000.0,14616000.0,30.851726999998164,True,optimal
948,10,Box9,1,42504000.0,42504000.0,177.96,False,Box9,1,42504000.0,42504000.0,2.272455999985823,False,heuristic,Box9,1,42504000.0,42504000.0,51.02157899999327,True,optimal
949,8,Box8,1,14616000.0,14616000.0,198.86,False,Box8,1,14616000.0,14616000.0,4.696856000009575,False,heuristic,Box8,1,14616000.0,14616000.0,35.53057000000592,True,optimal
950,10,Box8,1,14616000.0,14616000.0,180.83,False,Box8,1,14616000.0,14616000.0,1.776311000000419,False,heuristic,Box8,1,14616000.0,14616000.0,55.254099999999085,True,optimal
951,6,Box5,1,20774000.0,20774000.0,171.47,False,Box5,1,20774000.0,20774000.0,2.1576219999985824,False,heuristic,Box5,1,20774000.0,20774000.0,143.3608549999974,True,optimal
952,5,Box4,1,13260000.0,13260000.0,177.74,False,Box4,1,13260000.0,13260000.0,0.6610419999901751,False,heuristic,Box4,1,13260000.0,13260000.0,14.463954999996531,True,optimal
953,5,Box5,1,20774000.0,20774000.0,197.9,False,"Box4,Box4,Box8",3,41136000.0,14616000.0,1.4010619999993423,False,heuristic,Box5,1,20774000.0,20774000.0,29.42880400000547,True,optimal
954,5,Box4,1,13260000.0,13260000.0,200.19,False,Box4,1,13260000.0,13260000.0,2.300218000002019,False,heuristic,Box4,1,13260000.0,13260000.0,28.656323000006978,True,optimal
955,4,Box4,1,13260000.0,13260000.0,194.51,False,Box4,1,13260000.0,13260000.0,0.4172579999988102,False,heuristic,Box4,1,13260000.0,13260000.0,9.701055999997266,True,optimal
956,5,Box4,1,13260000.0,13260000.0,177.04,False,Box8,1,14616000.0,14616000.0,1.774428000004491,False,heuristic,Box4,1,13260000.0,13260000.0,14.955341000003841,True,optimal
957,7,Box6,1,24752000.0,24752000.0,298.63,False,Box9,1,42504000.0,42504000.0,2.8235239999929718,False,heuristic,Box6,1,24752000.0,24752000.0,28.774232999992932,True,optimal
958,9,Box6,1,24752000.0,24752000.0,182.46,False,Box9,1,42504000.0,42504000.0,3.614338000005546,False,heuristic,Box6,1,24752000.0,24752000.0,43.85279400000286,True,optimal
959,9,Box8,1,14616000.0,14616000.0,187.58,False,Box8,1,14616000.0,14616000.0,1.363490999992223,False,heuristic,Box8,1,14616000.0,14616000.0,43.29225999998698,True,optimal
960,14,"Box9,Box4",2,55764000.0,42504000.0,435.14,True,"Box6,Box9",2,67256000.0,42504000.0,3.2435870000000477,False,heuristic,"Box6,Box6",2,49504000.0,24752000.0,330.9864830000038,True,optimal
961,11,Box9,1,42504000.0,42504000.0,195.9,False,Box9,1,42504000.0,42504000.0,2.8762220000118077,False,heuristic,Box9,1,42504000.0,42504000.0,52.13030599999513,True,optimal
962,5,Box9,1,42504000.0,42504000.0,179.73,False,Box9,1,42504000.0,42504000.0,0.5262210000012146,False,heuristic,Box9,1,42504000.0,42504000.0,16.352866000005406,True,optimal
963,5,Box4,1,13260000.0,13260000.0,178.13,False,Box4,1,13260000.0,13260000.0,0.6882229999973788,False,heuristic,Box4,1,13260000.0,13260000.0,15.479489000000513,True,optimal
964,3,Box5,1,20774000.0,20774000.0,166.61,False,Box5,1,20774000.0,20774000.0,1.0574420000040163,False,heuristic,Box5,1,20774000.0,20774000.0,6.4680380000083915,True,optimal
965,7,Box8,1,14616000.0,14616000.0,203.74,False,Box8,1,14616000.0,14616000.0,1.6460289999997713,False,heuristic,Box8,1,14616000.0,14616000.0,25.09949299999903,True,optimal
966,4,Box2,1,5278500.0,5278500.0,224.77,False,Box4,1,13260000.0,13260000.0,1.330109000008406,False,heuristic,Box2,1,5278500.0,5278500.0,7.591422999993824,True,optimal
967,7,Box8,1,14616000.0,14616000.0,187.29,False,Box8,1,14616000.0,14616000.0,1.9009940000103143,False,heuristic,Box8,1,14616000.0,14616000.0,26.40717100000245,True,optimal
968,6,Box2,1,5278500.0,5278500.0,203.67,False,Box4,1,13260000.0,13260000.0,2.481465999991883,False,heuristic,Box2,1,5278500.0,5278500.0,18.380636999992817,True,optimal
969,4,Box2,1,5278500.0,5278500.0,186.0,False,Box2,1,5278500.0,5278500.0,0.3369180000021288,False,heuristic,Box2,1,5278500.0,5278500.0,7.712948999994751,True,optimal
970,3,Box9,1,42504000.0,42504000.0,168.06,False,Box9,1,42504000.0,42504000.0,0.33099700000605026,False,heuristic,Box9,1,42504000.0,42504000.0,6.3502490000075795,True,optimal
971,4,Box4,1,13260000.0,13260000.0,200.82,False,Box4,1,13260000.0,13260000.0,0.6117609999876095,False,heuristic,Box4,1,13260000.0,13260000.0,11.14675099999829,True,optimal
972,6,Box8,1,14616000.0,14616000.0,188.64,False,Box8,1,14616000.0,14616000.0,0.7813870000035195,False,heuristic,Box8,1,14616000.0,14616000.0,19.238996000012776,True,optimal
973,8,Box8,1,14616000.0,14616000.0,177.85,False,Box8,1,14616000.0,14616000.0,1.3163739999981772,False,heuristic,Box8,1,14616000.0,14616000.0,35.78853999999865,True,optimal
974,9,Box4,1,13260000.0,13260000.0,199.62,False,Box4,1,13260000.0,13260000.0,1.135265999991475,False,heuristic,Box4,1,13260000.0,13260000.0,44.10202799999752,True,optimal
975,10,Box9,1,42504000.0,42504000.0,206.67,False,Box9,1,42504000.0,42504000.0,1.3063350000095397,False,heuristic,Box9,1,42504000.0,42504000.0,41.73174999999674,True,optimal
976,3,Box8,1,14616000.0,14616000.0,167.21,False,Box8,1,14616000.0,14616000.0,0.6259970000002113,False,heuristic,Box8,1,14616000.0,14616000.0,5.31454699999756,True,optimal
977,6,Box2,1,5278500.0,5278500.0,187.03,False,Box2,1,5278500.0,5278500.0,0.9406639999980371,False,heuristic,Box2,1,5278500.0,5278500.0,18.562565999999947,True,optimal
978,4,Box9,1,42504000.0,42504000.0,177.23,False,Box9,1,42504000.0,42504000.0,1.0313829999972768,False,heuristic,Box9,1,42504000.0,42504000.0,15.071156999994173,True,optimal
979,4,Box8,1,14616000.0,14616000.0,177.37,False,Box8,1,14616000.0,14616000.0,0.4314840000034792,False,heuristic,Box8,1,14616000.0,14616000.0,9.466837999994482,True,optimal
980,9,Box5,1,20774000.0,20774000.0,175.51,False,Box5,1,20774000.0,20774000.0,1.4715440000117042,False,heuristic,Box5,1,20774000.0,20774000.0,39.88818199999855,True,optimal
981,10,Box9,1,42504000.0,42504000.0,601.22,False,Box9,1,42504000.0,42504000.0,2.017030000004638,False,heuristic,Box9,1,42504000.0,42504000.0,42.98858299999608,True,optimal
982,6,Box8,1,14616000.0,14616000.0,181.41,False,Box8,1,14616000.0,14616000.0,0.7062069999932419,False,heuristic,Box8,1,14616000.0,14616000.0,17.873542000003795,True,optimal
983,7,Box9,1,42504000.0,42504000.0,192.07,False,Box9,1,42504000.0,42504000.0,0.9713110000006964,False,heuristic,Box9,1,42504000.0,42504000.0,20.38932100001034,True,optimal
984,5,Box4,1,13260000.0,13260000.0,197.09,False,Box4,1,13260000.0,13260000.0,1.9048209999965593,False,heuristic,Box4,1,13260000.0,13260000.0,22.53346899999542,True,optimal
985,6,Box4,1,13260000.0,13260000.0,188.47,False,Box4,1,13260000.0,13260000.0,0.7637730000027432,False,heuristic,Box4,1,13260000.0,13260000.0,17.88596400000131,True,optimal
986,17,Box8,1,14616000.0,14616000.0,177.93,False,Box8,1,14616000.0,14616000.0,4.559821000000852,False,heuristic,Box8,1,14616000.0,14616000.0,140.50176499999623,True,optimal
987,14,Box9,1,42504000.0,42504000.0,179.88,False,Box9,1,42504000.0,42504000.0,3.476802000008661,False,heuristic,Box9,1,42504000.0,42504000.0,84.16844399999945,True,optimal
988,8,Box6,1,24752000.0,24752000.0,319.89,False,Box6,1,24752000.0,24752000.0,1.696953000006829,False,heuristic,Box6,1,24752000.0,24752000.0,30.94069200000149,True,optimal
989,13,"Box9,Box4",2,55764000.0,42504000.0,419.5,True,"Box9,Box6",2,67256000.0,42504000.0,2.2884360000006154,False,heuristic,"Box4,Box9",2,55764000.0,42504000.0,182.62333199999148,True,optimal
990,3,Box2,1,5278500.0,5278500.0,174.89,False,Box2,1,5278500.0,5278500.0,0.28899900000567413,False,heuristic,Box2,1,5278500.0,5278500.0,5.529197000001318,True,optimal
991,4,Box4,1,13260000.0,13260000.0,166.48,False,Box4,1,13260000.0,13260000.0,1.1224830000031716,False,heuristic,Box4,1,13260000.0,13260000.0,14.643489999997428,True,optimal
992,2,Box2,1,5278500.0,5278500.0,168.56,False,Box2,1,5278500.0,5278500.0,0.1600979999949459,False,heuristic,Box2,1,5278500.0,5278500.0,2.6831619999967415,True,optimal
993,3,Box2,1,5278500.0,5278500.0,176.79,False,Box2,1,5278500.0,5278500.0,0.2469600000125638,False,heuristic,Box2,1,5278500.0,5278500.0,4.422274999996034,True,optimal
994,5,Box4,1,13260000.0,13260000.0,190.34,False,Box4,1,13260000.0,13260000.0,1.6595040000026984,False,heuristic,Box4,1,13260000.0,13260000.0,24.296706000001222,True,optimal
995,3,Box8,1,14616000.0,14616000.0,205.68,False,Box8,1,14616000.0,14616000.0,0.27758699999935743,False,heuristic,Box8,1,14616000.0,14616000.0,5.006493999999861,True,optimal
996,3,Box4,1,13260000.0,13260000.0,170.34,False,Box4,1,13260000.0,13260000.0,0.8643909999932475,False,heuristic,Box4,1,13260000.0,13260000.0,9.007331999995927,True,optimal
997,5,Box4,1,13260000.0,13260000.0,191.54,False,Box4,1,13260000.0,13260000.0,1.8120979999878273,False,heuristic,Box4,1,13260000.0,13260000.0,21.342308000001253,True,optimal
998,4,Box8,1,14616000.0,14616000.0,179.05,False,Box8,1,14616000.0,14616000.0,0.3489700000045559,False,heuristic,Box8,1,14616000.0,14616000.0,9.279980999991722,True,optimal
999,7,Box8,1,14616000.0,14616000.0,206.91,False,Box8,1,14616000.0,14616000.0,1.1217210000040723,False,heuristic,Box8,1,14616000.0,14616000.0,25.60030700000482,True,optimal
1000,7,Box9,1,42504000.0,42504000.0,178.46,False,Box9,1,42504000.0,42504000.0,1.0961240000000316,False,heuristic,Box9,1,42504000.0,42504000.0,27.736508999993248,True,optimal
1001,7,Box5,1,20774000.0,20774000.0,162.3,False,Box6,1,24752000.0,24752000.0,2.8606759999973974,False,heuristic,Box5,1,20774000.0,20774000.0,29.522671999998806,True,optimal
1002,7,Box5,1,20774000.0,20774000.0,185.5,False,Box5,1,20774000.0,20774000.0,1.1276870000003214,False,heuristic,Box5,1,20774000.0,20774000.0,27.861075999993545,True,optimal
1003,5,Box2,1,5278500.0,5278500.0,174.82,False,Box2,1,5278500.0,5278500.0,0.45222600000016655,False,heuristic,Box2,1,5278500.0,5278500.0,12.81514799999428,True,optimal
1004,9,Box9,1,42504000.0,42504000.0,206.14,False,Box9,1,42504000.0,42504000.0,2.7207050000015442,False,heuristic,Box9,1,42504000.0,42504000.0,37.70694699999666,True,optimal
1005,8,Box9,1,42504000.0,42504000.0,179.6,False,Box9,1,42504000.0,42504000.0,2.125372999998376,False,heuristic,Box9,1,42504000.0,42504000.0,29.67688100000032,True,optimal
1006,8,Box6,1,24752000.0,24752000.0,185.3,False,Box9,1,42504000.0,42504000.0,2.4277810000015165,False,heuristic,Box6,1,24752000.0,24752000.0,65.04052100000024,True,optimal
1007,8,Box9,1,42504000.0,42504000.0,327.58,False,Box9,1,42504000.0,42504000.0,1.2281050000026994,False,heuristic,Box9,1,42504000.0,42504000.0,26.98630900000154,True,optimal
1008,7,Box8,1,14616000.0,14616000.0,177.66,False,Box8,1,14616000.0,14616000.0,1.296355000000915,False,heuristic,Box8,1,14616000.0,14616000.0,26.06805699999626,True,optimal
1009,11,Box9,1,42504000.0,42504000.0,174.53,False,"Box9,Box9",2,85008000.0,42504000.0,1.967084000000341,False,heuristic,Box9,1,42504000.0,42504000.0,68.91033299999805,True,optimal
1010,4,Box5,1,20774000.0,20774000.0,168.6,False,Box5,1,20774000.0,20774000.0,0.32498000000202865,False,heuristic,Box5,1,20774000.0,20774000.0,9.177663999999197,True,optimal
1011,2,Box4,1,13260000.0,13260000.0,173.89,False,Box4,1,13260000.0,13260000.0,0.17084799999622646,False,heuristic,Box4,1,13260000.0,13260000.0,3.2113420000001724,True,optimal
1012,5,Box4,1,13260000.0,13260000.0,177.9,False,Box4,1,13260000.0,13260000.0,1.5399209999955588,False,heuristic,Box4,1,13260000.0,13260000.0,21.850166000000115,True,optimal
1013,6,Box4,1,13260000.0,13260000.0,168.98,False,Box4,1,13260000.0,13260000.0,0.6028190000009204,False,heuristic,Box4,1,13260000.0,13260000.0,19.916128999994953,True,optimal
1014,6,Box6,1,24752000.0,24752000.0,329.73,False,Box8,1,14616000.0,14616000.0,0.5785040000034769,False,heuristic,Box8,1,14616000.0,14616000.0,18.354592999997976,True,optimal
1015,8,Box9,1,42504000.0,42504000.0,189.77,False,Box9,1,42504000.0,42504000.0,1.462935999995807,False,heuristic,Box9,1,42504000.0,42504000.0,27.773357999997472,True,optimal
1016,5,Box5,1,20774000.0,20774000.0,194.85,False,Box5,1,20774000.0,20774000.0,1.2856680000012943,False,heuristic,Box5,1,20774000.0,20774000.0,29.36578499999598,True,optimal
1017,7,Box5,1,20774000.0,20774000.0,184.5,False,Box6,1,24752000.0,24752000.0,3.5981959999986657,False,heuristic,Box5,1,20774000.0,20774000.0,30.524874999997564,True,optimal
1018,10,Box9,1,42504000.0,42504000.0,199.18,False,Box9,1,42504000.0,42504000.0,1.9984799999974712,False,heuristic,Box9,1,42504000.0,42504000.0,50.394563000004666,True,optimal
1019,10,Box9,1,42504000.0,42504000.0,199.4,False,Box9,1,42504000.0,42504000.0,1.8415390000043885,False,heuristic,Box9,1,42504000.0,42504000.0,50.75365199999737,True,optimal
1020,8,Box6,1,24752000.0,24752000.0,467.36,False,Box6,1,24752000.0,24752000.0,1.379462999999248,False,heuristic,Box6,1,24752000.0,24752000.0,29.639502999998513,True,optimal
1021,7,Box4,1,13260000.0,13260000.0,173.16,False,Box4,1,13260000.0,13260000.0,0.980693999999005,False,heuristic,Box4,1,13260000.0,13260000.0,27.614597999999546,True,optimal
1022,4,Box4,1,13260000.0,13260000.0,265.52,False,Box4,1,13260000.0,13260000.0,0.32930400000452664,False,heuristic,Box4,1,13260000.0,13260000.0,8.529870000003825,True,optimal
1023,4,Box8,1,14616000.0,14616000.0,221.83,False,"Box4,Box2",2,18538500.0,13260000.0,1.1105349999951386,False,heuristic,Box8,1,14616000.0,14616000.0,15.425988000004054,True,optimal
1024,4,Box5,1,20774000.0,20774000.0,228.47,False,Box5,1,20774000.0,20774000.0,0.3814900000023158,False,heuristic,Box5,1,20774000.0,20774000.0,11.231148000000246,True,optimal
1025,6,Box8,1,14616000.0,14616000.0,339.47,False,Box8,1,14616000.0,14616000.0,2.2874439999966967,False,heuristic,Box4,1,13260000.0,13260000.0,21.913957000002426,True,optimal
1026,6,Box8,1,14616000.0,14616000.0,286.0,False,Box8,1,14616000.0,14616000.0,2.792278000001147,False,heuristic,Box8,1,14616000.0,14616000.0,21.189356000000714,True,optimal
1027,6,Box4,1,13260000.0,13260000.0,189.9,False,Box4,1,13260000.0,13260000.0,0.5222260000010692,False,heuristic,Box4,1,13260000.0,13260000.0,18.419205000000716,True,optimal
1028,17,Box9,1,42504000.0,42504000.0,213.33,False,"Box9,Box2",2,47782500.0,42504000.0,7.141259000000844,False,heuristic,Box9,1,42504000.0,42504000.0,132.12349399999823,True,optimal
1029,11,Box6,1,24752000.0,24752000.0,172.99,False,Box6,1,24752000.0,24752000.0,2.271296000003531,False,heuristic,Box6,1,24752000.0,24752000.0,54.11682799999795,True,optimal
1030,1,Box2,1,5278500.0,5278500.0,184.1,False,Box2,1,5278500.0,5278500.0,0.1056340000005207,False,heuristic,Box2,1,5278500.0,5278500.0,0.9189049999989152,True,optimal
1031,1,Box2,1,5278500.0,5278500.0,172.18,False,Box2,1,5278500.0,5278500.0,0.1485729999970431,False,heuristic,Box2,1,5278500.0,5278500.0,0.9148500000009108,True,optimal
1032,7,Box5,1,20774000.0,20774000.0,172.97,False,Box5,1,20774000.0,20774000.0,0.9856810000030691,False,heuristic,Box5,1,20774000.0,20774000.0,25.248787000002437,True,optimal
1033,5,Box4,1,13260000.0,13260000.0,188.34,False,Box4,1,13260000.0,13260000.0,0.4690499999995268,False,heuristic,Box4,1,13260000.0,13260000.0,11.4930450000017,True,optimal
1034,5,Box4,1,13260000.0,13260000.0,199.96,False,Box4,1,13260000.0,13260000.0,0.5474399999982893,False,heuristic,Box4,1,13260000.0,13260000.0,15.207503999995708,True,optimal
1035,5,Box4,1,13260000.0,13260000.0,171.43,False,Box4,1,13260000.0,13260000.0,1.6967589999978827,False,heuristic,Box4,1,13260000.0,13260000.0,23.020256000002348,True,optimal
1036,5,Box4,1,13260000.0,13260000.0,190.01,False,Box4,1,13260000.0,13260000.0,0.5148159999990298,False,heuristic,Box4,1,13260000.0,13260000.0,14.740578000001392,True,optimal
1037,8,Box4,1,13260000.0,13260000.0,190.48,False,Box4,1,13260000.0,13260000.0,1.308029000000488,False,heuristic,Box4,1,13260000.0,13260000.0,32.474309999997786,True,optimal
1038,7,Box5,1,20774000.0,20774000.0,171.32,False,Box5,1,20774000.0,20774000.0,3.330234999999959,False,heuristic,Box5,1,20774000.0,20774000.0,37.29617699999466,True,optimal
1039,9,Box6,1,24752000.0,24752000.0,179.44,False,Box6,1,24752000.0,24752000.0,1.2968119999996475,False,heuristic,Box6,1,24752000.0,24752000.0,37.00572199999641,True,optimal
1040,5,Box4,1,13260000.0,13260000.0,184.29,False,Box4,1,13260000.0,13260000.0,0.5031609999974762,False,heuristic,Box4,1,13260000.0,13260000.0,14.741201999996179,True,optimal
1041,6,Box9,1,42504000.0,42504000.0,297.37,False,Box9,1,42504000.0,42504000.0,1.6732099999998695,False,heuristic,Box6,1,24752000.0,24752000.0,42.31287599999689,True,optimal
1042,16,Box9,1,42504000.0,42504000.0,186.45,False,Box9,1,42504000.0,42504000.0,7.270333999997547,False,heuristic,Box9,1,42504000.0,42504000.0,115.56876499999902,True,optimal
1043,6,Box5,1,20774000.0,20774000.0,172.89,False,Box5,1,20774000.0,20774000.0,3.507599000002415,False,heuristic,Box5,1,20774000.0,20774000.0,19.75470600000051,True,optimal
1044,3,Box8,1,14616000.0,14616000.0,175.28,False,Box8,1,14616000.0,14616000.0,0.14138299999899573,False,heuristic,Box8,1,14616000.0,14616000.0,3.8474259999929927,True,optimal
1045,6,Box4,1,13260000.0,13260000.0,198.73,False,Box4,1,13260000.0,13260000.0,2.424553000004437,False,heuristic,Box4,1,13260000.0,13260000.0,31.682166000003065,True,optimal
1046,14,Box9,1,42504000.0,42504000.0,249.57,False,Box9,1,42504000.0,42504000.0,3.813481000001673,False,heuristic,Box9,1,42504000.0,42504000.0,86.2159419999955,True,optimal
1047,6,Box5,1,20774000.0,20774000.0,182.7,False,Box5,1,20774000.0,20774000.0,1.966896000006102,False,heuristic,Box5,1,20774000.0,20774000.0,142.77215399999932,True,optimal
1048,17,Box9,1,42504000.0,42504000.0,190.28,False,Box9,1,42504000.0,42504000.0,10.663060999995366,False,heuristic,Box9,1,42504000.0,42504000.0,134.73158499999727,True,optimal
1049,5,Box4,1,13260000.0,13260000.0,181.73,False,Box4,1,13260000.0,13260000.0,1.5292359999961036,False,heuristic,Box4,1,13260000.0,13260000.0,22.33551599999828,True,optimal
1050,4,Box2,1,5278500.0,5278500.0,174.86,False,Box2,1,5278500.0,5278500.0,0.38600999999971464,False,heuristic,Box2,1,5278500.0,5278500.0,8.764777999999751,True,optimal
1051,5,Box4,1,13260000.0,13260000.0,187.66,False,Box4,1,13260000.0,13260000.0,0.6649609999982431,False,heuristic,Box4,1,13260000.0,13260000.0,17.279004999998904,True,optimal
1052,6,Box8,1,14616000.0,14616000.0,167.72,False,Box8,1,14616000.0,14616000.0,2.0067040000029124,False,heuristic,Box8,1,14616000.0,14616000.0,18.92067100000361,True,optimal
1053,11,Box9,1,42504000.0,42504000.0,181.38,False,Box9,1,42504000.0,42504000.0,2.675512999999796,False,heuristic,Box9,1,42504000.0,42504000.0,62.55599100000353,True,optimal
1054,8,Box5,1,20774000.0,20774000.0,323.81,False,Box5,1,20774000.0,20774000.0,1.3247209999960319,False,heuristic,Box5,1,20774000.0,20774000.0,32.170563999997626,True,optimal
1055,9,"Box9,Box4",2,55764000.0,42504000.0,427.29,True,"Box9,Box9",2,85008000.0,42504000.0,0.6814890000015339,False,heuristic,"Box6,Box9",2,67256000.0,42504000.0,78.18959699999795,True,optimal
1056,1,Box2,1,5278500.0,5278500.0,394.81,False,Box2,1,5278500.0,5278500.0,0.10899400000141668,False,heuristic,Box2,1,5278500.0,5278500.0,1.4536930000019765,True,optimal
1057,4,Box4,1,13260000.0,13260000.0,187.85,False,Box4,1,13260000.0,13260000.0,0.9938740000023927,False,heuristic,Box4,1,13260000.0,13260000.0,14.227153000000214,True,optimal
1058,4,Box2,1,5278500.0,5278500.0,176.22,False,Box2,1,5278500.0,5278500.0,0.2892480000014075,False,heuristic,Box2,1,5278500.0,5278500.0,7.395572000000072,True,optimal
1059,10,Box6,1,24752000.0,24752000.0,323.24,False,Box6,1,24752000.0,24752000.0,2.1946110000001795,False,heuristic,Box6,1,24752000.0,24752000.0,49.070733000000644,True,optimal
1060,3,Box4,1,13260000.0,13260000.0,180.09,False,Box4,1,13260000.0,13260000.0,0.7793179999993072,False,heuristic,Box4,1,13260000.0,13260000.0,9.012327000000653,True,optimal
1061,4,Box2,1,5278500.0,5278500.0,190.57,False,Box2,1,5278500.0,5278500.0,0.4346549999993954,False,heuristic,Box2,1,5278500.0,5278500.0,8.646317000000181,True,optimal
1062,4,Box4,1,13260000.0,13260000.0,167.46,False,Box4,1,13260000.0,13260000.0,1.385898999998858,False,heuristic,Box4,1,13260000.0,13260000.0,16.731724999999642,True,optimal
1063,5,Box8,1,14616000.0,14616000.0,184.44,False,Box8,1,14616000.0,14616000.0,0.6455090000017094,False,heuristic,Box8,1,14616000.0,14616000.0,14.349277000000882,True,optimal
1064,5,Box2,1,5278500.0,5278500.0,188.7,False,Box4,1,13260000.0,13260000.0,2.0014119999984814,False,heuristic,Box2,1,5278500.0,5278500.0,15.698160999995991,True,optimal
1065,8,Box9,1,42504000.0,42504000.0,166.49,False,Box9,1,42504000.0,42504000.0,1.3525829999991856,False,heuristic,Box9,1,42504000.0,42504000.0,34.269715000000645,True,optimal
1066,7,Box5,1,20774000.0,20774000.0,188.57,False,Box5,1,20774000.0,20774000.0,3.2684050000000298,False,heuristic,Box5,1,20774000.0,20774000.0,37.61423699999966,True,optimal
1067,7,Box8,1,14616000.0,14616000.0,189.07,False,Box8,1,14616000.0,14616000.0,1.4366710000004446,False,heuristic,Box8,1,14616000.0,14616000.0,25.445640000000935,True,optimal
1068,5,Box4,1,13260000.0,13260000.0,258.19,False,Box4,1,13260000.0,13260000.0,0.6027250000002482,False,heuristic,Box4,1,13260000.0,13260000.0,15.131275999998195,True,optimal
1069,12,Box2,1,5278500.0,5278500.0,170.74,False,Box2,1,5278500.0,5278500.0,3.3284210000061876,False,heuristic,Box2,1,5278500.0,5278500.0,63.23332299999862,True,optimal
1070,6,Box9,1,42504000.0,42504000.0,185.31,False,Box9,1,42504000.0,42504000.0,1.5584650000022293,False,heuristic,Box9,1,42504000.0,42504000.0,62.644795000004194,True,optimal
1071,8,Box5,1,20774000.0,20774000.0,191.28,False,Box5,1,20774000.0,20774000.0,1.286566000004541,False,heuristic,Box5,1,20774000.0,20774000.0,30.47108899999529,True,optimal
1072,6,Box4,1,13260000.0,13260000.0,168.68,False,Box4,1,13260000.0,13260000.0,0.7442729999951325,False,heuristic,Box4,1,13260000.0,13260000.0,20.762849999997,True,optimal
1073,6,Box6,1,24752000.0,24752000.0,172.64,False,Box6,1,24752000.0,24752000.0,2.04720100000344,False,heuristic,Box6,1,24752000.0,24752000.0,36.59703999999664,True,optimal
1074,4,Box2,1,5278500.0,5278500.0,167.53,False,Box2,1,5278500.0,5278500.0,0.46528600000073084,False,heuristic,Box2,1,5278500.0,5278500.0,10.388863999999387,True,optimal
1075,8,Box4,1,13260000.0,13260000.0,302.73,False,Box4,1,13260000.0,13260000.0,1.8975489999988326,False,heuristic,Box4,1,13260000.0,13260000.0,31.66587500000162,True,optimal
1076,11,Box9,1,42504000.0,42504000.0,195.35,False,Box9,1,42504000.0,42504000.0,3.435703999997486,False,heuristic,Box9,1,42504000.0,42504000.0,62.042488000003004,True,optimal
1077,4,Box2,1,5278500.0,5278500.0,193.91,False,Box2,1,5278500.0,5278500.0,0.3461240000035559,False,heuristic,Box2,1,5278500.0,5278500.0,9.569120999998404,True,optimal
1078,11,Box6,1,24752000.0,24752000.0,336.61,False,Box6,1,24752000.0,24752000.0,2.276811000001544,False,heuristic,Box6,1,24752000.0,24752000.0,53.89142299999605,True,optimal
1079,5,Box8,1,14616000.0,14616000.0,170.16,False,Box8,1,14616000.0,14616000.0,1.5209929999997485,False,heuristic,Box8,1,14616000.0,14616000.0,14.875296999996124,True,optimal
1080,7,Box6,1,24752000.0,24752000.0,315.8,False,Box6,1,24752000.0,24752000.0,0.9056899999961843,False,heuristic,Box6,1,24752000.0,24752000.0,26.503552999997737,True,optimal
1081,13,"Box9,Box8",2,57120000.0,42504000.0,435.6,True,"Box9,Box9",2,85008000.0,42504000.0,1.6093159999996942,False,heuristic,"Box6,Box9",2,67256000.0,42504000.0,291.53875900000514,True,optimal
1082,3,Box2,1,5278500.0,5278500.0,164.48,False,Box2,1,5278500.0,5278500.0,0.3076699999979837,False,heuristic,Box2,1,5278500.0,5278500.0,6.759889999997881,True,optimal
1083,3,Box8,1,14616000.0,14616000.0,196.12,False,Box8,1,14616000.0,14616000.0,0.19422800000512552,False,heuristic,Box8,1,14616000.0,14616000.0,4.476734000000704,True,optimal
1084,5,Box8,1,14616000.0,14616000.0,192.73,False,Box8,1,14616000.0,14616000.0,1.9560559999973748,False,heuristic,Box8,1,14616000.0,14616000.0,15.813278999999625,True,optimal
1085,4,Box4,1,13260000.0,13260000.0,179.68,False,Box4,1,13260000.0,13260000.0,1.2619520000001216,False,heuristic,Box4,1,13260000.0,13260000.0,18.88990599999829,True,optimal
1086,6,Box8,1,14616000.0,14616000.0,171.39,False,Box8,1,14616000.0,14616000.0,0.6593799999947692,False,heuristic,Box8,1,14616000.0,14616000.0,21.00609099999673,True,optimal
1087,3,Box2,1,5278500.0,5278500.0,169.88,False,Box2,1,5278500.0,5278500.0,0.232549999999776,False,heuristic,Box2,1,5278500.0,5278500.0,4.03269699999953,True,optimal
1088,3,Box2,1,5278500.0,5278500.0,164.68,False,Box2,1,5278500.0,5278500.0,0.25918100000410504,False,heuristic,Box2,1,5278500.0,5278500.0,5.1196169999983,True,optimal
1089,4,Box4,1,13260000.0,13260000.0,181.83,False,Box4,1,13260000.0,13260000.0,1.5175400000018158,False,heuristic,Box4,1,13260000.0,13260000.0,15.299605999999244,True,optimal
1090,5,Box2,1,5278500.0,5278500.0,185.53,False,Box2,1,5278500.0,5278500.0,0.47851600000115013,False,heuristic,Box2,1,5278500.0,5278500.0,12.131240000002208,True,optimal
1091,14,Box9,1,42504000.0,42504000.0,330.84,False,Box9,1,42504000.0,42504000.0,4.395629000001122,False,heuristic,Box9,1,42504000.0,42504000.0,85.31617199999886,True,optimal
1092,7,Box9,1,42504000.0,42504000.0,169.07,False,Box9,1,42504000.0,42504000.0,2.3436970000005886,False,heuristic,Box6,1,24752000.0,24752000.0,25.42340299999779,True,optimal
1093,13,Box4,1,13260000.0,13260000.0,411.23,False,Box4,1,13260000.0,13260000.0,2.1538880000022687,False,heuristic,Box4,1,13260000.0,13260000.0,72.88011400000016,True,optimal
1094,9,Box5,1,20774000.0,20774000.0,193.0,False,Box6,1,24752000.0,24752000.0,4.789219999999261,False,heuristic,Box5,1,20774000.0,20774000.0,46.59334099999768,True,optimal
1095,3,Box2,1,5278500.0,5278500.0,162.0,False,Box2,1,5278500.0,5278500.0,0.18208800000252268,False,heuristic,Box2,1,5278500.0,5278500.0,3.8059399999994525,True,optimal
1096,3,Box2,1,5278500.0,5278500.0,170.21,False,Box2,1,5278500.0,5278500.0,0.27356000000366976,False,heuristic,Box2,1,5278500.0,5278500.0,5.135871000000236,True,optimal
1097,5,Box2,1,5278500.0,5278500.0,176.41,False,Box2,1,5278500.0,5278500.0,0.43067499999693837,False,heuristic,Box2,1,5278500.0,5278500.0,12.112166000001423,True,optimal
1098,7,Box4,1,13260000.0,13260000.0,181.26,False,Box4,1,13260000.0,13260000.0,3.009505999997941,False,heuristic,Box4,1,13260000.0,13260000.0,39.68356100000392,True,optimal
1099,4,Box5,1,20774000.0,20774000.0,189.47,False,Box5,1,20774000.0,20774000.0,0.324939000002189,False,heuristic,Box5,1,20774000.0,20774000.0,8.898857999994902,True,optimal
1100,11,Box5,1,20774000.0,20774000.0,173.7,False,Box5,1,20774000.0,20774000.0,1.7280409999997914,False,heuristic,Box5,1,20774000.0,20774000.0,60.832992000001695,True,optimal
1101,2,Box2,1,5278500.0,5278500.0,164.49,False,Box2,1,5278500.0,5278500.0,0.17084499999953096,False,heuristic,Box2,1,5278500.0,5278500.0,3.4252969999997163,True,optimal
1102,5,Box4,1,13260000.0,13260000.0,188.2,False,Box4,1,13260000.0,13260000.0,0.8682969999966872,False,heuristic,Box4,1,13260000.0,13260000.0,12.277091999997936,True,optimal
1103,8,Box4,1,13260000.0,13260000.0,182.57,False,Box4,1,13260000.0,13260000.0,1.9652860000007877,False,heuristic,Box4,1,13260000.0,13260000.0,22.750579000003768,True,optimal
1104,5,Box8,1,14616000.0,14616000.0,207.98,False,Box8,1,14616000.0,14616000.0,1.123929000002022,False,heuristic,Box8,1,14616000.0,14616000.0,10.04700000000014,True,optimal
1105,6,Box8,1,14616000.0,14616000.0,170.46,False,Box8,1,14616000.0,14616000.0,1.1092070000060517,False,heuristic,Box8,1,14616000.0,14616000.0,10.060000000002844,True,optimal
1106,7,Box6,1,24752000.0,24752000.0,421.52,False,Box6,1,24752000.0,24752000.0,0.337123000001327,False,heuristic,Box6,1,24752000.0,24752000.0,11.650766000002477,True,optimal
1107,4,Box6,1,24752000.0,24752000.0,175.54,False,Box6,1,24752000.0,24752000.0,0.6607369999969137,False,heuristic,Box6,1,24752000.0,24752000.0,10.243965000000799,True,optimal
1108,3,Box2,1,5278500.0,5278500.0,177.86,False,Box2,1,5278500.0,5278500.0,0.15638400000028696,False,heuristic,Box2,1,5278500.0,5278500.0,3.2152340000024537,True,optimal
1109,4,Box4,1,13260000.0,13260000.0,229.61,False,Box4,1,13260000.0,13260000.0,0.20221199999781447,False,heuristic,Box4,1,13260000.0,13260000.0,4.912690000004716,True,optimal
1110,3,Box2,1,5278500.0,5278500.0,181.26,False,Box2,1,5278500.0,5278500.0,0.14749000000335855,False,heuristic,Box2,1,5278500.0,5278500.0,2.9412439999987328,True,optimal
1111,7,Box9,1,42504000.0,42504000.0,176.91,False,Box9,1,42504000.0,42504000.0,0.9434999999982097,False,heuristic,Box9,1,42504000.0,42504000.0,15.085687999999209,True,optimal
1112,6,Box9,1,42504000.0,42504000.0,199.09,False,Box9,1,42504000.0,42504000.0,1.038231000002554,False,heuristic,Box9,1,42504000.0,42504000.0,30.856249000002833,True,optimal
1113,5,Box5,1,20774000.0,20774000.0,219.06,False,Box5,1,20774000.0,20774000.0,0.7329049999995618,False,heuristic,Box5,1,20774000.0,20774000.0,11.219382000000166,True,optimal
1114,11,Box9,1,42504000.0,42504000.0,189.13,False,"Box9,Box5",2,63278000.0,42504000.0,1.2582999999963818,False,heuristic,Box9,1,42504000.0,42504000.0,31.793049000000906,True,optimal
1115,8,Box9,1,42504000.0,42504000.0,196.02,False,Box9,1,42504000.0,42504000.0,0.7051530000055095,False,heuristic,Box9,1,42504000.0,42504000.0,22.47991499999813,True,optimal
1116,15,"Box9,Box6",2,67256000.0,42504000.0,481.66,True,"Box9,Box9",2,85008000.0,42504000.0,3.7166130000017006,False,heuristic,"Box9,Box9",2,85008000.0,42504000.0,58.18731199999405,False,time_limit
1117,10,Box9,1,42504000.0,42504000.0,189.89,False,Box9,1,42504000.0,42504000.0,1.0233189999979686,False,heuristic,Box9,1,42504000.0,42504000.0,30.022282999993877,True,optimal
1118,10,Box9,1,42504000.0,42504000.0,187.83,False,Box9,1,42504000.0,42504000.0,0.6986839999996164,False,heuristic,Box9,1,42504000.0,42504000.0,24.646902000000637,True,optimal
1119,8,Box6,1,24752000.0,24752000.0,311.49,False,Box6,1,24752000.0,24752000.0,0.35946700000266674,False,heuristic,Box6,1,24752000.0,24752000.0,13.330666000001656,True,optimal
1120,5,Box6,1,24752000.0,24752000.0,172.68,False,Box6,1,24752000.0,24752000.0,0.2870989999976814,False,heuristic,Box6,1,24752000.0,24752000.0,8.632317,True,optimal
1121,5,Box4,1,13260000.0,13260000.0,199.09,False,Box4,1,13260000.0,13260000.0,0.8387130000002685,False,heuristic,Box4,1,13260000.0,13260000.0,11.808762999997668,True,optimal
1122,4,Box8,1,14616000.0,14616000.0,170.02,False,Box8,1,14616000.0,14616000.0,0.19295799999952123,False,heuristic,Box8,1,14616000.0,14616000.0,5.874485999996182,True,optimal
1123,5,Box8,1,14616000.0,14616000.0,171.08,False,"Box4,Box8",2,27876000.0,14616000.0,0.5679379999961043,False,heuristic,Box8,1,14616000.0,14616000.0,8.25747700000079,True,optimal
1124,5,Box4,1,13260000.0,13260000.0,170.31,False,Box4,1,13260000.0,13260000.0,0.9245310000025597,False,heuristic,Box4,1,13260000.0,13260000.0,12.925101000000438,True,optimal
1125,13,Box6,1,24752000.0,24752000.0,331.11,False,Box9,1,42504000.0,42504000.0,4.2190030000028855,False,heuristic,Box6,1,24752000.0,24752000.0,46.23367300000325,True,optimal
1126,10,Box6,1,24752000.0,24752000.0,202.57,False,Box6,1,24752000.0,24752000.0,1.036358000000348,False,heuristic,Box6,1,24752000.0,24752000.0,26.46902499999726,True,optimal
1127,10,Box6,1,24752000.0,24752000.0,170.82,False,Box9,1,42504000.0,42504000.0,2.1745379999984493,False,heuristic,Box6,1,24752000.0,24752000.0,28.59586299999961,True,optimal
1128,16,Box6,1,24752000.0,24752000.0,333.88,False,Box6,1,24752000.0,24752000.0,1.913838999996642,False,heuristic,Box6,1,24752000.0,24752000.0,68.63133499999918,True,optimal
1129,8,Box4,1,13260000.0,13260000.0,566.95,False,Box4,1,13260000.0,13260000.0,0.8507810000040195,False,heuristic,Box4,1,13260000.0,13260000.0,17.246966999998392,True,optimal
1130,4,Box2,1,5278500.0,5278500.0,271.48,False,Box2,1,5278500.0,5278500.0,0.20718999999758125,False,heuristic,Box2,1,5278500.0,5278500.0,4.813081000001773,True,optimal
1131,6,Box4,1,13260000.0,13260000.0,221.58,False,Box4,1,13260000.0,13260000.0,1.146411999997099,False,heuristic,Box4,1,13260000.0,13260000.0,17.491192000001377,True,optimal
1132,10,Box8,1,14616000.0,14616000.0,225.13,False,Box8,1,14616000.0,14616000.0,4.368376000002172,False,heuristic,Box8,1,14616000.0,14616000.0,33.292609000000084,True,optimal
1133,9,Box5,1,20774000.0,20774000.0,686.14,False,Box5,1,20774000.0,20774000.0,0.6847329999999374,False,heuristic,Box5,1,20774000.0,20774000.0,21.069377999999972,True,optimal
1134,5,Box2,1,5278500.0,5278500.0,282.58,False,Box2,1,5278500.0,5278500.0,0.20373400000295305,False,heuristic,Box2,1,5278500.0,5278500.0,5.661359000001198,True,optimal
1135,3,Box2,1,5278500.0,5278500.0,282.01,False,Box2,1,5278500.0,5278500.0,0.13855699999965054,False,heuristic,Box2,1,5278500.0,5278500.0,2.6228879999976584,True,optimal
1136,14,"Box9,Box2",2,47782500.0,42504000.0,476.75,True,"Box6,Box9",2,67256000.0,42504000.0,1.1180400000014856,False,heuristic,"Box6,Box6",2,49504000.0,24752000.0,139.95705600000008,True,optimal
1137,5,Box4,1,13260000.0,13260000.0,214.83,False,Box4,1,13260000.0,13260000.0,1.003528999994785,False,heuristic,Box4,1,13260000.0,13260000.0,14.506824000001473,True,optimal
1138,8,Box5,1,20774000.0,20774000.0,196.04,False,Box5,1,20774000.0,20774000.0,0.8286980000065114,False,heuristic,Box5,1,20774000.0,20774000.0,20.04426599999931,True,optimal
1139,13,Box5,1,20774000.0,20774000.0,212.48,False,Box5,1,20774000.0,20774000.0,1.6403400000015722,False,heuristic,Box5,1,20774000.0,20774000.0,41.70252400000152,True,optimal
1140,4,Box6,1,24752000.0,24752000.0,196.8,False,Box6,1,24752000.0,24752000.0,0.6691399999994019,False,heuristic,Box6,1,24752000.0,24752000.0,9.660613000001206,True,optimal
1141,6,Box2,1,5278500.0,5278500.0,197.54,False,Box2,1,5278500.0,5278500.0,0.3556309999979135,False,heuristic,Box2,1,5278500.0,5278500.0,9.706882000003247,True,optimal
1142,7,Box6,1,24752000.0,24752000.0,165.57,False,Box6,1,24752000.0,24752000.0,0.6348080000009304,False,heuristic,Box6,1,24752000.0,24752000.0,14.220254999997906,True,optimal
1143,5,Box6,1,24752000.0,24752000.0,193.98,False,Box6,1,24752000.0,24752000.0,0.20114099999801738,False,heuristic,Box6,1,24752000.0,24752000.0,8.218438000000106,True,optimal
1144,8,Box9,1,42504000.0,42504000.0,165.4,False,"Box9,Box5",2,63278000.0,42504000.0,0.9402749999978255,False,heuristic,Box9,1,42504000.0,42504000.0,19.83435200000372,True,optimal
1145,5,Box2,1,5278500.0,5278500.0,198.01,False,Box4,1,13260000.0,13260000.0,0.9877560000006724,False,heuristic,Box2,1,5278500.0,5278500.0,7.873874000004832,True,optimal
1146,16,Box9,1,42504000.0,42504000.0,187.6,False,Box9,1,42504000.0,42504000.0,4.032154000000787,False,heuristic,Box9,1,42504000.0,42504000.0,71.41361299999716,True,optimal
1147,7,Box8,1,14616000.0,14616000.0,173.26,False,Box8,1,14616000.0,14616000.0,0.7989639999976816,False,heuristic,Box8,1,14616000.0,14616000.0,14.310199999997053,True,optimal
1148,1,Box2,1,5278500.0,5278500.0,175.24,False,Box2,1,5278500.0,5278500.0,0.0864390000003823,False,heuristic,Box2,1,5278500.0,5278500.0,0.5035930000047983,True,optimal
1149,5,Box4,1,13260000.0,13260000.0,201.49,False,Box4,1,13260000.0,13260000.0,0.8450620000033382,False,heuristic,Box4,1,13260000.0,13260000.0,18.68320199999829,True,optimal
1150,4,Box4,1,13260000.0,13260000.0,174.12,False,Box4,1,13260000.0,13260000.0,0.744672999999807,False,heuristic,Box4,1,13260000.0,13260000.0,8.900707999998758,True,optimal
1151,7,Box2,1,5278500.0,5278500.0,173.26,False,Box4,1,13260000.0,13260000.0,1.7334099999999353,False,heuristic,Box2,1,5278500.0,5278500.0,13.8794450000006,True,optimal
1152,6,Box8,1,14616000.0,14616000.0,190.0,False,Box5,1,20774000.0,20774000.0,0.7399750000018912,False,heuristic,Box8,1,14616000.0,14616000.0,13.38573799999665,True,optimal
1153,8,Box8,1,14616000.0,14616000.0,191.33,False,Box8,1,14616000.0,14616000.0,0.7533750000021655,False,heuristic,Box8,1,14616000.0,14616000.0,20.655800000000113,True,optimal
1154,2,Box2,1,5278500.0,5278500.0,171.97,False,Box2,1,5278500.0,5278500.0,0.09752600000467737,False,heuristic,Box2,1,5278500.0,5278500.0,1.56197300000116,True,optimal
1155,4,Box4,1,13260000.0,13260000.0,180.65,False,Box4,1,13260000.0,13260000.0,0.20124999999637794,False,heuristic,Box4,1,13260000.0,13260000.0,5.59530900000027,True,optimal
1156,10,Box8,1,14616000.0,14616000.0,191.36,False,Box8,1,14616000.0,14616000.0,1.00391000000144,False,heuristic,Box8,1,14616000.0,14616000.0,29.88021099999827,True,optimal
1157,8,Box2,1,5278500.0,5278500.0,192.35,False,Box2,1,5278500.0,5278500.0,0.7667560000044205,False,heuristic,Box2,1,5278500.0,5278500.0,16.57470300000341,True,optimal
1158,4,Box4,1,13260000.0,13260000.0,183.47,False,Box4,1,13260000.0,13260000.0,0.19383899999780851,False,heuristic,Box4,1,13260000.0,13260000.0,5.781428000005917,True,optimal
1159,5,Box4,1,13260000.0,13260000.0,197.41,False,Box4,1,13260000.0,13260000.0,0.3360929999942641,False,heuristic,Box4,1,13260000.0,13260000.0,8.305448999998077,True,optimal
1160,4,Box4,1,13260000.0,13260000.0,166.69,False,Box4,1,13260000.0,13260000.0,0.6161510000026738,False,heuristic,Box4,1,13260000.0,13260000.0,8.469474000001753,True,optimal
1161,5,Box8,1,14616000.0,14616000.0,181.98,False,Box8,1,14616000.0,14616000.0,1.0685669999972447,False,heuristic,Box8,1,14616000.0,14616000.0,9.32249699999943,True,optimal
1162,12,Box8,1,14616000.0,14616000.0,168.93,False,Box8,1,14616000.0,14616000.0,4.627042999999276,False,heuristic,Box8,1,14616000.0,14616000.0,42.08549599999856,True,optimal
1163,7,Box8,1,14616000.0,14616000.0,181.05,False,Box8,1,14616000.0,14616000.0,1.4944929999956003,False,heuristic,Box8,1,14616000.0,14616000.0,15.0048269999985,True,optimal
1164,9,Box9,1,42504000.0,42504000.0,472.0,False,Box9,1,42504000.0,42504000.0,0.8049630000002139,False,heuristic,Box9,1,42504000.0,42504000.0,25.346006999996007,True,optimal
1165,1,Box2,1,5278500.0,5278500.0,189.54,False,Box2,1,5278500.0,5278500.0,0.09206800000072235,False,heuristic,Box2,1,5278500.0,5278500.0,0.5935169999986556,True,optimal
1166,5,Box4,1,13260000.0,13260000.0,171.2,False,Box4,1,13260000.0,13260000.0,0.8567700000057243,False,heuristic,Box4,1,13260000.0,13260000.0,18.6623620000006,True,optimal
1167,5,Box5,1,20774000.0,20774000.0,189.29,False,Box6,1,24752000.0,24752000.0,0.6992449999998485,False,heuristic,Box5,1,20774000.0,20774000.0,12.873202999998057,True,optimal
1168,7,Box5,1,20774000.0,20774000.0,178.21,False,Box5,1,20774000.0,20774000.0,0.5324550000054273,False,heuristic,Box5,1,20774000.0,20774000.0,13.070538000000909,True,optimal
1169,6,"Box9,Box5",2,63278000.0,42504000.0,234.72,False,"Box9,Box4,Box4",3,69024000.0,42504000.0,0.6821890000026087,False,heuristic,"Box5,Box9",2,63278000.0,42504000.0,133.00517499999387,True,optimal
1170,5,Box9,1,42504000.0,42504000.0,200.79,False,Box9,1,42504000.0,42504000.0,0.6893700000034642,False,heuristic,Box9,1,42504000.0,42504000.0,13.750111999996761,True,optimal
1171,7,Box6,1,24752000.0,24752000.0,170.36,False,Box9,1,42504000.0,42504000.0,1.6546820000016282,False,heuristic,Box6,1,24752000.0,24752000.0,15.044537000001412,True,optimal
1172,9,Box4,1,13260000.0,13260000.0,166.3,False,Box4,1,13260000.0,13260000.0,0.879183999998645,False,heuristic,Box4,1,13260000.0,13260000.0,23.34924399999494,True,optimal
1173,9,Box6,1,24752000.0,24752000.0,171.92,False,Box6,1,24752000.0,24752000.0,1.0986119999998323,False,heuristic,Box6,1,24752000.0,24752000.0,20.320408999999984,True,optimal
1174,5,Box6,1,24752000.0,24752000.0,189.62,False,Box6,1,24752000.0,24752000.0,0.2185960000034015,False,heuristic,Box6,1,24752000.0,24752000.0,7.250892000001841,True,optimal
1175,3,Box2,1,5278500.0,5278500.0,214.95,False,Box2,1,5278500.0,5278500.0,0.14883200000070929,False,heuristic,Box2,1,5278500.0,5278500.0,3.2696749999985286,True,optimal
1176,4,Box4,1,13260000.0,13260000.0,194.34,False,Box4,1,13260000.0,13260000.0,0.23680299999995214,False,heuristic,Box4,1,13260000.0,13260000.0,5.557463000002372,True,optimal
1177,5,Box6,1,24752000.0,24752000.0,212.25,False,Box6,1,24752000.0,24752000.0,1.175596000003054,False,heuristic,Box6,1,24752000.0,24752000.0,16.522755000003997,True,optimal
1178,4,Box2,1,5278500.0,5278500.0,167.12,False,Box2,1,5278500.0,5278500.0,0.20059899999580466,False,heuristic,Box2,1,5278500.0,5278500.0,4.5924619999979654,True,optimal
1179,11,Box9,1,42504000.0,42504000.0,307.9,False,Box9,1,42504000.0,42504000.0,1.4816739999972128,False,heuristic,Box9,1,42504000.0,42504000.0,36.329135999999096,True,optimal
1180,6,Box4,1,13260000.0,13260000.0,177.57,False,Box4,1,13260000.0,13260000.0,0.4236129999952709,False,heuristic,Box4,1,13260000.0,13260000.0,11.205752000002178,True,optimal
1181,6,Box9,1,42504000.0,42504000.0,334.43,False,Box9,1,42504000.0,42504000.0,0.7759790000037015,False,heuristic,Box6,1,24752000.0,24752000.0,11.417176999998446,True,optimal
1182,6,Box4,1,13260000.0,13260000.0,164.89,False,Box4,1,13260000.0,13260000.0,0.30268200000449497,False,heuristic,Box4,1,13260000.0,13260000.0,11.221555000005878,True,optimal
1183,4,Box5,1,20774000.0,20774000.0,182.98,False,Box5,1,20774000.0,20774000.0,0.7976220000003309,False,heuristic,Box5,1,20774000.0,20774000.0,5.02178200000003,True,optimal
1184,5,Box5,1,20774000.0,20774000.0,175.6,False,Box5,1,20774000.0,20774000.0,0.2976849999996034,False,heuristic,Box5,1,20774000.0,20774000.0,8.002857000001029,True,optimal
1185,5,Box4,1,13260000.0,13260000.0,199.21,False,Box4,1,13260000.0,13260000.0,0.2861970000012093,False,heuristic,Box4,1,13260000.0,13260000.0,9.268106999996917,True,optimal
1186,6,Box8,1,14616000.0,14616000.0,176.78,False,Box8,1,14616000.0,14616000.0,1.1544949999944265,False,heuristic,Box8,1,14616000.0,14616000.0,11.800260000001117,True,optimal
1187,7,Box9,1,42504000.0,42504000.0,187.35,False,Box9,1,42504000.0,42504000.0,0.5776629999942884,False,heuristic,Box9,1,42504000.0,42504000.0,14.603577999999118,True,optimal
1188,5,Box4,1,13260000.0,13260000.0,192.15,False,Box4,1,13260000.0,13260000.0,0.8848120000024551,False,heuristic,Box4,1,13260000.0,13260000.0,11.335966000004305,True,optimal
1189,14,Box4,1,13260000.0,13260000.0,192.79,False,Box8,1,14616000.0,14616000.0,6.241535000000908,False,heuristic,Box4,1,13260000.0,13260000.0,59.45306299999942,True,optimal
1190,1,Box2,1,5278500.0,5278500.0,171.37,False,Box2,1,5278500.0,5278500.0,0.09035500000464936,False,heuristic,Box2,1,5278500.0,5278500.0,0.7659540000020115,True,optimal
1191,2,Box9,1,42504000.0,42504000.0,167.12,False,Box9,1,42504000.0,42504000.0,0.19578200000580637,False,heuristic,Box9,1,42504000.0,42504000.0,2.486455000003218,True,optimal
1192,3,Box2,1,5278500.0,5278500.0,171.52,False,Box2,1,5278500.0,5278500.0,0.13786599999576765,False,heuristic,Box2,1,5278500.0,5278500.0,2.9180900000014276,True,optimal
1193,6,Box6,1,24752000.0,24752000.0,306.98,False,Box6,1,24752000.0,24752000.0,1.377236999999809,False,heuristic,Box5,1,20774000.0,20774000.0,12.519523999998228,True,optimal
1194,7,Box8,1,14616000.0,14616000.0,186.01,False,"Box4,Box4,Box8",3,41136000.0,14616000.0,0.885503000006338,False,heuristic,Box8,1,14616000.0,14616000.0,14.966640000004361,True,optimal
1195,1,Box5,1,20774000.0,20774000.0,168.12,False,Box5,1,20774000.0,20774000.0,0.05538299999585661,False,heuristic,Box5,1,20774000.0,20774000.0,0.5642429999994647,True,optimal
1196,4,Box6,1,24752000.0,24752000.0,178.59,False,Box6,1,24752000.0,24752000.0,0.6420590000004722,False,heuristic,Box6,1,24752000.0,24752000.0,9.65897000000382,True,optimal
1197,2,Box4,1,13260000.0,13260000.0,180.32,False,Box4,1,13260000.0,13260000.0,0.2831330000034882,False,heuristic,Box4,1,13260000.0,13260000.0,2.2191550000059124,True,optimal
1198,3,Box2,1,5278500.0,5278500.0,189.43,False,Box2,1,5278500.0,5278500.0,0.18063000000267948,False,heuristic,Box2,1,5278500.0,5278500.0,3.067684000001236,True,optimal
1199,5,Box2,1,5278500.0,5278500.0,192.6,False,Box2,1,5278500.0,5278500.0,0.26345399999883057,False,heuristic,Box2,1,5278500.0,5278500.0,6.191719999996792,True,optimal
1200,6,Box6,1,24752000.0,24752000.0,178.74,False,Box6,1,24752000.0,24752000.0,0.97368499999817,False,heuristic,Box6,1,24752000.0,24752000.0,24.667333000003566,True,optimal
1201,5,Box4,1,13260000.0,13260000.0,173.66,False,Box4,1,13260000.0,13260000.0,1.724852999998916,False,heuristic,Box4,1,13260000.0,13260000.0,24.090956999998525,True,optimal
1202,6,Box4,1,13260000.0,13260000.0,469.53,False,Box4,1,13260000.0,13260000.0,2.121764999998277,False,heuristic,Box4,1,13260000.0,13260000.0,33.63263099999614,True,optimal
1203,4,Box4,1,13260000.0,13260000.0,191.41,False,Box4,1,13260000.0,13260000.0,0.3972319999974161,False,heuristic,Box4,1,13260000.0,13260000.0,8.633328999998469,True,optimal
1204,8,Box5,1,20774000.0,20774000.0,178.86,False,Box6,1,24752000.0,24752000.0,4.4897069999976225,False,heuristic,Box5,1,20774000.0,20774000.0,35.03338000000156,True,optimal
1205,18,Box9,1,42504000.0,42504000.0,199.73,False,Box9,1,42504000.0,42504000.0,7.234011000001317,False,heuristic,Box9,1,42504000.0,42504000.0,145.36183799999947,True,optimal
1206,12,Box8,1,14616000.0,14616000.0,180.15,False,Box8,1,14616000.0,14616000.0,3.410307000002888,False,heuristic,Box8,1,14616000.0,14616000.0,68.87297899999822,True,optimal
1207,8,Box8,1,14616000.0,14616000.0,155.66,False,Box8,1,14616000.0,14616000.0,5.2557699999979945,False,heuristic,Box8,1,14616000.0,14616000.0,37.60485600000152,True,optimal
1208,11,Box9,1,42504000.0,42504000.0,216.68,False,Box9,1,42504000.0,42504000.0,2.9652230000039026,False,heuristic,Box9,1,42504000.0,42504000.0,62.98393399999469,True,optimal
1209,13,Box5,1,20774000.0,20774000.0,197.98,False,Box5,1,20774000.0,20774000.0,3.9005289999991533,False,heuristic,Box5,1,20774000.0,20774000.0,77.83618000000558,True,optimal
1210,3,Box2,1,5278500.0,5278500.0,192.91,False,Box2,1,5278500.0,5278500.0,0.26783000000563106,False,heuristic,Box2,1,5278500.0,5278500.0,4.188989000006416,True,optimal
1211,8,Box5,1,20774000.0,20774000.0,190.56,False,Box5,1,20774000.0,20774000.0,1.0673819999951206,False,heuristic,Box5,1,20774000.0,20774000.0,28.97539399999971,True,optimal
1212,10,Box4,1,13260000.0,13260000.0,187.25,False,Box4,1,13260000.0,13260000.0,1.7770709999993528,False,heuristic,Box4,1,13260000.0,13260000.0,44.50133399999601,True,optimal
1213,4,Box2,1,5278500.0,5278500.0,194.68,False,Box2,1,5278500.0,5278500.0,0.31896599999470254,False,heuristic,Box2,1,5278500.0,5278500.0,7.98837600000013,True,optimal
1214,7,Box5,1,20774000.0,20774000.0,189.95,False,Box4,1,13260000.0,13260000.0,0.6415469999936363,False,heuristic,Box4,1,13260000.0,13260000.0,23.150403999999014,True,optimal
1215,2,Box2,1,5278500.0,5278500.0,198.59,False,Box4,1,13260000.0,13260000.0,0.6345960000047057,False,heuristic,Box2,1,5278500.0,5278500.0,2.7520659999993313,True,optimal
1216,5,Box2,1,5278500.0,5278500.0,167.21,False,Box2,1,5278500.0,5278500.0,0.5370310000003542,False,heuristic,Box2,1,5278500.0,5278500.0,12.444633999997734,True,optimal
1217,5,Box2,1,5278500.0,5278500.0,174.0,False,Box2,1,5278500.0,5278500.0,0.3631510000019489,False,heuristic,Box2,1,5278500.0,5278500.0,10.837256999998601,True,optimal
1218,7,Box9,1,42504000.0,42504000.0,189.62,False,Box9,1,42504000.0,42504000.0,2.8984839999992573,False,heuristic,Box9,1,42504000.0,42504000.0,40.45007999999939,True,optimal
1219,6,Box4,1,13260000.0,13260000.0,162.73,False,Box4,1,13260000.0,13260000.0,1.826405000002751,False,heuristic,Box4,1,13260000.0,13260000.0,26.86970199999905,True,optimal
1220,4,Box4,1,13260000.0,13260000.0,170.4,False,Box4,1,13260000.0,13260000.0,1.246940000001473,False,heuristic,Box4,1,13260000.0,13260000.0,15.34623199999885,True,optimal
1221,12,Box9,1,42504000.0,42504000.0,200.08,False,Box9,1,42504000.0,42504000.0,1.3683520000000726,False,heuristic,Box9,1,42504000.0,42504000.0,54.70699800000034,True,optimal
1222,16,Box9,1,42504000.0,42504000.0,400.62,True,"Box6,Box9",2,67256000.0,42504000.0,4.610757999998327,False,heuristic,"Box5,Box6",2,45526000.0,24752000.0,331.0110550000047,True,optimal
1223,16,Box9,1,42504000.0,42504000.0,367.48,True,"Box6,Box9",2,67256000.0,42504000.0,4.6489750000020535,False,heuristic,"Box5,Box6",2,45526000.0,24752000.0,330.0021489999949,True,optimal
1224,16,Box9,1,42504000.0,42504000.0,365.52,True,"Box6,Box9",2,67256000.0,42504000.0,4.57561600000389,False,heuristic,"Box5,Box6",2,45526000.0,24752000.0,332.0021129999944,True,optimal
1225,16,Box9,1,42504000.0,42504000.0,382.3,True,"Box6,Box9",2,67256000.0,42504000.0,4.635144999994623,False,heuristic,"Box5,Box6",2,45526000.0,24752000.0,334.4415019999971,True,optimal
1226,23,"Box9,Box8",2,57120000.0,42504000.0,441.41,True,"Box9,Box6",2,67256000.0,42504000.0,10.315288000001033,False,heuristic,"Box8,Box9",2,57120000.0,42504000.0,1020.0470440000017,True,optimal
1227,16,Box9,1,42504000.0,42504000.0,361.37,True,"Box6,Box9",2,67256000.0,42504000.0,4.834438000003161,False,heuristic,"Box5,Box6",2,45526000.0,24752000.0,335.7528450000018,True,optimal
1228,16,Box9,1,42504000.0,42504000.0,352.56,True,"Box6,Box9",2,67256000.0,42504000.0,4.625408000002551,False,heuristic,"Box5,Box6",2,45526000.0,24752000.0,332.57761499999816,True,optimal
1229,28,"Box9,Box6",2,67256000.0,42504000.0,452.93,True,"Box9,Box9",2,85008000.0,42504000.0,10.395647000002839,False,heuristic,"Box9,Box9",2,85008000.0,42504000.0,348.1265969999967,False,time_limit
1230,16,Box9,1,42504000.0,42504000.0,361.67,True,"Box6,Box9",2,67256000.0,42504000.0,4.562964000001557,False,heuristic,"Box5,Box6",2,45526000.0,24752000.0,330.5795460000027,True,optimal
1231,16,Box9,1,42504000.0,42504000.0,363.72,True,"Box6,Box9",2,67256000.0,42504000.0,4.615522999998234,False,heuristic,"Box5,Box6",2,45526000.0,24752000.0,329.20352800000074,True,optimal
1232,16,Box9,1,42504000.0,42504000.0,376.89,True,"Box6,Box9",2,67256000.0,42504000.0,4.716694000002519,False,heuristic,"Box5,Box6",2,45526000.0,24752000.0,332.35783499999627,True,optimal
1233,18,"Box9,Box2",2,47782500.0,42504000.0,716.85,True,"Box6,Box9",2,67256000.0,42504000.0,5.024934999994457,False,heuristic,"Box6,Box6",2,49504000.0,24752000.0,467.25044400000115,True,optimal
1234,16,Box9,1,42504000.0,42504000.0,405.26,True,"Box6,Box9",2,67256000.0,42504000.0,4.6391369999980725,False,heuristic,"Box5,Box6",2,45526000.0,24752000.0,331.5834760000058,True,optimal
1235,16,Box9,1,42504000.0,42504000.0,361.14,True,"Box6,Box9",2,67256000.0,42504000.0,4.6316259999983345,False,heuristic,"Box5,Box6",2,45526000.0,24752000.0,334.05916000000246,True,optimal
1236,16,Box9,1,42504000.0,42504000.0,378.94,True,"Box6,Box9",2,67256000.0,42504000.0,4.7139300000011986,False,heuristic,"Box5,Box6",2,45526000.0,24752000.0,333.42151600000136,True,optimal
1237,16,Box9,1,42504000.0,42504000.0,346.34,True,"Box6,Box9",2,67256000.0,42504000.0,4.637855999995111,False,heuristic,"Box5,Box6",2,45526000.0,24752000.0,330.68326099999723,True,optimal
1238,16,Box9,1,42504000.0,42504000.0,375.73,True,"Box6,Box9",2,67256000.0,42504000.0,4.766547999999204,False,heuristic,"Box5,Box6",2,45526000.0,24752000.0,329.83559299999854,True,optimal
1239,16,Box9,1,42504000.0,42504000.0,388.12,True,"Box6,Box9",2,67256000.0,42504000.0,4.682411999993974,False,heuristic,"Box5,Box6",2,45526000.0,24752000.0,337.6851720000005,True,optimal
1240,16,Box9,1,42504000.0,42504000.0,397.79,True,"Box6,Box9",2,67256000.0,42504000.0,4.680810000003532,False,heuristic,"Box5,Box6",2,45526000.0,24752000.0,333.491961,True,optimal
1241,16,Box9,1,42504000.0,42504000.0,375.78,True,"Box6,Box9",2,67256000.0,42504000.0,4.685006000002545,False,heuristic,"Box5,Box6",2,45526000.0,24752000.0,336.7550309999956,True,optimal
1242,22,"Box9,Box8",2,57120000.0,42504000.0,430.42,True,"Box9,Box6",2,67256000.0,42504000.0,7.272185999994463,False,heuristic,"Box5,Box9",2,63278000.0,42504000.0,637.7618409999997,True,optimal
1243,26,"Box9,Box6",2,67256000.0,42504000.0,634.56,True,"Box9,Box9",2,85008000.0,42504000.0,9.926795999994908,False,heuristic,"Box6,Box9",2,67256000.0,42504000.0,1487.3315020000036,True,optimal
1244,18,"Box9,Box8",2,57120000.0,42504000.0,528.89,True,"Box6,Box9",2,67256000.0,42504000.0,6.429255000000467,False,heuristic,"Box6,Box6",2,49504000.0,24752000.0,524.8784139999998,True,optimal
1245,30,"Box9,Box9",2,85008000.0,42504000.0,562.86,True,"Box9,Box9",2,85008000.0,42504000.0,12.374241000003394,False,heuristic,"Box9,Box9",2,85008000.0,42504000.0,398.1143259999982,False,time_limit
1246,16,Box9,1,42504000.0,42504000.0,368.63,True,"Box6,Box9",2,67256000.0,42504000.0,4.598317999992219,False,heuristic,"Box5,Box6",2,45526000.0,24752000.0,332.3727150000053,True,optimal
1247,16,Box9,1,42504000.0,42504000.0,372.0,True,"Box6,Box9",2,67256000.0,42504000.0,4.663918000005651,False,heuristic,"Box5,Box6",2,45526000.0,24752000.0,329.52671699999314,True,optimal
1248,16,Box9,1,42504000.0,42504000.0,343.2,True,"Box6,Box9",2,67256000.0,42504000.0,4.621103999994602,False,heuristic,"Box5,Box6",2,45526000.0,24752000.0,331.2244390000103,True,optimal
1249,16,Box9,1,42504000.0,42504000.0,366.95,True,"Box6,Box9",2,67256000.0,42504000.0,4.675726000002101,False,heuristic,"Box5,Box6",2,45526000.0,24752000.0,326.82671300000266,True,optimal
1250,16,Box9,1,42504000.0,42504000.0,371.07,True,"Box6,Box9",2,67256000.0,42504000.0,4.666241999998988,False,heuristic,"Box5,Box6",2,45526000.0,24752000.0,331.9271889999982,True,optimal
1251,16,Box9,1,42504000.0,42504000.0,356.93,True,"Box6,Box9",2,67256000.0,42504000.0,4.6644680000014205,False,heuristic,"Box5,Box6",2,45526000.0,24752000.0,329.3903419999964,True,optimal
1252,16,Box9,1,42504000.0,42504000.0,382.46,True,"Box6,Box9",2,67256000.0,42504000.0,4.651379000009115,False,heuristic,"Box5,Box6",2,45526000.0,24752000.0,329.8961450000064,True,optimal
1253,16,Box9,1,42504000.0,42504000.0,376.08,True,"Box6,Box9",2,67256000.0,42504000.0,4.590127000000166,False,heuristic,"Box5,Box6",2,45526000.0,24752000.0,335.07199499999274,True,optimal
1254,16,Box9,1,42504000.0,42504000.0,511.33,True,"Box6,Box9",2,67256000.0,42504000.0,4.609525999995867,False,heuristic,"Box5,Box6",2,45526000.0,24752000.0,329.20288800001174,True,optimal
1255,16,Box9,1,42504000.0,42504000.0,356.2,True,"Box6,Box9",2,67256000.0,42504000.0,4.626180999991902,False,heuristic,"Box5,Box6",2,45526000.0,24752000.0,330.36493199999484,True,optimal
1256,16,Box9,1,42504000.0,42504000.0,381.37,True,"Box6,Box9",2,67256000.0,42504000.0,4.653962999995542,False,heuristic,"Box5,Box6",2,45526000.0,24752000.0,331.16759300000354,True,optimal
1257,16,Box9,1,42504000.0,42504000.0,405.92,True,"Box6,Box9",2,67256000.0,42504000.0,4.610737000007248,False,heuristic,"Box5,Box6",2,45526000.0,24752000.0,332.2550639999946,True,optimal
1258,16,Box9,1,42504000.0,42504000.0,376.69,True,"Box6,Box9",2,67256000.0,42504000.0,4.597267999997712,False,heuristic,"Box5,Box6",2,45526000.0,24752000.0,330.1030570000023,True,optimal
1259,16,Box9,1,42504000.0,42504000.0,363.89,True,"Box6,Box9",2,67256000.0,42504000.0,4.657358000002887,False,heuristic,"Box5,Box6",2,45526000.0,24752000.0,331.12821400000314,True,optimal
1260,16,Box9,1,42504000.0,42504000.0,344.79,True,"Box6,Box9",2,67256000.0,42504000.0,4.6201720000027535,False,heuristic,"Box5,Box6",2,45526000.0,24752000.0,330.37635899999884,True,optimal
1261,16,Box9,1,42504000.0,42504000.0,373.99,True,"Box6,Box9",2,67256000.0,42504000.0,4.643647999998279,False,heuristic,"Box5,Box6",2,45526000.0,24752000.0,328.88853400000073,True,optimal
1262,16,Box9,1,42504000.0,42504000.0,336.35,True,"Box6,Box9",2,67256000.0,42504000.0,4.832192000009172,False,heuristic,"Box5,Box6",2,45526000.0,24752000.0,330.65052300000275,True,optimal
1263,16,Box9,1,42504000.0,42504000.0,437.4,True,"Box6,Box9",2,67256000.0,42504000.0,4.652741000001015,False,heuristic,"Box5,Box6",2,45526000.0,24752000.0,332.5278660000066,True,optimal
1264,16,Box9,1,42504000.0,42504000.0,337.49,True,"Box6,Box9",2,67256000.0,42504000.0,4.6235370000005105,False,heuristic,"Box5,Box6",2,45526000.0,24752000.0,331.50287899999853,True,optimal
1265,16,Box9,1,42504000.0,42504000.0,357.69,True,"Box6,Box9",2,67256000.0,42504000.0,4.695146000003092,False,heuristic,"Box5,Box6",2,45526000.0,24752000.0,327.90549999999996,True,optimal
1266,16,Box9,1,42504000.0,42504000.0,383.12,True,"Box6,Box9",2,67256000.0,42504000.0,4.668144000007146,False,heuristic,"Box5,Box6",2,45526000.0,24752000.0,328.1847419999906,True,optimal
1267,16,Box9,1,42504000.0,42504000.0,406.96,True,"Box6,Box9",2,67256000.0,42504000.0,4.6037270000027775,False,heuristic,"Box5,Box6",2,45526000.0,24752000.0,328.29384699999764,True,optimal
1268,16,Box9,1,42504000.0,42504000.0,372.96,True,"Box6,Box9",2,67256000.0,42504000.0,4.654285000000868,False,heuristic,"Box5,Box6",2,45526000.0,24752000.0,329.48084400000255,True,optimal
1269,16,Box9,1,42504000.0,42504000.0,346.9,True,"Box6,Box9",2,67256000.0,42504000.0,4.665983000009533,False,heuristic,"Box5,Box6",2,45526000.0,24752000.0,330.52150000000324,True,optimal
1270,16,Box9,1,42504000.0,42504000.0,351.66,True,"Box6,Box9",2,67256000.0,42504000.0,4.59373399999663,False,heuristic,"Box5,Box6",2,45526000.0,24752000.0,330.07975799999656,True,optimal
1271,16,Box9,1,42504000.0,42504000.0,393.32,True,"Box6,Box9",2,67256000.0,42504000.0,4.669047999996678,False,heuristic,"Box5,Box6",2,45526000.0,24752000.0,330.3554040000023,True,optimal
1272,16,Box9,1,42504000.0,42504000.0,352.65,True,"Box6,Box9",2,67256000.0,42504000.0,4.662447999990604,False,heuristic,"Box5,Box6",2,45526000.0,24752000.0,329.1222829999896,True,optimal
1273,16,Box9,1,42504000.0,42504000.0,367.51,True,"Box6,Box9",2,67256000.0,42504000.0,4.618031000006795,False,heuristic,"Box5,Box6",2,45526000.0,24752000.0,329.91786499999876,True,optimal
1274,16,Box9,1,42504000.0,42504000.0,360.0,True,"Box6,Box9",2,67256000.0,42504000.0,4.6259230000060825,False,heuristic,"Box5,Box6",2,45526000.0,24752000.0,329.49951199999816,True,optimal
1275,16,Box9,1,42504000.0,42504000.0,334.16,True,"Box6,Box9",2,67256000.0,42504000.0,4.641496000004963,False,heuristic,"Box5,Box6",2,45526000.0,24752000.0,332.61504499999717,True,optimal
1276,16,Box9,1,42504000.0,42504000.0,782.82,True,"Box6,Box9",2,67256000.0,42504000.0,4.7495100000105595,False,heuristic,"Box5,Box6",2,45526000.0,24752000.0,331.5182099999987,True,optimal
1277,16,Box9,1,42504000.0,42504000.0,360.71,True,"Box6,Box9",2,67256000.0,42504000.0,4.731000999996127,False,heuristic,"Box5,Box6",2,45526000.0,24752000.0,329.03642400000876,True,optimal
1278,16,Box9,1,42504000.0,42504000.0,409.5,True,"Box6,Box9",2,67256000.0,42504000.0,4.732062999991626,False,heuristic,"Box5,Box6",2,45526000.0,24752000.0,332.39251000000536,True,optimal
1279,16,Box9,1,42504000.0,42504000.0,409.81,True,"Box6,Box9",2,67256000.0,42504000.0,4.592651999999475,False,heuristic,"Box5,Box6",2,45526000.0,24752000.0,331.85762200000113,True,optimal
1280,16,Box9,1,42504000.0,42504000.0,388.96,True,"Box6,Box9",2,67256000.0,42504000.0,4.645673000013062,False,heuristic,"Box5,Box6",2,45526000.0,24752000.0,331.4954049999983,True,optimal
1281,16,Box9,1,42504000.0,42504000.0,365.61,True,"Box6,Box9",2,67256000.0,42504000.0,4.65658899999255,False,heuristic,"Box5,Box6",2,45526000.0,24752000.0,331.6041699999914,True,optimal
1282,16,Box9,1,42504000.0,42504000.0,493.97,True,"Box6,Box9",2,67256000.0,42504000.0,4.605882999996425,False,heuristic,"Box5,Box6",2,45526000.0,24752000.0,330.4322409999969,True,optimal
1283,16,Box9,1,42504000.0,42504000.0,379.12,True,"Box6,Box9",2,67256000.0,42504000.0,4.650609999998778,False,heuristic,"Box5,Box6",2,45526000.0,24752000.0,338.875244999997,True,optimal
1284,16,Box9,1,42504000.0,42504000.0,377.45,True,"Box6,Box9",2,67256000.0,42504000.0,5.101651000003926,False,heuristic,"Box5,Box6",2,45526000.0,24752000.0,336.3706379999911,True,optimal
1285,16,Box9,1,42504000.0,42504000.0,378.59,True,"Box6,Box9",2,67256000.0,42504000.0,4.650069000007306,False,heuristic,"Box5,Box6",2,45526000.0,24752000.0,333.95290500000385,True,optimal
1286,1,Box2,1,5278500.0,5278500.0,176.81,False,Box2,1,5278500.0,5278500.0,0.11762799999814888,False,heuristic,Box2,1,5278500.0,5278500.0,1.143335999998385,True,optimal
1287,14,Box6,1,24752000.0,24752000.0,352.0,False,Box6,1,24752000.0,24752000.0,4.051095000008331,False,heuristic,Box6,1,24752000.0,24752000.0,90.22125399999936,True,optimal
1288,10,Box6,1,24752000.0,24752000.0,189.95,False,Box6,1,24752000.0,24752000.0,2.1516480000087768,False,heuristic,Box6,1,24752000.0,24752000.0,48.61899800000913,True,optimal
1289,5,Box8,1,14616000.0,14616000.0,183.93,False,Box8,1,14616000.0,14616000.0,2.155342999998311,False,heuristic,Box8,1,14616000.0,14616000.0,15.520617000007064,True,optimal
1290,1,Box2,1,5278500.0,5278500.0,190.22,False,Box2,1,5278500.0,5278500.0,0.13999200000114342,False,heuristic,Box2,1,5278500.0,5278500.0,0.7667980000007901,True,optimal
1291,10,Box5,1,20774000.0,20774000.0,196.96,False,Box5,1,20774000.0,20774000.0,2.069634000008591,False,heuristic,Box5,1,20774000.0,20774000.0,47.824407999996765,True,optimal
1292,6,Box9,1,42504000.0,42504000.0,328.69,False,Box6,1,24752000.0,24752000.0,2.467664000008085,False,heuristic,Box6,1,24752000.0,24752000.0,34.517211999997244,True,optimal
1293,7,Box4,1,13260000.0,13260000.0,198.74,False,Box4,1,13260000.0,13260000.0,0.9742610000103014,False,heuristic,Box4,1,13260000.0,13260000.0,24.314270999994392,True,optimal
1294,7,Box5,1,20774000.0,20774000.0,175.34,False,Box6,1,24752000.0,24752000.0,3.730621000002543,False,heuristic,Box5,1,20774000.0,20774000.0,28.024510999998142,True,optimal
1295,6,Box8,1,14616000.0,14616000.0,176.35,False,Box8,1,14616000.0,14616000.0,2.7324340000092207,False,heuristic,Box8,1,14616000.0,14616000.0,23.476385999998683,True,optimal
1296,9,Box6,1,24752000.0,24752000.0,194.87,False,Box6,1,24752000.0,24752000.0,1.3048590000011018,False,heuristic,Box6,1,24752000.0,24752000.0,39.67778099999464,True,optimal
1297,3,Box2,1,5278500.0,5278500.0,162.53,False,Box2,1,5278500.0,5278500.0,0.32304799999849365,False,heuristic,Box2,1,5278500.0,5278500.0,6.73144099999945,True,optimal
1298,7,Box2,1,5278500.0,5278500.0,165.49,False,Box2,1,5278500.0,5278500.0,0.9557519999958686,False,heuristic,Box2,1,5278500.0,5278500.0,23.91071200000283,True,optimal
1299,6,Box8,1,14616000.0,14616000.0,177.54,False,Box5,1,20774000.0,20774000.0,2.659694999991302,False,heuristic,Box8,1,14616000.0,14616000.0,24.889199000000417,True,optimal
1300,11,Box9,1,42504000.0,42504000.0,297.49,False,Box9,1,42504000.0,42504000.0,2.3934120000035364,False,heuristic,Box9,1,42504000.0,42504000.0,56.75469800000599,True,optimal
1301,10,Box2,1,5278500.0,5278500.0,178.18,False,Box2,1,5278500.0,5278500.0,1.8613289999933613,False,heuristic,Box2,1,5278500.0,5278500.0,50.44157899999391,True,optimal
1302,7,Box9,1,42504000.0,42504000.0,299.95,False,Box9,1,42504000.0,42504000.0,1.1582690000011553,False,heuristic,Box9,1,42504000.0,42504000.0,28.18466300000466,True,optimal
1303,2,Box4,1,13260000.0,13260000.0,160.15,False,Box4,1,13260000.0,13260000.0,0.20600400000603258,False,heuristic,Box4,1,13260000.0,13260000.0,3.037952999989102,True,optimal
1304,2,Box2,1,5278500.0,5278500.0,187.04,False,Box2,1,5278500.0,5278500.0,0.15576000001260581,False,heuristic,Box2,1,5278500.0,5278500.0,1.983006000003229,True,optimal
1305,4,Box9,1,42504000.0,42504000.0,172.54,False,Box9,1,42504000.0,42504000.0,0.9687459999980774,False,heuristic,Box9,1,42504000.0,42504000.0,15.53975500000604,True,optimal
1306,6,Box4,1,13260000.0,13260000.0,429.32,False,Box8,1,14616000.0,14616000.0,3.935095000002775,False,heuristic,Box4,1,13260000.0,13260000.0,23.495263000000932,True,optimal
1307,12,Box5,1,20774000.0,20774000.0,321.4,False,Box5,1,20774000.0,20774000.0,2.7161430000006703,False,heuristic,Box5,1,20774000.0,20774000.0,64.32047699999544,True,optimal
1308,4,Box8,1,14616000.0,14616000.0,196.0,False,Box8,1,14616000.0,14616000.0,0.5766860000022689,False,heuristic,Box8,1,14616000.0,14616000.0,11.793230999998627,True,optimal
1309,6,Box9,1,42504000.0,42504000.0,162.83,False,Box9,1,42504000.0,42504000.0,1.5882200000021385,False,heuristic,Box9,1,42504000.0,42504000.0,36.42455199999972,True,optimal
1310,9,Box8,1,14616000.0,14616000.0,182.96,False,Box8,1,14616000.0,14616000.0,6.992973999999208,False,heuristic,Box8,1,14616000.0,14616000.0,47.90864699999986,True,optimal
1311,8,Box4,1,13260000.0,13260000.0,165.27,False,Box4,1,13260000.0,13260000.0,1.260829999992552,False,heuristic,Box4,1,13260000.0,13260000.0,28.898072999993474,True,optimal
1312,10,Box9,1,42504000.0,42504000.0,326.23,False,Box9,1,42504000.0,42504000.0,2.1553280000006225,False,heuristic,Box9,1,42504000.0,42504000.0,45.7178039999917,True,optimal
1313,5,Box2,1,5278500.0,5278500.0,178.16,False,Box2,1,5278500.0,5278500.0,0.6360750000027338,False,heuristic,Box2,1,5278500.0,5278500.0,13.732265000001576,True,optimal
1314,2,Box8,1,14616000.0,14616000.0,171.96,False,Box8,1,14616000.0,14616000.0,0.1145740000083606,False,heuristic,Box8,1,14616000.0,14616000.0,2.2925430000100278,True,optimal
1315,8,Box6,1,24752000.0,24752000.0,170.73,False,Box6,1,24752000.0,24752000.0,1.3530119999956014,False,heuristic,Box6,1,24752000.0,24752000.0,35.14924399999586,True,optimal
1316,4,Box4,1,13260000.0,13260000.0,174.45,False,Box4,1,13260000.0,13260000.0,1.272962999991023,False,heuristic,Box2,1,5278500.0,5278500.0,9.457396999991374,True,optimal
1317,4,Box4,1,13260000.0,13260000.0,184.82,False,Box4,1,13260000.0,13260000.0,1.2919680000038625,False,heuristic,Box4,1,13260000.0,13260000.0,15.238753000005545,True,optimal
1318,7,Box8,1,14616000.0,14616000.0,160.57,False,Box8,1,14616000.0,14616000.0,4.716021000007231,False,heuristic,Box8,1,14616000.0,14616000.0,31.157104000001823,True,optimal
1319,7,Box5,1,20774000.0,20774000.0,162.18,False,"Box8,Box4,Box8",3,42492000.0,14616000.0,1.8777199999959748,False,heuristic,Box8,1,14616000.0,14616000.0,27.96511500000065,True,optimal
1320,5,Box2,1,5278500.0,5278500.0,170.64,False,Box2,1,5278500.0,5278500.0,0.6415160000017295,False,heuristic,Box2,1,5278500.0,5278500.0,14.12142099999869,True,optimal
1321,16,"Box9,Box4",2,55764000.0,42504000.0,407.0,True,"Box9,Box8",2,57120000.0,42504000.0,2.9667600000067296,False,heuristic,"Box4,Box9",2,55764000.0,42504000.0,342.654005,True,optimal
1322,7,Box4,1,13260000.0,13260000.0,195.5,False,Box4,1,13260000.0,13260000.0,0.914955999988365,False,heuristic,Box4,1,13260000.0,13260000.0,27.43274200000201,True,optimal
1323,7,Box4,1,13260000.0,13260000.0,172.3,False,Box4,1,13260000.0,13260000.0,1.2402919999914275,False,heuristic,Box4,1,13260000.0,13260000.0,26.589791000006358,True,optimal
1324,8,Box5,1,20774000.0,20774000.0,172.99,False,Box6,1,24752000.0,24752000.0,4.004994999988298,False,heuristic,Box5,1,20774000.0,20774000.0,34.36817899999767,True,optimal
1325,8,Box4,1,13260000.0,13260000.0,196.12,False,Box4,1,13260000.0,13260000.0,1.9110719999986259,False,heuristic,Box4,1,13260000.0,13260000.0,36.52390599999933,True,optimal
1326,10,Box9,1,42504000.0,42504000.0,179.77,False,Box9,1,42504000.0,42504000.0,1.9379119999882732,False,heuristic,Box9,1,42504000.0,42504000.0,49.06036399999891,True,optimal
1327,4,Box4,1,13260000.0,13260000.0,166.15,False,Box4,1,13260000.0,13260000.0,0.4140220000010686,False,heuristic,Box4,1,13260000.0,13260000.0,8.432237000008058,True,optimal
1328,4,Box2,1,5278500.0,5278500.0,189.01,False,Box2,1,5278500.0,5278500.0,0.39689899999473255,False,heuristic,Box2,1,5278500.0,5278500.0,8.437326000006351,True,optimal
1329,7,Box6,1,24752000.0,24752000.0,173.58,False,Box6,1,24752000.0,24752000.0,0.9264269999960106,False,heuristic,Box6,1,24752000.0,24752000.0,25.452099999995426,True,optimal
1330,5,Box8,1,14616000.0,14616000.0,197.29,False,Box8,1,14616000.0,14616000.0,1.915260000004082,False,heuristic,Box8,1,14616000.0,14616000.0,12.7526490000065,True,optimal
1331,3,Box8,1,14616000.0,14616000.0,192.05,False,Box8,1,14616000.0,14616000.0,0.26289999999562497,False,heuristic,Box8,1,14616000.0,14616000.0,6.393666999997549,True,optimal
1332,5,Box8,1,14616000.0,14616000.0,180.37,False,Box8,1,14616000.0,14616000.0,0.4686430000049313,False,heuristic,Box8,1,14616000.0,14616000.0,11.843295000005583,True,optimal
1333,7,Box8,1,14616000.0,14616000.0,170.09,False,Box8,1,14616000.0,14616000.0,3.8752929999930075,False,heuristic,Box8,1,14616000.0,14616000.0,29.54015000000254,True,optimal
1334,4,Box2,1,5278500.0,5278500.0,195.54,False,Box2,1,5278500.0,5278500.0,0.41676700000436995,False,heuristic,Box2,1,5278500.0,5278500.0,8.813907999993376,True,optimal
1335,5,Box4,1,13260000.0,13260000.0,193.22,False,Box4,1,13260000.0,13260000.0,2.3451610000080336,False,heuristic,Box4,1,13260000.0,13260000.0,42.919917999995505,True,optimal
1336,4,Box8,1,14616000.0,14616000.0,164.71,False,Box8,1,14616000.0,14616000.0,0.45545900000831807,False,heuristic,Box8,1,14616000.0,14616000.0,8.271837000009441,True,optimal
1337,4,Box2,1,5278500.0,5278500.0,182.72,False,Box2,1,5278500.0,5278500.0,0.38946600000144826,False,heuristic,Box2,1,5278500.0,5278500.0,7.9810659999992595,True,optimal
1338,17,Box5,1,20774000.0,20774000.0,196.29,False,Box6,1,24752000.0,24752000.0,17.02115600001264,False,heuristic,Box5,1,20774000.0,20774000.0,139.3479219999989,True,optimal
1339,9,Box4,1,13260000.0,13260000.0,165.03,False,Box5,1,20774000.0,20774000.0,3.640716000006705,False,heuristic,Box4,1,13260000.0,13260000.0,40.083101999996984,True,optimal
1340,4,Box9,1,42504000.0,42504000.0,166.32,False,"Box9,Box4",2,55764000.0,42504000.0,0.8141870000031304,False,heuristic,Box9,1,42504000.0,42504000.0,12.514706000004594,True,optimal
1341,6,Box4,1,13260000.0,13260000.0,156.41,False,Box4,1,13260000.0,13260000.0,2.425080000008961,False,heuristic,Box2,1,5278500.0,5278500.0,19.713675000005537,True,optimal
1342,7,Box8,1,14616000.0,14616000.0,164.55,False,"Box4,Box8",2,27876000.0,14616000.0,1.9060829999943962,False,heuristic,Box8,1,14616000.0,14616000.0,30.132284000004006,True,optimal
1343,10,Box4,1,13260000.0,13260000.0,174.28,False,Box4,1,13260000.0,13260000.0,2.3868889999931753,False,heuristic,Box4,1,13260000.0,13260000.0,47.159350000001155,True,optimal
1344,7,Box9,1,42504000.0,42504000.0,588.74,True,"Box6,Box9",2,67256000.0,42504000.0,1.0130679999917902,False,heuristic,"Box6,Box6",2,49504000.0,24752000.0,82.5789900000018,True,optimal
1345,9,Box6,1,24752000.0,24752000.0,321.24,False,Box6,1,24752000.0,24752000.0,1.6401169999937792,False,heuristic,Box6,1,24752000.0,24752000.0,53.861692999987554,True,optimal
1346,2,Box4,1,13260000.0,13260000.0,169.65,False,Box4,1,13260000.0,13260000.0,0.16255299999556883,False,heuristic,Box4,1,13260000.0,13260000.0,2.3897739999938494,True,optimal
1347,6,Box5,1,20774000.0,20774000.0,168.3,False,Box5,1,20774000.0,20774000.0,0.7140710000044237,False,heuristic,Box5,1,20774000.0,20774000.0,18.055302999997025,True,optimal
1348,4,Box6,1,24752000.0,24752000.0,166.05,False,Box6,1,24752000.0,24752000.0,1.2795049999994035,False,heuristic,Box6,1,24752000.0,24752000.0,17.290618999993512,True,optimal
1349,9,Box9,1,42504000.0,42504000.0,198.69,False,"Box4,Box6",2,38012000.0,24752000.0,2.4688820000022815,False,heuristic,Box9,1,42504000.0,42504000.0,46.09725099999196,True,optimal
1350,9,Box9,1,42504000.0,42504000.0,316.72,False,Box9,1,42504000.0,42504000.0,1.8708470000063926,False,heuristic,Box9,1,42504000.0,42504000.0,44.72909099999356,True,optimal
1351,4,Box2,1,5278500.0,5278500.0,166.85,False,Box2,1,5278500.0,5278500.0,0.42405000000655946,False,heuristic,Box2,1,5278500.0,5278500.0,9.409078000004456,True,optimal
1352,5,Box2,1,5278500.0,5278500.0,199.72,False,Box2,1,5278500.0,5278500.0,0.5212510000092152,False,heuristic,Box2,1,5278500.0,5278500.0,12.316908000002513,True,optimal
1353,6,Box9,1,42504000.0,42504000.0,164.81,False,Box9,1,42504000.0,42504000.0,1.9167129999999588,False,heuristic,Box9,1,42504000.0,42504000.0,39.02541000000781,True,optimal
1354,5,Box8,1,14616000.0,14616000.0,172.16,False,Box8,1,14616000.0,14616000.0,2.0642770000023347,False,heuristic,Box8,1,14616000.0,14616000.0,14.600353000005839,True,optimal
1355,19,Box9,1,42504000.0,42504000.0,353.67,False,Box9,1,42504000.0,42504000.0,9.692186000009428,False,heuristic,Box9,1,42504000.0,42504000.0,169.37279500000102,True,optimal
1356,3,Box2,1,5278500.0,5278500.0,162.94,False,Box2,1,5278500.0,5278500.0,0.3791470000038544,False,heuristic,Box2,1,5278500.0,5278500.0,6.7387800000062725,True,optimal
1357,4,Box2,1,5278500.0,5278500.0,185.26,False,Box4,1,13260000.0,13260000.0,1.6722769999972797,False,heuristic,Box2,1,5278500.0,5278500.0,9.497041999992462,True,optimal
1358,5,Box4,1,13260000.0,13260000.0,162.95,False,Box4,1,13260000.0,13260000.0,0.6474569999994628,False,heuristic,Box4,1,13260000.0,13260000.0,16.24124200000665,True,optimal
1359,5,Box9,1,42504000.0,42504000.0,159.62,False,Box9,1,42504000.0,42504000.0,0.6692270000030476,False,heuristic,Box9,1,42504000.0,42504000.0,14.965243999995437,True,optimal
1360,8,Box4,1,13260000.0,13260000.0,160.92,False,Box4,1,13260000.0,13260000.0,1.3239769999984219,False,heuristic,Box4,1,13260000.0,13260000.0,33.43820599999958,True,optimal
1361,5,Box6,1,24752000.0,24752000.0,174.36,False,Box9,1,42504000.0,42504000.0,1.5760770000099456,False,heuristic,Box6,1,24752000.0,24752000.0,27.099832000004653,True,optimal
1362,4,Box2,1,5278500.0,5278500.0,170.3,False,Box2,1,5278500.0,5278500.0,0.4575330000022859,False,heuristic,Box2,1,5278500.0,5278500.0,7.322758999990242,True,optimal
1363,2,Box2,1,5278500.0,5278500.0,193.29,False,Box2,1,5278500.0,5278500.0,0.15398699999025212,False,heuristic,Box2,1,5278500.0,5278500.0,2.16041599999528,True,optimal
1364,5,Box4,1,13260000.0,13260000.0,167.19,False,Box4,1,13260000.0,13260000.0,1.7685660000097414,False,heuristic,Box4,1,13260000.0,13260000.0,22.14008699999681,True,optimal
1365,8,Box6,1,24752000.0,24752000.0,190.47,False,Box6,1,24752000.0,24752000.0,1.2793949999974075,False,heuristic,Box6,1,24752000.0,24752000.0,31.08967799998652,True,optimal
1366,7,Box8,1,14616000.0,14616000.0,182.51,False,Box8,1,14616000.0,14616000.0,1.3230259999943428,False,heuristic,Box8,1,14616000.0,14616000.0,25.69745799999623,True,optimal
1367,8,Box5,1,20774000.0,20774000.0,312.3,False,Box5,1,20774000.0,20774000.0,1.2286799999969844,False,heuristic,Box5,1,20774000.0,20774000.0,30.721952999996915,True,optimal
1368,11,Box5,1,20774000.0,20774000.0,200.23,False,Box5,1,20774000.0,20774000.0,2.6202840000024707,False,heuristic,Box5,1,20774000.0,20774000.0,63.921402999994825,True,optimal
1369,4,Box4,1,13260000.0,13260000.0,189.21,False,Box4,1,13260000.0,13260000.0,1.3935980000070458,False,heuristic,Box4,1,13260000.0,13260000.0,16.07721599999934,True,optimal
1370,12,Box4,1,13260000.0,13260000.0,172.32,False,Box4,1,13260000.0,13260000.0,2.6407020000078774,False,heuristic,Box4,1,13260000.0,13260000.0,77.8925779999895,True,optimal
1371,10,Box9,1,42504000.0,42504000.0,180.05,False,Box6,1,24752000.0,24752000.0,1.9387440000002698,False,heuristic,Box6,1,24752000.0,24752000.0,49.513786000005666,True,optimal
1372,5,Box9,1,42504000.0,42504000.0,195.17,False,Box9,1,42504000.0,42504000.0,0.5837380000031089,False,heuristic,Box9,1,42504000.0,42504000.0,13.035671999986675,True,optimal
1373,3,Box8,1,14616000.0,14616000.0,191.56,False,Box8,1,14616000.0,14616000.0,0.9550599999954557,False,heuristic,Box8,1,14616000.0,14616000.0,7.2087190000047485,True,optimal
1374,5,Box2,1,5278500.0,5278500.0,179.1,False,Box2,1,5278500.0,5278500.0,0.5777370000004112,False,heuristic,Box2,1,5278500.0,5278500.0,15.960664999994378,True,optimal
1375,8,Box9,1,42504000.0,42504000.0,177.0,False,Box9,1,42504000.0,42504000.0,1.514112999998929,False,heuristic,Box9,1,42504000.0,42504000.0,33.507947000003924,True,optimal
1376,7,Box2,1,5278500.0,5278500.0,268.43,False,Box4,1,13260000.0,13260000.0,3.6869439999946962,False,heuristic,Box2,1,5278500.0,5278500.0,28.558169999996608,True,optimal
1377,4,Box4,1,13260000.0,13260000.0,334.16,False,Box4,1,13260000.0,13260000.0,0.39616799999464547,False,heuristic,Box4,1,13260000.0,13260000.0,9.960629000005383,True,optimal
1378,6,Box5,1,20774000.0,20774000.0,209.02,False,Box5,1,20774000.0,20774000.0,2.8074939999953585,False,heuristic,Box5,1,20774000.0,20774000.0,42.03770999998824,True,optimal
1379,13,"Box9,Box5",2,63278000.0,42504000.0,712.92,True,"Box9,Box9",2,85008000.0,42504000.0,3.080412999992177,False,heuristic,"Box6,Box9",2,67256000.0,42504000.0,266.2519329999924,True,optimal
1380,12,Box5,1,20774000.0,20774000.0,469.58,False,Box5,1,20774000.0,20774000.0,4.385264999996252,False,heuristic,Box5,1,20774000.0,20774000.0,75.70023499999934,True,optimal
1381,2,Box4,1,13260000.0,13260000.0,237.41,False,Box4,1,13260000.0,13260000.0,0.2070259999982227,False,heuristic,Box4,1,13260000.0,13260000.0,3.0857130000043753,True,optimal
1382,5,Box4,1,13260000.0,13260000.0,226.66,False,Box4,1,13260000.0,13260000.0,1.7399030000007087,False,heuristic,Box4,1,13260000.0,13260000.0,22.162055999999097,True,optimal
1383,8,Box4,1,13260000.0,13260000.0,203.45,False,Box4,1,13260000.0,13260000.0,1.4599910000043792,False,heuristic,Box4,1,13260000.0,13260000.0,33.05957199999909,True,optimal
1384,6,Box9,1,42504000.0,42504000.0,188.34,False,Box9,1,42504000.0,42504000.0,1.8493980000044985,False,heuristic,Box9,1,42504000.0,42504000.0,35.47861100000205,True,optimal
1385,6,Box4,1,13260000.0,13260000.0,171.19,False,Box4,1,13260000.0,13260000.0,0.7662989999914771,False,heuristic,Box4,1,13260000.0,13260000.0,20.03899799998976,True,optimal
1386,8,Box6,1,24752000.0,24752000.0,181.77,False,Box6,1,24752000.0,24752000.0,1.2038839999917172,False,heuristic,Box6,1,24752000.0,24752000.0,27.228700999998523,True,optimal
1387,8,Box8,1,14616000.0,14616000.0,181.3,False,Box8,1,14616000.0,14616000.0,4.78220499999793,False,heuristic,Box8,1,14616000.0,14616000.0,38.1279209999974,True,optimal
1388,5,Box4,1,13260000.0,13260000.0,184.54,False,Box4,1,13260000.0,13260000.0,1.823238999989485,False,heuristic,Box4,1,13260000.0,13260000.0,39.58770199999151,True,optimal
1389,4,Box4,1,13260000.0,13260000.0,193.95,False,Box4,1,13260000.0,13260000.0,1.4088669999949843,False,heuristic,Box4,1,13260000.0,13260000.0,17.14160599999559,True,optimal
1390,9,Box8,1,14616000.0,14616000.0,179.75,False,Box5,1,20774000.0,20774000.0,4.384322999996471,False,heuristic,Box4,1,13260000.0,13260000.0,43.652069000003735,True,optimal
1391,10,Box8,1,14616000.0,14616000.0,200.62,False,"Box4,Box8",2,27876000.0,14616000.0,3.269103999997469,False,heuristic,Box8,1,14616000.0,14616000.0,59.337099000003946,True,optimal
1392,5,Box9,1,42504000.0,42504000.0,184.04,False,"Box6,Box8",2,39368000.0,24752000.0,0.798238000001561,False,heuristic,Box9,1,42504000.0,42504000.0,22.373640000012074,True,optimal
1393,6,Box4,1,13260000.0,13260000.0,163.27,False,Box4,1,13260000.0,13260000.0,0.8185359999970387,False,heuristic,Box4,1,13260000.0,13260000.0,21.264011999988952,True,optimal
1394,10,Box8,1,14616000.0,14616000.0,206.22,False,Box8,1,14616000.0,14616000.0,10.074161000005688,False,heuristic,Box8,1,14616000.0,14616000.0,63.79696499999454,True,optimal
1395,8,Box8,1,14616000.0,14616000.0,203.57,False,Box8,1,14616000.0,14616000.0,5.60208400000306,False,heuristic,Box8,1,14616000.0,14616000.0,38.21323000001087,True,optimal
1396,9,Box5,1,20774000.0,20774000.0,193.74,False,Box5,1,20774000.0,20774000.0,1.874795000006202,False,heuristic,Box5,1,20774000.0,20774000.0,45.63639799999919,True,optimal
1397,10,Box8,1,14616000.0,14616000.0,165.68,False,Box8,1,14616000.0,14616000.0,1.9869839999984151,False,heuristic,Box8,1,14616000.0,14616000.0,52.15984000000162,True,optimal
1398,3,Box4,1,13260000.0,13260000.0,180.98,False,Box4,1,13260000.0,13260000.0,0.8084870000004685,False,heuristic,Box4,1,13260000.0,13260000.0,9.990053999999304,True,optimal
1399,3,Box2,1,5278500.0,5278500.0,172.09,False,Box2,1,5278500.0,5278500.0,0.3011320000041451,False,heuristic,Box2,1,5278500.0,5278500.0,5.085921000002713,True,optimal
1400,5,Box4,1,13260000.0,13260000.0,162.04,False,Box4,1,13260000.0,13260000.0,1.699918999989336,False,heuristic,Box4,1,13260000.0,13260000.0,23.14095100000202,True,optimal
1401,5,Box2,1,5278500.0,5278500.0,198.99,False,Box4,1,13260000.0,13260000.0,1.8448249999991617,False,heuristic,Box2,1,5278500.0,5278500.0,14.926869999996484,True,optimal
1402,10,Box9,1,42504000.0,42504000.0,325.8,False,Box9,1,42504000.0,42504000.0,2.090944999999067,False,heuristic,Box9,1,42504000.0,42504000.0,47.10158299999989,True,optimal
1403,8,Box9,1,42504000.0,42504000.0,353.97,True,"Box6,Box6",2,49504000.0,24752000.0,0.7469250000013972,False,heuristic,"Box6,Box6",2,49504000.0,24752000.0,91.8083629999984,True,optimal
1404,1,Box4,1,13260000.0,13260000.0,173.03,False,Box4,1,13260000.0,13260000.0,0.13633500000054255,False,heuristic,Box4,1,13260000.0,13260000.0,0.8884490000014011,True,optimal
1405,24,"Box9,Box4",2,55764000.0,42504000.0,443.69,True,"Box9,Box4",2,55764000.0,42504000.0,7.265830999998002,False,heuristic,"Box4,Box9",2,55764000.0,42504000.0,1555.6250180000006,True,optimal
1406,24,"Box9,Box4",2,55764000.0,42504000.0,448.87,True,"Box9,Box4",2,55764000.0,42504000.0,7.2681010000010815,False,heuristic,"Box4,Box9",2,55764000.0,42504000.0,1542.4008390000026,True,optimal
1407,5,Box4,1,13260000.0,13260000.0,188.4,False,Box4,1,13260000.0,13260000.0,0.4990230000032625,False,heuristic,Box4,1,13260000.0,13260000.0,13.11722999999887,True,optimal
1408,10,"Box9,Box4",2,55764000.0,42504000.0,318.97,False,"Box9,Box8",2,57120000.0,42504000.0,2.469343999997875,False,heuristic,Box9,1,42504000.0,42504000.0,56.862338000001955,True,optimal
1409,5,Box6,1,24752000.0,24752000.0,175.91,False,Box6,1,24752000.0,24752000.0,3.1999090000027763,False,heuristic,Box6,1,24752000.0,24752000.0,30.318119999996895,True,optimal
1410,3,Box2,1,5278500.0,5278500.0,488.44,False,Box2,1,5278500.0,5278500.0,0.24548900000098683,False,heuristic,Box2,1,5278500.0,5278500.0,4.326454000000979,True,optimal
1411,13,Box9,1,42504000.0,42504000.0,173.59,False,Box9,1,42504000.0,42504000.0,4.378952000003267,False,heuristic,Box9,1,42504000.0,42504000.0,83.2623570000024,True,optimal
1412,8,Box4,1,13260000.0,13260000.0,174.84,False,Box4,1,13260000.0,13260000.0,1.4522230000011405,False,heuristic,Box4,1,13260000.0,13260000.0,32.298129000004394,True,optimal
1413,4,Box5,1,20774000.0,20774000.0,174.06,False,Box6,1,24752000.0,24752000.0,1.0930819999970254,False,heuristic,Box5,1,20774000.0,20774000.0,15.515530999998361,True,optimal
1414,5,Box4,1,13260000.0,13260000.0,194.79,False,Box8,1,14616000.0,14616000.0,1.5432029999971064,False,heuristic,Box4,1,13260000.0,13260000.0,15.462573000000646,True,optimal
1415,7,Box6,1,24752000.0,24752000.0,195.17,False,Box6,1,24752000.0,24752000.0,0.9649539999969647,False,heuristic,Box6,1,24752000.0,24752000.0,20.274712999999167,True,optimal
1416,1,Box2,1,5278500.0,5278500.0,223.3,False,Box2,1,5278500.0,5278500.0,0.16006899999609914,False,heuristic,Box2,1,5278500.0,5278500.0,1.0325089999980719,True,optimal
1417,9,Box5,1,20774000.0,20774000.0,176.54,False,Box5,1,20774000.0,20774000.0,1.4617819999998005,False,heuristic,Box5,1,20774000.0,20774000.0,37.847839000001215,True,optimal
1418,5,Box2,1,5278500.0,5278500.0,209.3,False,Box2,1,5278500.0,5278500.0,0.5968050000006997,False,heuristic,Box2,1,5278500.0,5278500.0,14.767913999996551,True,optimal
1419,8,Box6,1,24752000.0,24752000.0,157.47,False,Box6,1,24752000.0,24752000.0,1.1152439999975172,False,heuristic,Box6,1,24752000.0,24752000.0,32.9828090000035,True,optimal
1420,7,Box4,1,13260000.0,13260000.0,167.82,False,Box4,1,13260000.0,13260000.0,3.718777999999645,False,heuristic,Box4,1,13260000.0,13260000.0,55.51411900000147,True,optimal
1421,6,Box4,1,13260000.0,13260000.0,159.28,False,Box4,1,13260000.0,13260000.0,0.8210850000054393,False,heuristic,Box4,1,13260000.0,13260000.0,23.069124999999246,True,optimal
1422,5,Box4,1,13260000.0,13260000.0,171.42,False,Box4,1,13260000.0,13260000.0,1.5458789999982514,False,heuristic,Box4,1,13260000.0,13260000.0,20.817157000003306,True,optimal
1423,5,Box8,1,14616000.0,14616000.0,177.38,False,Box8,1,14616000.0,14616000.0,0.4712399999959871,False,heuristic,Box8,1,14616000.0,14616000.0,12.260738999998466,True,optimal
1424,6,Box9,1,42504000.0,42504000.0,173.35,False,Box9,1,42504000.0,42504000.0,0.9739199999998505,False,heuristic,Box9,1,42504000.0,42504000.0,20.216875999999218,True,optimal
1425,13,Box5,1,20774000.0,20774000.0,182.62,False,Box5,1,20774000.0,20774000.0,3.0531439999990084,False,heuristic,Box5,1,20774000.0,20774000.0,87.5254130000016,True,optimal
1426,7,Box2,1,5278500.0,5278500.0,202.37,False,Box2,1,5278500.0,5278500.0,0.8538149999992584,False,heuristic,Box2,1,5278500.0,5278500.0,25.106772000000888,True,optimal
1427,3,Box2,1,5278500.0,5278500.0,194.24,False,Box2,1,5278500.0,5278500.0,0.2509890000013115,False,heuristic,Box2,1,5278500.0,5278500.0,4.008069000001058,True,optimal
1428,4,Box2,1,5278500.0,5278500.0,170.03,False,Box2,1,5278500.0,5278500.0,0.30377800000280786,False,heuristic,Box2,1,5278500.0,5278500.0,8.080829000000733,True,optimal
1429,9,Box5,1,20774000.0,20774000.0,171.15,False,Box5,1,20774000.0,20774000.0,1.5773780000003512,False,heuristic,Box5,1,20774000.0,20774000.0,44.03747500000321,True,optimal
1430,7,Box4,1,13260000.0,13260000.0,197.69,False,Box4,1,13260000.0,13260000.0,0.9659050000010438,False,heuristic,Box4,1,13260000.0,13260000.0,25.845002000004058,True,optimal
1431,8,Box8,1,14616000.0,14616000.0,168.51,False,Box8,1,14616000.0,14616000.0,5.025039999999592,False,heuristic,Box8,1,14616000.0,14616000.0,37.25381900000002,True,optimal
1432,7,Box9,1,42504000.0,42504000.0,180.44,False,Box9,1,42504000.0,42504000.0,1.1396689999969567,False,heuristic,Box9,1,42504000.0,42504000.0,23.162078999995117,True,optimal
1433,6,Box4,1,13260000.0,13260000.0,175.68,False,Box4,1,13260000.0,13260000.0,2.720864000004042,False,heuristic,Box4,1,13260000.0,13260000.0,35.940445000001375,True,optimal
1434,9,Box8,1,14616000.0,14616000.0,185.89,False,Box8,1,14616000.0,14616000.0,6.067786999999214,False,heuristic,Box8,1,14616000.0,14616000.0,46.63819400000335,True,optimal
1435,5,Box4,1,13260000.0,13260000.0,165.23,False,Box4,1,13260000.0,13260000.0,0.48060800000371273,False,heuristic,Box4,1,13260000.0,13260000.0,13.747688000002256,True,optimal
1436,8,Box4,1,13260000.0,13260000.0,157.61,False,Box4,1,13260000.0,13260000.0,1.3210890000010522,False,heuristic,Box4,1,13260000.0,13260000.0,36.188647999999546,True,optimal
1437,6,Box5,1,20774000.0,20774000.0,329.39,False,"Box4,Box2",2,18538500.0,13260000.0,1.5445960000022296,False,heuristic,Box8,1,14616000.0,14616000.0,31.378742000001125,True,optimal
1438,4,Box2,1,5278500.0,5278500.0,182.8,False,Box4,1,13260000.0,13260000.0,1.4368349999998031,False,heuristic,Box2,1,5278500.0,5278500.0,9.772761000000685,True,optimal
1439,3,Box2,1,5278500.0,5278500.0,174.93,False,Box2,1,5278500.0,5278500.0,0.23541099999846438,False,heuristic,Box2,1,5278500.0,5278500.0,4.84905100000077,True,optimal
1440,5,Box8,1,14616000.0,14616000.0,163.42,False,Box8,1,14616000.0,14616000.0,0.3523580000006632,False,heuristic,Box8,1,14616000.0,14616000.0,11.15867000000037,True,optimal
1441,5,Box5,1,20774000.0,20774000.0,198.87,False,Box5,1,20774000.0,20774000.0,0.4454030000005105,False,heuristic,Box5,1,20774000.0,20774000.0,13.814381999999625,True,optimal
1442,7,Box8,1,14616000.0,14616000.0,182.9,False,"Box4,Box4",2,26520000.0,13260000.0,1.5733099999977185,False,heuristic,Box8,1,14616000.0,14616000.0,42.12269699999638,True,optimal
1443,2,Box4,1,13260000.0,13260000.0,176.41,False,Box4,1,13260000.0,13260000.0,0.17041799999617524,False,heuristic,Box4,1,13260000.0,13260000.0,2.7165859999982445,True,optimal
1444,5,Box4,1,13260000.0,13260000.0,174.99,False,Box4,1,13260000.0,13260000.0,2.3351330000025428,False,heuristic,Box4,1,13260000.0,13260000.0,22.596642000003442,True,optimal
1445,4,Box2,1,5278500.0,5278500.0,178.27,False,Box2,1,5278500.0,5278500.0,0.39498900000012327,False,heuristic,Box2,1,5278500.0,5278500.0,9.398931999996307,True,optimal
1446,4,Box4,1,13260000.0,13260000.0,174.58,False,Box4,1,13260000.0,13260000.0,1.1937509999953022,False,heuristic,Box4,1,13260000.0,13260000.0,15.39969499999927,True,optimal
1447,8,Box8,1,14616000.0,14616000.0,162.85,False,Box5,1,20774000.0,20774000.0,4.454133000002969,False,heuristic,Box8,1,14616000.0,14616000.0,38.97853199999446,True,optimal
1448,5,Box4,1,13260000.0,13260000.0,464.45,False,Box4,1,13260000.0,13260000.0,1.624476000003483,False,heuristic,Box4,1,13260000.0,13260000.0,22.450740000003577,True,optimal
1449,9,Box8,1,14616000.0,14616000.0,197.63,False,Box8,1,14616000.0,14616000.0,1.1840819999946461,False,heuristic,Box8,1,14616000.0,14616000.0,39.889625000000706,True,optimal
1450,8,Box5,1,20774000.0,20774000.0,196.39,False,Box5,1,20774000.0,20774000.0,4.6894520000009265,False,heuristic,Box5,1,20774000.0,20774000.0,41.21666400000379,True,optimal
1451,5,Box4,1,13260000.0,13260000.0,186.26,False,Box4,1,13260000.0,13260000.0,1.8508279999949195,False,heuristic,Box4,1,13260000.0,13260000.0,23.447341999997207,True,optimal
1452,4,Box4,1,13260000.0,13260000.0,187.25,False,Box8,1,14616000.0,14616000.0,1.3249659999985397,False,heuristic,Box4,1,13260000.0,13260000.0,7.977406000001963,True,optimal
1453,4,Box2,1,5278500.0,5278500.0,174.12,False,Box2,1,5278500.0,5278500.0,0.4639169999975934,False,heuristic,Box2,1,5278500.0,5278500.0,8.148585000000708,True,optimal
1454,4,Box6,1,24752000.0,24752000.0,196.65,False,Box6,1,24752000.0,24752000.0,1.1287490000029266,False,heuristic,Box6,1,24752000.0,24752000.0,12.967379999999196,True,optimal
1455,11,Box5,1,20774000.0,20774000.0,173.63,False,Box5,1,20774000.0,20774000.0,3.8598920000012527,False,heuristic,Box5,1,20774000.0,20774000.0,30004.00464900001,False,time_limit
1456,13,Box6,1,24752000.0,24752000.0,197.28,False,Box9,1,42504000.0,42504000.0,5.573100999995972,False,heuristic,Box5,1,20774000.0,20774000.0,138.6588600000067,True,optimal
1457,6,Box4,1,13260000.0,13260000.0,163.98,False,Box4,1,13260000.0,13260000.0,0.7385640000023841,False,heuristic,Box4,1,13260000.0,13260000.0,20.7322599999884,True,optimal
1458,4,Box4,1,13260000.0,13260000.0,190.0,False,Box4,1,13260000.0,13260000.0,0.40297500000008313,False,heuristic,Box4,1,13260000.0,13260000.0,9.45707700000753,True,optimal
1459,5,Box8,1,14616000.0,14616000.0,222.43,False,Box8,1,14616000.0,14616000.0,1.5393840000115233,False,heuristic,Box8,1,14616000.0,14616000.0,17.77895600000079,True,optimal
1460,7,Box6,1,24752000.0,24752000.0,320.47,False,Box6,1,24752000.0,24752000.0,1.0864050000094494,False,heuristic,Box6,1,24752000.0,24752000.0,23.42290900000421,True,optimal
1461,3,Box9,1,42504000.0,42504000.0,173.71,False,"Box8,Box8",2,29232000.0,14616000.0,0.8998360000020966,False,heuristic,Box9,1,42504000.0,42504000.0,21.613779999995586,True,optimal
1462,3,Box2,1,5278500.0,5278500.0,195.8,False,Box2,1,5278500.0,5278500.0,0.33032899999341225,False,heuristic,Box2,1,5278500.0,5278500.0,5.91171499999632,True,optimal
1463,4,Box9,1,42504000.0,42504000.0,172.92,False,Box9,1,42504000.0,42504000.0,1.1229939999992666,False,heuristic,Box9,1,42504000.0,42504000.0,19.39035499999875,True,optimal
1464,10,Box5,1,20774000.0,20774000.0,165.55,False,Box5,1,20774000.0,20774000.0,1.9863009999880887,False,heuristic,Box5,1,20774000.0,20774000.0,50.502519000005464,True,optimal
1465,7,Box8,1,14616000.0,14616000.0,186.45,False,Box8,1,14616000.0,14616000.0,0.5479470000011588,False,heuristic,Box8,1,14616000.0,14616000.0,22.700305999990178,True,optimal
1466,10,Box5,1,20774000.0,20774000.0,196.6,False,Box5,1,20774000.0,20774000.0,2.4272670000016205,False,heuristic,Box5,1,20774000.0,20774000.0,50.78825600000414,True,optimal
1467,4,Box4,1,13260000.0,13260000.0,189.75,False,Box4,1,13260000.0,13260000.0,1.5208390000083227,False,heuristic,Box4,1,13260000.0,13260000.0,16.14434399999709,True,optimal
1468,9,Box8,1,14616000.0,14616000.0,163.48,False,Box8,1,14616000.0,14616000.0,4.261012999990044,False,heuristic,Box4,1,13260000.0,13260000.0,225.53601399999934,True,optimal
1469,7,Box2,1,5278500.0,5278500.0,159.46,False,Box4,1,13260000.0,13260000.0,3.3602949999931297,False,heuristic,Box2,1,5278500.0,5278500.0,26.053047999994305,True,optimal
1470,12,Box5,1,20774000.0,20774000.0,171.96,False,Box9,1,42504000.0,42504000.0,5.017038999994838,False,heuristic,Box5,1,20774000.0,20774000.0,62.594754000002695,True,optimal
1471,8,Box5,1,20774000.0,20774000.0,180.59,False,Box5,1,20774000.0,20774000.0,1.615657000002102,False,heuristic,Box5,1,20774000.0,20774000.0,29.61090300000535,True,optimal
1472,10,Box8,1,14616000.0,14616000.0,160.31,False,Box8,1,14616000.0,14616000.0,7.933402999995565,False,heuristic,Box8,1,14616000.0,14616000.0,58.53544899999008,True,optimal
1473,12,Box9,1,42504000.0,42504000.0,193.33,False,Box9,1,42504000.0,42504000.0,3.549249000002419,False,heuristic,Box9,1,42504000.0,42504000.0,76.43718600000682,True,optimal
1474,4,Box9,1,42504000.0,42504000.0,177.34,False,Box9,1,42504000.0,42504000.0,1.1876049999983707,False,heuristic,Box9,1,42504000.0,42504000.0,26.745605000002115,True,optimal
1475,5,Box2,1,5278500.0,5278500.0,213.98,False,Box2,1,5278500.0,5278500.0,0.6375549999972918,False,heuristic,Box2,1,5278500.0,5278500.0,12.257662999999752,True,optimal
1476,6,Box8,1,14616000.0,14616000.0,177.7,False,Box5,1,20774000.0,20774000.0,1.6665919999923062,False,heuristic,Box8,1,14616000.0,14616000.0,21.23978000000193,True,optimal
1477,16,Box6,1,24752000.0,24752000.0,173.63,False,Box6,1,24752000.0,24752000.0,3.670165000002612,False,heuristic,Box6,1,24752000.0,24752000.0,110.93895000000487,True,optimal
1478,4,Box4,1,13260000.0,13260000.0,167.65,False,Box4,1,13260000.0,13260000.0,1.397338000003856,False,heuristic,Box4,1,13260000.0,13260000.0,16.143131999996285,True,optimal
1479,6,Box9,1,42504000.0,42504000.0,182.33,False,Box9,1,42504000.0,42504000.0,0.7470599999948035,False,heuristic,Box9,1,42504000.0,42504000.0,19.871397000002844,True,optimal
1480,7,Box8,1,14616000.0,14616000.0,189.24,False,Box8,1,14616000.0,14616000.0,4.049296000005143,False,heuristic,Box8,1,14616000.0,14616000.0,28.260142000007704,True,optimal
1481,8,Box5,1,20774000.0,20774000.0,175.06,False,Box5,1,20774000.0,20774000.0,1.344177999996532,False,heuristic,Box5,1,20774000.0,20774000.0,37.49140600000089,True,optimal
1482,7,Box8,1,14616000.0,14616000.0,184.79,False,Box8,1,14616000.0,14616000.0,4.795663999999533,False,heuristic,Box8,1,14616000.0,14616000.0,30.336863000002268,True,optimal
1483,11,Box6,1,24752000.0,24752000.0,181.18,False,Box6,1,24752000.0,24752000.0,2.1381950000005645,False,heuristic,Box6,1,24752000.0,24752000.0,60.3263140000081,True,optimal
1484,10,"Box9,Box4",2,55764000.0,42504000.0,420.34,True,"Box6,Box9",2,67256000.0,42504000.0,1.9201469999927667,False,heuristic,"Box6,Box6",2,49504000.0,24752000.0,128.95120400000337,True,optimal
1485,4,Box2,1,5278500.0,5278500.0,263.5,False,Box2,1,5278500.0,5278500.0,0.6415609999947947,False,heuristic,Box2,1,5278500.0,5278500.0,11.373898000002214,True,optimal
1486,1,Box2,1,5278500.0,5278500.0,165.44,False,Box2,1,5278500.0,5278500.0,0.11542600000780112,False,heuristic,Box2,1,5278500.0,5278500.0,0.8411060000099724,True,optimal
1487,9,Box4,1,13260000.0,13260000.0,169.92,False,Box4,1,13260000.0,13260000.0,2.157912000001261,False,heuristic,Box4,1,13260000.0,13260000.0,43.39833200000953,True,optimal
1488,8,Box9,1,42504000.0,42504000.0,373.12,False,Box9,1,42504000.0,42504000.0,1.8689009999945938,False,heuristic,Box9,1,42504000.0,42504000.0,35.502178999990974,True,optimal
1489,8,Box6,1,24752000.0,24752000.0,197.82,False,"Box8,Box4",2,27876000.0,14616000.0,1.6156070000050704,False,heuristic,Box6,1,24752000.0,24752000.0,65.46328700000004,True,optimal
1490,10,Box9,1,42504000.0,42504000.0,380.89,False,Box9,1,42504000.0,42504000.0,3.4925329999992982,False,heuristic,Box9,1,42504000.0,42504000.0,46.71948299998974,True,optimal
1491,9,Box9,1,42504000.0,42504000.0,191.71,False,Box9,1,42504000.0,42504000.0,1.7443379999946274,False,heuristic,Box9,1,42504000.0,42504000.0,36.76794000000427,True,optimal
1492,11,Box9,1,42504000.0,42504000.0,233.85,False,Box9,1,42504000.0,42504000.0,2.136663000001704,False,heuristic,Box9,1,42504000.0,42504000.0,54.17545100000609,True,optimal
1493,15,Box9,1,42504000.0,42504000.0,203.12,False,Box9,1,42504000.0,42504000.0,5.283889000011754,False,heuristic,Box9,1,42504000.0,42504000.0,114.18518199999994,True,optimal
1494,10,Box4,1,13260000.0,13260000.0,253.49,False,Box4,1,13260000.0,13260000.0,1.821011999993516,False,heuristic,Box4,1,13260000.0,13260000.0,47.64994599999284,True,optimal
1495,4,Box9,1,42504000.0,42504000.0,212.34,False,"Box9,Box4",2,55764000.0,42504000.0,0.8067909999880385,False,heuristic,Box9,1,42504000.0,42504000.0,12.311083000000167,True,optimal
1496,5,Box4,1,13260000.0,13260000.0,177.35,False,Box4,1,13260000.0,13260000.0,0.46621299999571875,False,heuristic,Box4,1,13260000.0,13260000.0,14.463235999997437,True,optimal
1497,7,Box6,1,24752000.0,24752000.0,360.77,False,Box9,1,42504000.0,42504000.0,3.233526999991909,False,heuristic,Box6,1,24752000.0,24752000.0,29.256677999995873,True,optimal
1498,7,Box4,1,13260000.0,13260000.0,164.59,False,Box4,1,13260000.0,13260000.0,3.1175000000018827,False,heuristic,Box4,1,13260000.0,13260000.0,41.331689999992705,True,optimal
1499,7,Box4,1,13260000.0,13260000.0,189.8,False,Box4,1,13260000.0,13260000.0,1.1026659999942012,False,heuristic,Box4,1,13260000.0,13260000.0,29.10834099999704,True,optimal
1500,9,Box6,1,24752000.0,24752000.0,166.06,False,Box9,1,42504000.0,42504000.0,4.659117999992191,False,heuristic,Box6,1,24752000.0,24752000.0,62.924832000007314,True,optimal
1501,6,Box8,1,14616000.0,14616000.0,181.82,False,Box8,1,14616000.0,14616000.0,1.3863359999959357,False,heuristic,Box8,1,14616000.0,14616000.0,15.446982000014486,True,optimal
1502,15,Box9,1,42504000.0,42504000.0,217.54,False,Box9,1,42504000.0,42504000.0,2.7398220000236506,False,heuristic,Box9,1,42504000.0,42504000.0,59.46092699997507,True,optimal
1503,11,Box9,1,42504000.0,42504000.0,180.0,False,Box9,1,42504000.0,42504000.0,1.176100000009228,False,heuristic,Box9,1,42504000.0,42504000.0,33.46300000004021,True,optimal
1504,4,Box5,1,20774000.0,20774000.0,168.64,False,Box5,1,20774000.0,20774000.0,0.20695199998499447,False,heuristic,Box5,1,20774000.0,20774000.0,5.076728999995339,True,optimal
1505,1,Box2,1,5278500.0,5278500.0,194.26,False,Box2,1,5278500.0,5278500.0,0.0745919999758371,False,heuristic,Box2,1,5278500.0,5278500.0,0.7277149999822541,True,optimal
1506,4,Box4,1,13260000.0,13260000.0,198.14,False,Box4,1,13260000.0,13260000.0,0.6328620000317642,False,heuristic,Box4,1,13260000.0,13260000.0,9.370388999968782,True,optimal
1507,8,Box8,1,14616000.0,14616000.0,217.0,False,Box8,1,14616000.0,14616000.0,3.27907299998742,False,heuristic,Box8,1,14616000.0,14616000.0,22.03933200001984,True,optimal
1508,7,Box4,1,13260000.0,13260000.0,184.79,False,Box4,1,13260000.0,13260000.0,0.6014649999883659,False,heuristic,Box4,1,13260000.0,13260000.0,17.34891400002425,True,optimal
1509,4,Box4,1,13260000.0,13260000.0,193.3,False,Box4,1,13260000.0,13260000.0,0.7261629999675279,False,heuristic,Box4,1,13260000.0,13260000.0,10.136531999989984,True,optimal
1510,6,Box9,1,42504000.0,42504000.0,202.28,False,Box9,1,42504000.0,42504000.0,1.0614569999916057,False,heuristic,Box9,1,42504000.0,42504000.0,19.833942999980536,True,optimal
1511,6,Box8,1,14616000.0,14616000.0,160.19,False,Box8,1,14616000.0,14616000.0,1.4735869999640272,False,heuristic,Box8,1,14616000.0,14616000.0,12.014476999979706,True,optimal
1512,9,Box9,1,42504000.0,42504000.0,181.53,False,Box9,1,42504000.0,42504000.0,0.9781020000332319,False,heuristic,Box9,1,42504000.0,42504000.0,21.481041000015466,True,optimal
1513,7,Box5,1,20774000.0,20774000.0,202.09,False,Box5,1,20774000.0,20774000.0,2.3580680000350185,False,heuristic,Box5,1,20774000.0,20774000.0,15.478459999997085,True,optimal
1514,5,Box2,1,5278500.0,5278500.0,194.91,False,Box4,1,13260000.0,13260000.0,1.1652229999867814,False,heuristic,Box2,1,5278500.0,5278500.0,8.81343100002141,True,optimal
1515,5,Box5,1,20774000.0,20774000.0,186.9,False,Box8,1,14616000.0,14616000.0,0.772272000006069,False,heuristic,Box8,1,14616000.0,14616000.0,10.677255000018704,True,optimal
1516,5,Box4,1,13260000.0,13260000.0,200.29,False,Box4,1,13260000.0,13260000.0,1.0266449999676297,False,heuristic,Box4,1,13260000.0,13260000.0,13.770348999969428,True,optimal
1517,4,Box2,1,5278500.0,5278500.0,178.52,False,Box2,1,5278500.0,5278500.0,0.23715700001503137,False,heuristic,Box2,1,5278500.0,5278500.0,6.0254859999986365,True,optimal
1518,5,Box5,1,20774000.0,20774000.0,185.79,False,Box5,1,20774000.0,20774000.0,0.36565099998142614,False,heuristic,Box5,1,20774000.0,20774000.0,9.41058000000794,True,optimal
1519,5,Box8,1,14616000.0,14616000.0,169.68,False,Box8,1,14616000.0,14616000.0,1.2009769999963282,False,heuristic,Box8,1,14616000.0,14616000.0,9.149727000021812,True,optimal
1520,6,Box4,1,13260000.0,13260000.0,521.06,False,Box4,1,13260000.0,13260000.0,0.5014750000214008,False,heuristic,Box4,1,13260000.0,13260000.0,15.273671000045397,True,optimal
1521,5,Box4,1,13260000.0,13260000.0,203.21,False,Box4,1,13260000.0,13260000.0,0.328244000002087,False,heuristic,Box4,1,13260000.0,13260000.0,9.473443999979736,True,optimal
1522,6,Box4,1,13260000.0,13260000.0,173.36,False,Box4,1,13260000.0,13260000.0,1.3644229999840718,False,heuristic,Box4,1,13260000.0,13260000.0,20.46960900003114,True,optimal
1523,6,Box8,1,14616000.0,14616000.0,160.75,False,Box8,1,14616000.0,14616000.0,0.5615549999902214,False,heuristic,Box8,1,14616000.0,14616000.0,11.916549999966719,True,optimal
1524,7,Box6,1,24752000.0,24752000.0,212.84,False,Box8,1,14616000.0,14616000.0,0.5241090000254189,False,heuristic,Box8,1,14616000.0,14616000.0,16.850873999999294,True,optimal
1525,9,Box4,1,13260000.0,13260000.0,169.2,False,Box4,1,13260000.0,13260000.0,1.0333150000292335,False,heuristic,Box4,1,13260000.0,13260000.0,24.412161000043398,True,optimal
1526,4,Box4,1,13260000.0,13260000.0,175.07,False,Box4,1,13260000.0,13260000.0,0.24087299999564493,False,heuristic,Box4,1,13260000.0,13260000.0,6.596977000015158,True,optimal
1527,2,Box4,1,13260000.0,13260000.0,188.03,False,Box4,1,13260000.0,13260000.0,0.11620500004028145,False,heuristic,Box4,1,13260000.0,13260000.0,1.4619300000049407,True,optimal
1528,5,Box9,1,42504000.0,42504000.0,182.87,False,Box9,1,42504000.0,42504000.0,0.27009600000837963,False,heuristic,Box9,1,42504000.0,42504000.0,8.34492600000658,True,optimal
1529,4,Box5,1,20774000.0,20774000.0,169.09,False,Box5,1,20774000.0,20774000.0,0.26476799996544287,False,heuristic,Box5,1,20774000.0,20774000.0,6.084174000022813,True,optimal
1530,9,Box6,1,24752000.0,24752000.0,171.07,False,Box6,1,24752000.0,24752000.0,0.7712500000138789,False,heuristic,Box6,1,24752000.0,24752000.0,27.15443800002504,True,optimal
1531,1,Box4,1,13260000.0,13260000.0,175.08,False,Box4,1,13260000.0,13260000.0,0.08022000002938512,False,heuristic,Box4,1,13260000.0,13260000.0,0.8262430000058885,True,optimal
1532,8,"Box9,Box8",2,57120000.0,42504000.0,234.5,False,"Box6,Box9",2,67256000.0,42504000.0,0.4808439999806069,False,heuristic,"Box4,Box9",2,55764000.0,42504000.0,97.53382799999599,True,optimal
1533,4,Box4,1,13260000.0,13260000.0,159.93,False,Box4,1,13260000.0,13260000.0,0.7031869999991613,False,heuristic,Box4,1,13260000.0,13260000.0,9.969363999971392,True,optimal
1534,6,Box4,1,13260000.0,13260000.0,180.76,False,Box4,1,13260000.0,13260000.0,1.167194999993626,False,heuristic,Box4,1,13260000.0,13260000.0,18.34060400000226,True,optimal
1535,7,Box6,1,24752000.0,24752000.0,191.12,False,Box6,1,24752000.0,24752000.0,0.8174800000233517,False,heuristic,Box6,1,24752000.0,24752000.0,15.248603999964416,True,optimal
1536,4,Box4,1,13260000.0,13260000.0,174.04,False,Box8,1,14616000.0,14616000.0,0.7067729999903349,False,heuristic,Box4,1,13260000.0,13260000.0,5.082323999999971,True,optimal
1537,4,Box2,1,5278500.0,5278500.0,191.96,False,Box2,1,5278500.0,5278500.0,0.19393200000195066,False,heuristic,Box2,1,5278500.0,5278500.0,3.9610879999827375,True,optimal
1538,3,Box2,1,5278500.0,5278500.0,178.41,False,Box2,1,5278500.0,5278500.0,0.16983500000833374,False,heuristic,Box2,1,5278500.0,5278500.0,3.3522119999815914,True,optimal
1539,6,Box5,1,20774000.0,20774000.0,344.88,False,Box8,1,14616000.0,14616000.0,0.2790099999856466,False,heuristic,Box8,1,14616000.0,14616000.0,9.650814999986324,True,optimal
1540,6,Box4,1,13260000.0,13260000.0,195.24,False,Box4,1,13260000.0,13260000.0,0.39523399999552566,False,heuristic,Box4,1,13260000.0,13260000.0,13.687335999975403,True,optimal
1541,7,Box5,1,20774000.0,20774000.0,183.73,False,Box5,1,20774000.0,20774000.0,0.6010039999750916,False,heuristic,Box5,1,20774000.0,20774000.0,18.04295700003422,True,optimal
1542,8,Box8,1,14616000.0,14616000.0,180.55,False,Box8,1,14616000.0,14616000.0,0.5291549999810741,False,heuristic,Box8,1,14616000.0,14616000.0,16.568710000001374,True,optimal
1543,5,Box6,1,24752000.0,24752000.0,156.56,False,Box6,1,24752000.0,24752000.0,1.173985999969318,False,heuristic,Box6,1,24752000.0,24752000.0,22.89745699999912,True,optimal
1544,7,Box8,1,14616000.0,14616000.0,186.59,False,Box8,1,14616000.0,14616000.0,1.8932579999955124,False,heuristic,Box4,1,13260000.0,13260000.0,19.346207000012328,True,optimal
1545,5,Box8,1,14616000.0,14616000.0,214.08,False,Box6,1,24752000.0,24752000.0,0.8927730000323209,False,heuristic,Box8,1,14616000.0,14616000.0,8.037878999971326,True,optimal
1546,8,Box5,1,20774000.0,20774000.0,183.48,False,Box5,1,20774000.0,20774000.0,0.6804039999792622,False,heuristic,Box5,1,20774000.0,20774000.0,17.899230000011812,True,optimal
1547,7,Box2,1,5278500.0,5278500.0,161.31,False,Box2,1,5278500.0,5278500.0,0.5276429999980792,False,heuristic,Box2,1,5278500.0,5278500.0,14.981221999960326,True,optimal
1548,7,Box5,1,20774000.0,20774000.0,169.53,False,Box5,1,20774000.0,20774000.0,0.6188710000287756,False,heuristic,Box5,1,20774000.0,20774000.0,16.138522999995075,True,optimal
1549,11,Box5,1,20774000.0,20774000.0,304.52,False,Box5,1,20774000.0,20774000.0,1.2266850000060003,False,heuristic,Box5,1,20774000.0,20774000.0,34.25494899994419,True,optimal
1550,10,Box2,1,5278500.0,5278500.0,182.87,False,Box2,1,5278500.0,5278500.0,1.05772100005197,False,heuristic,Box2,1,5278500.0,5278500.0,27.84352700001591,True,optimal
1551,3,Box2,1,5278500.0,5278500.0,158.33,False,Box2,1,5278500.0,5278500.0,0.17332099997702244,False,heuristic,Box2,1,5278500.0,5278500.0,3.7933250000037333,True,optimal
1552,4,Box4,1,13260000.0,13260000.0,190.97,False,Box4,1,13260000.0,13260000.0,0.24523899998030174,False,heuristic,Box4,1,13260000.0,13260000.0,5.783418999953938,True,optimal
1553,4,Box6,1,24752000.0,24752000.0,183.63,False,"Box4,Box4,Box8",3,41136000.0,14616000.0,0.5047489999583377,False,heuristic,Box6,1,24752000.0,24752000.0,10.652380999999878,True,optimal
1554,6,Box2,1,5278500.0,5278500.0,187.7,False,Box2,1,5278500.0,5278500.0,0.4793409999592768,False,heuristic,Box2,1,5278500.0,5278500.0,12.14114999999083,True,optimal
1555,7,Box8,1,14616000.0,14616000.0,172.84,False,Box8,1,14616000.0,14616000.0,0.9036789999754546,False,heuristic,Box8,1,14616000.0,14616000.0,17.232186999990518,True,optimal
1556,4,Box4,1,13260000.0,13260000.0,158.54,False,Box4,1,13260000.0,13260000.0,0.21823899999162677,False,heuristic,Box4,1,13260000.0,13260000.0,5.380752999997185,True,optimal
1557,5,Box4,1,13260000.0,13260000.0,168.88,False,Box4,1,13260000.0,13260000.0,1.079823999987184,False,heuristic,Box4,1,13260000.0,13260000.0,14.735401999985243,True,optimal
1558,5,Box6,1,24752000.0,24752000.0,294.36,False,Box9,1,42504000.0,42504000.0,0.8273539999663626,False,heuristic,Box6,1,24752000.0,24752000.0,10.365538999963064,True,optimal
1559,8,Box4,1,13260000.0,13260000.0,188.84,False,Box4,1,13260000.0,13260000.0,0.9081050000077084,False,heuristic,Box4,1,13260000.0,13260000.0,18.98662600001444,True,optimal
1560,11,Box5,1,20774000.0,20774000.0,166.69,False,Box5,1,20774000.0,20774000.0,4.678527000010035,False,heuristic,Box5,1,20774000.0,20774000.0,37.688262999949984,True,optimal
1561,5,Box4,1,13260000.0,13260000.0,180.0,False,Box4,1,13260000.0,13260000.0,1.0056430000418004,False,heuristic,Box4,1,13260000.0,13260000.0,17.452097999978378,True,optimal
1562,6,Box8,1,14616000.0,14616000.0,174.58,False,Box8,1,14616000.0,14616000.0,0.49345200000061595,False,heuristic,Box8,1,14616000.0,14616000.0,10.473651999973299,True,optimal
1563,9,Box8,1,14616000.0,14616000.0,191.24,False,Box8,1,14616000.0,14616000.0,3.6281760000065333,False,heuristic,Box8,1,14616000.0,14616000.0,27.23173599997608,True,optimal
1564,8,Box8,1,14616000.0,14616000.0,179.75,False,Box5,1,20774000.0,20774000.0,2.3763550000239775,False,heuristic,Box8,1,14616000.0,14616000.0,25.395605000028354,True,optimal
1565,8,Box6,1,24752000.0,24752000.0,177.09,False,Box6,1,24752000.0,24752000.0,0.5692960000374114,False,heuristic,Box6,1,24752000.0,24752000.0,19.96678000000429,True,optimal
1566,5,Box4,1,13260000.0,13260000.0,193.23,False,Box4,1,13260000.0,13260000.0,0.33301100000926454,False,heuristic,Box4,1,13260000.0,13260000.0,10.185449000005065,True,optimal
1567,4,Box9,1,42504000.0,42504000.0,186.93,False,Box9,1,42504000.0,42504000.0,0.23004600001286235,False,heuristic,Box9,1,42504000.0,42504000.0,5.250977999992301,True,optimal
1568,7,Box9,1,42504000.0,42504000.0,298.01,False,Box9,1,42504000.0,42504000.0,0.5884249999894564,False,heuristic,Box9,1,42504000.0,42504000.0,13.925182999969365,True,optimal
1569,4,Box5,1,20774000.0,20774000.0,199.96,False,Box5,1,20774000.0,20774000.0,0.19698700003800695,False,heuristic,Box5,1,20774000.0,20774000.0,5.040199999996275,True,optimal
1570,5,Box4,1,13260000.0,13260000.0,177.75,False,Box4,1,13260000.0,13260000.0,0.3080630000340534,False,heuristic,Box4,1,13260000.0,13260000.0,9.334558999967157,True,optimal
1571,9,Box8,1,14616000.0,14616000.0,173.38,False,Box8,1,14616000.0,14616000.0,3.773464999994758,False,heuristic,Box8,1,14616000.0,14616000.0,30.001622999975552,True,optimal
1572,4,Box4,1,13260000.0,13260000.0,180.41,False,Box4,1,13260000.0,13260000.0,0.20963600002232852,False,heuristic,Box4,1,13260000.0,13260000.0,5.446220999999696,True,optimal
1573,7,Box4,1,13260000.0,13260000.0,179.28,False,Box8,1,14616000.0,14616000.0,1.8730769999706354,False,heuristic,Box4,1,13260000.0,13260000.0,18.185019999975793,True,optimal
1574,7,Box5,1,20774000.0,20774000.0,170.81,False,Box6,1,24752000.0,24752000.0,2.1395179999785796,False,heuristic,Box5,1,20774000.0,20774000.0,19.27376800000502,True,optimal
1575,7,Box4,1,13260000.0,13260000.0,165.89,False,Box4,1,13260000.0,13260000.0,0.8254020000322271,False,heuristic,Box4,1,13260000.0,13260000.0,17.53412099998286,True,optimal
1576,13,Box9,1,42504000.0,42504000.0,184.66,False,Box9,1,42504000.0,42504000.0,1.6302319999681458,False,heuristic,Box9,1,42504000.0,42504000.0,45.217406999995546,True,optimal
1577,10,Box6,1,24752000.0,24752000.0,193.19,False,Box9,1,42504000.0,42504000.0,2.922956000020349,False,heuristic,Box6,1,24752000.0,24752000.0,45.969478000017716,True,optimal
1578,8,Box5,1,20774000.0,20774000.0,189.62,False,Box5,1,20774000.0,20774000.0,2.1666079999818066,False,heuristic,Box8,1,14616000.0,14616000.0,23.80498300004774,True,optimal
1579,8,Box8,1,14616000.0,14616000.0,316.2,False,Box8,1,14616000.0,14616000.0,0.7995030000529368,False,heuristic,Box8,1,14616000.0,14616000.0,20.320061000006717,True,optimal
1580,3,Box2,1,5278500.0,5278500.0,183.67,False,Box2,1,5278500.0,5278500.0,0.16632000000527114,False,heuristic,Box2,1,5278500.0,5278500.0,3.3358169999928577,True,optimal
1581,8,Box6,1,24752000.0,24752000.0,182.39,False,Box9,1,42504000.0,42504000.0,1.7768730000398136,False,heuristic,Box6,1,24752000.0,24752000.0,23.082686999998714,True,optimal
1582,10,Box5,1,20774000.0,20774000.0,168.85,False,Box5,1,20774000.0,20774000.0,1.4580320000163738,False,heuristic,Box5,1,20774000.0,20774000.0,28.014344000041547,True,optimal
1583,7,Box9,1,42504000.0,42504000.0,170.75,False,Box9,1,42504000.0,42504000.0,0.6063220000100955,False,heuristic,Box9,1,42504000.0,42504000.0,12.114449999955923,True,optimal
1584,6,Box8,1,14616000.0,14616000.0,177.61,False,Box8,1,14616000.0,14616000.0,1.4972320000197215,False,heuristic,Box8,1,14616000.0,14616000.0,12.750075999974797,True,optimal
1585,16,Box8,1,14616000.0,14616000.0,164.12,False,Box8,1,14616000.0,14616000.0,1.9686809999939214,False,heuristic,Box8,1,14616000.0,14616000.0,61.5141370000174,True,optimal
1586,2,Box4,1,13260000.0,13260000.0,175.63,False,Box4,1,13260000.0,13260000.0,0.3299759999890739,False,heuristic,Box4,1,13260000.0,13260000.0,2.8777080000281785,True,optimal
1587,3,Box4,1,13260000.0,13260000.0,192.55,False,Box4,1,13260000.0,13260000.0,0.5667920000291815,False,heuristic,Box4,1,13260000.0,13260000.0,6.283829999972568,True,optimal
1588,5,Box4,1,13260000.0,13260000.0,174.78,False,Box4,1,13260000.0,13260000.0,1.018602000044666,False,heuristic,Box4,1,13260000.0,13260000.0,14.635121000026174,True,optimal
1589,1,Box2,1,5278500.0,5278500.0,168.14,False,Box2,1,5278500.0,5278500.0,0.07830800001329408,False,heuristic,Box2,1,5278500.0,5278500.0,0.7173889999876337,True,optimal
1590,1,Box9,1,42504000.0,42504000.0,177.21,False,Box9,1,42504000.0,42504000.0,0.0520179999625725,False,heuristic,Box9,1,42504000.0,42504000.0,0.5863819999945008,True,optimal
1591,5,Box5,1,20774000.0,20774000.0,176.28,False,Box5,1,20774000.0,20774000.0,0.2595000000269465,False,heuristic,Box5,1,20774000.0,20774000.0,8.872533999976895,True,optimal
1592,4,Box8,1,14616000.0,14616000.0,197.03,False,Box8,1,14616000.0,14616000.0,0.2872120000461109,False,heuristic,Box8,1,14616000.0,14616000.0,6.109538999965025,True,optimal
1593,5,Box4,1,13260000.0,13260000.0,177.31,False,Box4,1,13260000.0,13260000.0,1.0161980000020776,False,heuristic,Box4,1,13260000.0,13260000.0,14.54737900002101,True,optimal
1594,8,Box9,1,42504000.0,42504000.0,399.9,False,Box9,1,42504000.0,42504000.0,0.8038889999966159,False,heuristic,Box9,1,42504000.0,42504000.0,21.12759599998526,True,optimal
1595,5,Box2,1,5278500.0,5278500.0,213.28,False,Box2,1,5278500.0,5278500.0,0.4711779999979626,False,heuristic,Box2,1,5278500.0,5278500.0,9.843904999968345,True,optimal
1596,4,Box5,1,20774000.0,20774000.0,180.12,False,Box5,1,20774000.0,20774000.0,0.20755199994937357,False,heuristic,Box5,1,20774000.0,20774000.0,4.8762029999807055,True,optimal
1597,2,Box8,1,14616000.0,14616000.0,176.16,False,Box8,1,14616000.0,14616000.0,0.23643600002287712,False,heuristic,Box8,1,14616000.0,14616000.0,1.4984739999590602,True,optimal
1598,4,Box4,1,13260000.0,13260000.0,166.68,False,Box4,1,13260000.0,13260000.0,0.7239089999870885,False,heuristic,Box4,1,13260000.0,13260000.0,9.234579000008125,True,optimal
1599,3,Box4,1,13260000.0,13260000.0,173.78,False,Box4,1,13260000.0,13260000.0,0.15689499997506573,False,heuristic,Box4,1,13260000.0,13260000.0,3.5661339999819575,True,optimal
1600,6,Box4,1,13260000.0,13260000.0,178.93,False,Box4,1,13260000.0,13260000.0,1.582369999994171,False,heuristic,Box4,1,13260000.0,13260000.0,34.01164400003154,True,optimal
1601,5,Box8,1,14616000.0,14616000.0,184.6,False,Box8,1,14616000.0,14616000.0,0.6817400000045382,False,heuristic,Box8,1,14616000.0,14616000.0,15.594851999992443,True,optimal
1602,6,Box8,1,14616000.0,14616000.0,171.36,False,Box8,1,14616000.0,14616000.0,3.712550000017245,False,heuristic,Box8,1,14616000.0,14616000.0,23.99942300002067,True,optimal
1603,7,Box4,1,13260000.0,13260000.0,194.94,False,Box4,1,13260000.0,13260000.0,0.9826550000013867,False,heuristic,Box4,1,13260000.0,13260000.0,26.496992999994973,True,optimal
1604,5,Box8,1,14616000.0,14616000.0,206.07,False,Box8,1,14616000.0,14616000.0,0.26472199999716395,False,heuristic,Box8,1,14616000.0,14616000.0,8.892173000020875,True,optimal
1605,4,Box4,1,13260000.0,13260000.0,200.11,False,Box4,1,13260000.0,13260000.0,1.0598000000072716,False,heuristic,Box4,1,13260000.0,13260000.0,13.53803599999992,True,optimal
1606,6,Box4,1,13260000.0,13260000.0,187.83,False,Box4,1,13260000.0,13260000.0,0.9001640000008138,False,heuristic,Box4,1,13260000.0,13260000.0,22.125356999993073,True,optimal
1607,6,Box4,1,13260000.0,13260000.0,164.4,False,Box4,1,13260000.0,13260000.0,2.5263119999863193,False,heuristic,Box4,1,13260000.0,13260000.0,18.166000999997323,True,optimal
1608,7,Box6,1,24752000.0,24752000.0,305.66,False,Box6,1,24752000.0,24752000.0,1.1893020000002252,False,heuristic,Box6,1,24752000.0,24752000.0,23.571349000008013,True,optimal
1609,9,"Box9,Box9",2,85008000.0,42504000.0,419.74,True,"Box9,Box9",2,85008000.0,42504000.0,1.2060969999936333,False,heuristic,"Box6,Box9",2,67256000.0,42504000.0,209.95580300001393,True,optimal
1610,4,Box4,1,13260000.0,13260000.0,207.6,False,Box8,1,14616000.0,14616000.0,1.2091410000039104,False,heuristic,Box4,1,13260000.0,13260000.0,7.542553000007501,True,optimal
1611,3,Box4,1,13260000.0,13260000.0,200.69,False,Box4,1,13260000.0,13260000.0,0.8489370000006602,False,heuristic,Box4,1,13260000.0,13260000.0,9.281098999991855,True,optimal
1612,8,Box4,1,13260000.0,13260000.0,186.24,False,Box4,1,13260000.0,13260000.0,0.8612050000067484,False,heuristic,Box4,1,13260000.0,13260000.0,32.53030099998,True,optimal
1613,6,Box4,1,13260000.0,13260000.0,183.35,False,Box4,1,13260000.0,13260000.0,1.8841719999898032,False,heuristic,Box4,1,13260000.0,13260000.0,28.298061000015196,True,optimal
1614,5,Box8,1,14616000.0,14616000.0,160.3,False,Box8,1,14616000.0,14616000.0,1.3971500000025117,False,heuristic,Box8,1,14616000.0,14616000.0,14.89301300000534,True,optimal
1615,3,Box4,1,13260000.0,13260000.0,197.56,False,Box4,1,13260000.0,13260000.0,0.8402850000095441,False,heuristic,Box4,1,13260000.0,13260000.0,9.686259999995173,True,optimal
1616,3,Box2,1,5278500.0,5278500.0,165.84,False,Box2,1,5278500.0,5278500.0,0.2509119999842824,False,heuristic,Box2,1,5278500.0,5278500.0,4.515580000003183,True,optimal
1617,4,Box2,1,5278500.0,5278500.0,186.05,False,Box2,1,5278500.0,5278500.0,0.2986129999840159,False,heuristic,Box2,1,5278500.0,5278500.0,7.4902359999953205,True,optimal
1618,13,Box9,1,42504000.0,42504000.0,193.07,False,Box9,1,42504000.0,42504000.0,3.2529490000001715,False,heuristic,Box9,1,42504000.0,42504000.0,74.01556799999298,True,optimal
1619,8,Box8,1,14616000.0,14616000.0,167.22,False,Box5,1,20774000.0,20774000.0,5.270017000015059,False,heuristic,Box8,1,14616000.0,14616000.0,39.900118999980805,True,optimal
1620,12,Box8,1,14616000.0,14616000.0,187.89,False,Box8,1,14616000.0,14616000.0,13.826523000005864,False,heuristic,Box8,1,14616000.0,14616000.0,78.80898999999886,True,optimal
1621,7,Box8,1,14616000.0,14616000.0,171.26,False,Box8,1,14616000.0,14616000.0,1.255570000012085,False,heuristic,Box8,1,14616000.0,14616000.0,25.19738800000937,True,optimal
1622,8,Box8,1,14616000.0,14616000.0,170.54,False,Box8,1,14616000.0,14616000.0,1.934806999997818,False,heuristic,Box8,1,14616000.0,14616000.0,35.63380899998947,True,optimal
1623,12,Box9,1,42504000.0,42504000.0,195.75,False,Box9,1,42504000.0,42504000.0,4.898527000023023,False,heuristic,Box6,1,24752000.0,24752000.0,66.76782200000275,True,optimal
1624,4,Box4,1,13260000.0,13260000.0,255.05,False,Box4,1,13260000.0,13260000.0,1.4849000000083379,False,heuristic,Box4,1,13260000.0,13260000.0,16.722803999982716,True,optimal
1625,6,"Box9,Box9",2,85008000.0,42504000.0,246.33,False,"Box9,Box9",2,85008000.0,42504000.0,0.9097680000138553,False,heuristic,"Box9,Box9",2,85008000.0,42504000.0,170.97391499999048,True,optimal
1626,4,Box6,1,24752000.0,24752000.0,185.13,False,Box6,1,24752000.0,24752000.0,1.1983250000184853,False,heuristic,Box6,1,24752000.0,24752000.0,16.15698499998075,True,optimal
1627,4,Box2,1,5278500.0,5278500.0,176.94,False,Box2,1,5278500.0,5278500.0,0.4025959999864881,False,heuristic,Box2,1,5278500.0,5278500.0,7.575263000006771,True,optimal
1628,5,Box6,1,24752000.0,24752000.0,194.78,False,Box6,1,24752000.0,24752000.0,1.694571000001588,False,heuristic,Box6,1,24752000.0,24752000.0,25.768124000023818,True,optimal
1629,4,Box9,1,42504000.0,42504000.0,170.42,False,Box9,1,42504000.0,42504000.0,0.26483199999915996,False,heuristic,Box9,1,42504000.0,42504000.0,7.372211000017614,True,optimal
1630,6,Box5,1,20774000.0,20774000.0,401.57,False,Box5,1,20774000.0,20774000.0,0.5912160000036693,False,heuristic,Box5,1,20774000.0,20774000.0,14.021872000000712,True,optimal
1631,8,Box4,1,13260000.0,13260000.0,190.22,False,Box4,1,13260000.0,13260000.0,1.611838000002308,False,heuristic,Box4,1,13260000.0,13260000.0,34.385508999974945,True,optimal
1632,11,Box5,1,20774000.0,20774000.0,199.78,False,Box5,1,20774000.0,20774000.0,9.198636999997234,False,heuristic,Box5,1,20774000.0,20774000.0,62.28404899999873,True,optimal
1633,6,Box6,1,24752000.0,24752000.0,334.09,False,Box8,1,14616000.0,14616000.0,0.5270409999980075,False,heuristic,Box8,1,14616000.0,14616000.0,17.96829799999955,True,optimal
1634,2,Box4,1,13260000.0,13260000.0,181.68,False,Box4,1,13260000.0,13260000.0,0.5440959999987172,False,heuristic,Box4,1,13260000.0,13260000.0,3.7107570000216583,True,optimal
1635,5,Box9,1,42504000.0,42504000.0,164.81,False,Box9,1,42504000.0,42504000.0,0.5000810000126421,False,heuristic,Box9,1,42504000.0,42504000.0,14.550906000010855,True,optimal
1636,4,Box9,1,42504000.0,42504000.0,191.99,False,Box9,1,42504000.0,42504000.0,0.8906889999877876,False,heuristic,Box9,1,42504000.0,42504000.0,17.12293699998213,True,optimal
1637,4,Box4,1,13260000.0,13260000.0,177.3,False,Box4,1,13260000.0,13260000.0,0.37042799999653653,False,heuristic,Box4,1,13260000.0,13260000.0,9.855228999981591,True,optimal
1638,5,Box8,1,14616000.0,14616000.0,172.55,False,Box8,1,14616000.0,14616000.0,0.4563359999849581,False,heuristic,Box8,1,14616000.0,14616000.0,12.020417000002226,True,optimal
1639,5,Box2,1,5278500.0,5278500.0,189.66,False,Box2,1,5278500.0,5278500.0,0.5691639999838571,False,heuristic,Box2,1,5278500.0,5278500.0,13.660186999999269,True,optimal
1640,5,Box2,1,5278500.0,5278500.0,201.01,False,Box2,1,5278500.0,5278500.0,0.48065199999314245,False,heuristic,Box2,1,5278500.0,5278500.0,12.560677999999825,True,optimal
1641,6,Box9,1,42504000.0,42504000.0,397.08,False,Box6,1,24752000.0,24752000.0,0.5550019999986944,False,heuristic,Box6,1,24752000.0,24752000.0,17.025703000001613,True,optimal
1642,9,Box5,1,20774000.0,20774000.0,175.26,False,Box5,1,20774000.0,20774000.0,1.739708000002338,False,heuristic,Box5,1,20774000.0,20774000.0,38.15905900000871,True,optimal
1643,11,Box9,1,42504000.0,42504000.0,182.77,False,Box9,1,42504000.0,42504000.0,1.7698009999946862,False,heuristic,Box9,1,42504000.0,42504000.0,46.85214799999926,True,optimal
1644,8,Box8,1,14616000.0,14616000.0,200.04,False,Box8,1,14616000.0,14616000.0,5.069319000000405,False,heuristic,Box8,1,14616000.0,14616000.0,36.86525399999141,True,optimal
1645,10,Box4,1,13260000.0,13260000.0,171.6,False,Box4,1,13260000.0,13260000.0,1.773647999982586,False,heuristic,Box4,1,13260000.0,13260000.0,47.966828999989275,True,optimal
1646,4,Box4,1,13260000.0,13260000.0,255.14,False,Box8,1,14616000.0,14616000.0,1.1977240000078382,False,heuristic,Box4,1,13260000.0,13260000.0,7.36320800001522,True,optimal
1647,4,Box4,1,13260000.0,13260000.0,196.71,False,Box8,1,14616000.0,14616000.0,1.1878899999828718,False,heuristic,Box4,1,13260000.0,13260000.0,7.48286499998585,True,optimal
1648,2,Box2,1,5278500.0,5278500.0,162.51,False,Box2,1,5278500.0,5278500.0,0.2152280000018436,False,heuristic,Box2,1,5278500.0,5278500.0,3.3261780000088947,True,optimal
1649,2,Box4,1,13260000.0,13260000.0,172.22,False,Box4,1,13260000.0,13260000.0,0.17543999999247717,False,heuristic,Box4,1,13260000.0,13260000.0,1.991229999987354,True,optimal
1650,2,Box2,1,5278500.0,5278500.0,176.44,False,Box2,1,5278500.0,5278500.0,0.21603999999797452,False,heuristic,Box2,1,5278500.0,5278500.0,2.0033970000099544,True,optimal
1651,6,Box5,1,20774000.0,20774000.0,314.01,False,Box5,1,20774000.0,20774000.0,2.2084919999940666,False,heuristic,Box8,1,14616000.0,14616000.0,43.7037739999937,True,optimal
1652,8,Box5,1,20774000.0,20774000.0,177.35,False,Box5,1,20774000.0,20774000.0,3.2758229999956257,False,heuristic,Box5,1,20774000.0,20774000.0,1605.8053540000117,True,optimal
1653,4,Box4,1,13260000.0,13260000.0,177.86,False,Box4,1,13260000.0,13260000.0,0.4317819999926087,False,heuristic,Box4,1,13260000.0,13260000.0,7.6276149999898735,True,optimal
1654,5,Box9,1,42504000.0,42504000.0,172.06,False,Box9,1,42504000.0,42504000.0,0.8769149999920955,False,heuristic,Box9,1,42504000.0,42504000.0,19.9230220000004,True,optimal
1655,7,Box6,1,24752000.0,24752000.0,178.17,False,Box9,1,42504000.0,42504000.0,2.5452449999932014,False,heuristic,Box6,1,24752000.0,24752000.0,25.87913099998218,True,optimal
1656,4,Box4,1,13260000.0,13260000.0,183.02,False,Box4,1,13260000.0,13260000.0,1.3185230000090087,False,heuristic,Box4,1,13260000.0,13260000.0,15.36320300002103,True,optimal
1657,7,Box6,1,24752000.0,24752000.0,176.64,False,Box6,1,24752000.0,24752000.0,1.3097089999973832,False,heuristic,Box6,1,24752000.0,24752000.0,26.68889400001717,True,optimal
1658,6,Box6,1,24752000.0,24752000.0,320.66,False,Box5,1,20774000.0,20774000.0,0.6336270000133482,False,heuristic,Box5,1,20774000.0,20774000.0,22.55666100001008,True,optimal
1659,17,"Box9,Box4",2,55764000.0,42504000.0,432.05,True,"Box9,Box6",2,67256000.0,42504000.0,3.014524000008123,False,heuristic,"Box5,Box9",2,63278000.0,42504000.0,430.5807190000053,True,optimal
1660,4,Box4,1,13260000.0,13260000.0,270.1,False,Box4,1,13260000.0,13260000.0,0.3812460000176543,False,heuristic,Box4,1,13260000.0,13260000.0,9.473112999984323,True,optimal
1661,3,Box5,1,20774000.0,20774000.0,189.62,False,Box5,1,20774000.0,20774000.0,0.28114399998457884,False,heuristic,Box5,1,20774000.0,20774000.0,6.386429000002636,True,optimal
1662,8,Box6,1,24752000.0,24752000.0,700.24,False,Box6,1,24752000.0,24752000.0,1.2979310000105215,False,heuristic,Box6,1,24752000.0,24752000.0,31.936663999999837,True,optimal
1663,5,Box6,1,24752000.0,24752000.0,185.01,False,Box6,1,24752000.0,24752000.0,1.784235999991779,False,heuristic,Box6,1,24752000.0,24752000.0,29.120358000000124,True,optimal
1664,7,Box9,1,42504000.0,42504000.0,298.5,False,Box9,1,42504000.0,42504000.0,1.256277999999611,False,heuristic,Box9,1,42504000.0,42504000.0,23.325513000003184,True,optimal
1665,4,Box2,1,5278500.0,5278500.0,191.2,False,Box2,1,5278500.0,5278500.0,0.3702390000057676,False,heuristic,Box2,1,5278500.0,5278500.0,8.497298999998293,True,optimal
1666,7,Box5,1,20774000.0,20774000.0,185.46,False,Box5,1,20774000.0,20774000.0,1.249638000018649,False,heuristic,Box5,1,20774000.0,20774000.0,27.509944999991376,True,optimal
1667,6,Box8,1,14616000.0,14616000.0,277.77,False,Box8,1,14616000.0,14616000.0,1.6331770000022061,False,heuristic,Box8,1,14616000.0,14616000.0,17.398186999997733,True,optimal
1668,11,Box8,1,14616000.0,14616000.0,171.26,False,Box8,1,14616000.0,14616000.0,2.939722000007805,False,heuristic,Box8,1,14616000.0,14616000.0,59.7472219999986,True,optimal
1669,8,Box5,1,20774000.0,20774000.0,174.82,False,Box5,1,20774000.0,20774000.0,0.8177660000114884,False,heuristic,Box5,1,20774000.0,20774000.0,28.10250100000644,True,optimal
1670,1,Box2,1,5278500.0,5278500.0,153.76,False,Box2,1,5278500.0,5278500.0,0.15609599998356316,False,heuristic,Box2,1,5278500.0,5278500.0,1.0762160000012955,True,optimal
1671,12,Box8,1,14616000.0,14616000.0,185.33,False,Box8,1,14616000.0,14616000.0,3.5044150000089758,False,heuristic,Box8,1,14616000.0,14616000.0,72.46096200000807,True,optimal
1672,6,Box8,1,14616000.0,14616000.0,171.92,False,Box8,1,14616000.0,14616000.0,2.445796000017708,False,heuristic,Box8,1,14616000.0,14616000.0,22.79072500002144,True,optimal
1673,7,Box4,1,13260000.0,13260000.0,161.52,False,Box4,1,13260000.0,13260000.0,0.9412619999977778,False,heuristic,Box4,1,13260000.0,13260000.0,21.76477399999044,True,optimal
1674,5,Box4,1,13260000.0,13260000.0,182.41,False,Box4,1,13260000.0,13260000.0,0.5215080000198213,False,heuristic,Box4,1,13260000.0,13260000.0,13.495549999987588,True,optimal
1675,6,Box4,1,13260000.0,13260000.0,166.96,False,Box4,1,13260000.0,13260000.0,2.476171000012073,False,heuristic,Box4,1,13260000.0,13260000.0,29.461123000004363,True,optimal
1676,8,Box8,1,14616000.0,14616000.0,193.51,False,Box8,1,14616000.0,14616000.0,1.229958000010356,False,heuristic,Box8,1,14616000.0,14616000.0,29.655776999987893,True,optimal
1677,7,Box9,1,42504000.0,42504000.0,315.38,False,Box9,1,42504000.0,42504000.0,1.0326999999961117,False,heuristic,Box9,1,42504000.0,42504000.0,19.821247999999514,True,optimal
1678,7,"Box9,Box5",2,63278000.0,42504000.0,270.42,False,"Box9,Box5",2,63278000.0,42504000.0,1.3871759999801725,False,heuristic,"Box5,Box9",2,63278000.0,42504000.0,265.552815999996,True,optimal
1679,10,Box9,1,42504000.0,42504000.0,182.29,False,Box9,1,42504000.0,42504000.0,2.9350039999940236,False,heuristic,Box9,1,42504000.0,42504000.0,48.75538500002108,True,optimal
1680,9,Box9,1,42504000.0,42504000.0,194.33,False,Box9,1,42504000.0,42504000.0,1.5239620000215837,False,heuristic,Box9,1,42504000.0,42504000.0,39.81958399998575,True,optimal
1681,10,Box4,1,13260000.0,13260000.0,176.73,False,Box4,1,13260000.0,13260000.0,2.3221490000082667,False,heuristic,Box4,1,13260000.0,13260000.0,48.14439200001175,True,optimal
1682,4,Box4,1,13260000.0,13260000.0,153.64,False,Box8,1,14616000.0,14616000.0,1.1951449999969554,False,heuristic,Box4,1,13260000.0,13260000.0,7.525090000001455,True,optimal
1683,2,Box8,1,14616000.0,14616000.0,170.47,False,Box8,1,14616000.0,14616000.0,0.10099200000013298,False,heuristic,Box8,1,14616000.0,14616000.0,2.0070820000057665,True,optimal
1684,10,Box9,1,42504000.0,42504000.0,165.37,False,Box9,1,42504000.0,42504000.0,2.502380999999332,False,heuristic,Box9,1,42504000.0,42504000.0,47.09863200000086,True,optimal
1685,5,"Box9,Box9",2,85008000.0,42504000.0,271.53,False,"Box9,Box5,Box5",3,84052000.0,42504000.0,1.2203839999926913,False,heuristic,"Box9,Box9",2,85008000.0,42504000.0,201.01486499999055,True,optimal
1686,2,Box5,1,20774000.0,20774000.0,189.02,False,Box5,1,20774000.0,20774000.0,0.5400359999896409,False,heuristic,Box5,1,20774000.0,20774000.0,5.235249999998359,True,optimal
1687,6,Box8,1,14616000.0,14616000.0,189.89,False,Box8,1,14616000.0,14616000.0,0.7772950000060064,False,heuristic,Box8,1,14616000.0,14616000.0,17.037721999997757,True,optimal
1688,7,Box4,1,13260000.0,13260000.0,190.51,False,Box4,1,13260000.0,13260000.0,3.101506000007248,False,heuristic,Box4,1,13260000.0,13260000.0,111.34943900000849,True,optimal
1689,10,Box9,1,42504000.0,42504000.0,301.35,False,Box9,1,42504000.0,42504000.0,2.9566869999939627,False,heuristic,Box9,1,42504000.0,42504000.0,46.033461999996916,True,optimal
1690,10,Box8,1,14616000.0,14616000.0,167.88,False,Box8,1,14616000.0,14616000.0,6.879014000020334,False,heuristic,Box4,1,13260000.0,13260000.0,81.18820800001458,True,optimal
1691,10,Box8,1,14616000.0,14616000.0,179.05,False,Box8,1,14616000.0,14616000.0,6.3609709999923325,False,heuristic,Box8,1,14616000.0,14616000.0,50.04494300001738,True,optimal
1692,10,Box6,1,24752000.0,24752000.0,210.11,False,Box6,1,24752000.0,24752000.0,2.0097059999955036,False,heuristic,Box6,1,24752000.0,24752000.0,45.22852599998828,True,optimal
1693,10,Box9,1,42504000.0,42504000.0,201.99,False,Box9,1,42504000.0,42504000.0,2.2171090000142613,False,heuristic,Box9,1,42504000.0,42504000.0,49.745479999984354,True,optimal
1694,5,Box4,1,13260000.0,13260000.0,189.84,False,Box4,1,13260000.0,13260000.0,0.5660949999821696,False,heuristic,Box4,1,13260000.0,13260000.0,14.35794399998258,True,optimal
1695,2,Box2,1,5278500.0,5278500.0,232.73,False,Box2,1,5278500.0,5278500.0,0.14532999998095875,False,heuristic,Box2,1,5278500.0,5278500.0,2.5900729999932537,True,optimal
1696,5,Box8,1,14616000.0,14616000.0,501.94,False,Box5,1,20774000.0,20774000.0,1.634468999981209,False,heuristic,Box8,1,14616000.0,14616000.0,17.316453000006504,True,optimal
1697,6,Box9,1,42504000.0,42504000.0,191.81,False,Box9,1,42504000.0,42504000.0,1.7072189999964849,False,heuristic,Box6,1,24752000.0,24752000.0,30.531831000018883,True,optimal
1698,8,Box5,1,20774000.0,20774000.0,244.75,False,Box9,1,42504000.0,42504000.0,3.31443799998965,False,heuristic,Box5,1,20774000.0,20774000.0,32.06082100001595,True,optimal
1699,5,Box8,1,14616000.0,14616000.0,184.27,False,Box8,1,14616000.0,14616000.0,0.42762599997558937,False,heuristic,Box8,1,14616000.0,14616000.0,11.246602999989364,True,optimal
1700,13,Box9,1,42504000.0,42504000.0,263.21,False,Box9,1,42504000.0,42504000.0,3.7646779999818136,False,heuristic,Box9,1,42504000.0,42504000.0,71.45813700000758,True,optimal
1701,10,Box8,1,14616000.0,14616000.0,312.48,False,"Box4,Box8",2,27876000.0,14616000.0,3.295551999997315,False,heuristic,Box8,1,14616000.0,14616000.0,55.87168699999978,True,optimal
1702,6,Box6,1,24752000.0,24752000.0,330.8,False,"Box8,Box2,Box2",3,25173000.0,14616000.0,2.1666700000011474,False,heuristic,Box5,1,20774000.0,20774000.0,49.334512999998026,True,optimal
1703,4,Box4,1,13260000.0,13260000.0,212.94,False,Box8,1,14616000.0,14616000.0,1.1247480000022847,False,heuristic,Box4,1,13260000.0,13260000.0,7.061020000001861,True,optimal
1704,3,Box2,1,5278500.0,5278500.0,201.3,False,Box2,1,5278500.0,5278500.0,0.21695600000271043,False,heuristic,Box2,1,5278500.0,5278500.0,3.8114789999994514,True,optimal
1705,5,Box4,1,13260000.0,13260000.0,176.66,False,Box4,1,13260000.0,13260000.0,0.4270779999941965,False,heuristic,Box4,1,13260000.0,13260000.0,12.301924999995606,True,optimal
1706,5,Box6,1,24752000.0,24752000.0,182.92,False,Box6,1,24752000.0,24752000.0,1.6832119999961037,False,heuristic,Box6,1,24752000.0,24752000.0,20.08981699999879,True,optimal
1707,6,Box4,1,13260000.0,13260000.0,188.07,False,Box4,1,13260000.0,13260000.0,0.4943599999975845,False,heuristic,Box4,1,13260000.0,13260000.0,19.563689999998246,True,optimal
1708,9,Box5,1,20774000.0,20774000.0,164.47,False,Box5,1,20774000.0,20774000.0,1.0149849999976368,False,heuristic,Box5,1,20774000.0,20774000.0,27.856496000005393,True,optimal
1709,3,Box4,1,13260000.0,13260000.0,190.59,False,Box4,1,13260000.0,13260000.0,0.23848099999668193,False,heuristic,Box4,1,13260000.0,13260000.0,6.212025000003507,True,optimal
1710,5,Box2,1,5278500.0,5278500.0,199.7,False,Box2,1,5278500.0,5278500.0,0.4831389999964131,False,heuristic,Box2,1,5278500.0,5278500.0,11.60470899999666,True,optimal
1711,6,Box4,1,13260000.0,13260000.0,191.56,False,Box4,1,13260000.0,13260000.0,0.5433350000032533,False,heuristic,Box4,1,13260000.0,13260000.0,18.581771999997443,True,optimal
1712,9,Box5,1,20774000.0,20774000.0,168.37,False,Box5,1,20774000.0,20774000.0,1.1976640000028738,False,heuristic,Box5,1,20774000.0,20774000.0,33.6453970000008,True,optimal
1713,6,Box4,1,13260000.0,13260000.0,195.57,False,Box4,1,13260000.0,13260000.0,0.6340730000005124,False,heuristic,Box4,1,13260000.0,13260000.0,14.256398000000559,True,optimal
1714,5,Box5,1,20774000.0,20774000.0,224.06,False,Box6,1,24752000.0,24752000.0,1.2824180000023944,False,heuristic,Box5,1,20774000.0,20774000.0,10.345473999997523,True,optimal
1715,8,Box9,1,42504000.0,42504000.0,316.93,False,Box9,1,42504000.0,42504000.0,1.2413900000041167,False,heuristic,Box9,1,42504000.0,42504000.0,27.932919999997807,True,optimal
1716,13,Box5,1,20774000.0,20774000.0,173.99,False,Box5,1,20774000.0,20774000.0,12.738831000000062,False,heuristic,Box5,1,20774000.0,20774000.0,81.40665100000177,True,optimal
1717,4,Box4,1,13260000.0,13260000.0,188.15,False,Box8,1,14616000.0,14616000.0,1.110441999998102,False,heuristic,Box4,1,13260000.0,13260000.0,6.965437000005181,True,optimal
1718,4,Box4,1,13260000.0,13260000.0,175.24,False,Box8,1,14616000.0,14616000.0,1.4371050000008267,False,heuristic,Box4,1,13260000.0,13260000.0,7.007837999999822,True,optimal
1719,4,Box4,1,13260000.0,13260000.0,170.02,False,Box8,1,14616000.0,14616000.0,1.1182239999953936,False,heuristic,Box4,1,13260000.0,13260000.0,6.804174999999191,True,optimal
1720,1,Box2,1,5278500.0,5278500.0,168.58,False,Box2,1,5278500.0,5278500.0,0.10062399999810623,False,heuristic,Box2,1,5278500.0,5278500.0,0.8170139999990056,True,optimal
1721,6,Box9,1,42504000.0,42504000.0,296.09,False,Box9,1,42504000.0,42504000.0,1.491950999998437,False,heuristic,Box6,1,24752000.0,24752000.0,17.70315299999936,True,optimal
1722,4,Box4,1,13260000.0,13260000.0,197.39,False,Box4,1,13260000.0,13260000.0,1.140085999999485,False,heuristic,Box4,1,13260000.0,13260000.0,13.633056999999837,True,optimal
1723,6,Box4,1,13260000.0,13260000.0,330.54,False,Box4,1,13260000.0,13260000.0,2.7756180000011454,False,heuristic,Box2,1,5278500.0,5278500.0,22.673285999999848,True,optimal
1724,6,Box9,1,42504000.0,42504000.0,173.7,False,"Box5,Box4",2,34034000.0,20774000.0,1.1700530000027243,False,heuristic,Box9,1,42504000.0,42504000.0,40.695054999993374,True,optimal
1725,6,Box6,1,24752000.0,24752000.0,178.1,False,Box6,1,24752000.0,24752000.0,1.6792740000042272,False,heuristic,Box6,1,24752000.0,24752000.0,38.835198000001014,True,optimal
1726,5,Box2,1,5278500.0,5278500.0,203.06,False,Box2,1,5278500.0,5278500.0,0.4651309999985642,False,heuristic,Box2,1,5278500.0,5278500.0,11.425576000000603,True,optimal
1727,4,Box4,1,13260000.0,13260000.0,192.49,False,Box4,1,13260000.0,13260000.0,1.1761160000034465,False,heuristic,Box4,1,13260000.0,13260000.0,14.405697000000828,True,optimal
1728,10,Box9,1,42504000.0,42504000.0,167.91,False,Box9,1,42504000.0,42504000.0,1.7612369999966404,False,heuristic,Box9,1,42504000.0,42504000.0,38.600981000001866,True,optimal
1729,5,Box2,1,5278500.0,5278500.0,207.81,False,Box2,1,5278500.0,5278500.0,0.42395799999894734,False,heuristic,Box2,1,5278500.0,5278500.0,11.472824000001935,True,optimal
1730,6,Box4,1,13260000.0,13260000.0,326.75,False,Box4,1,13260000.0,13260000.0,0.544855999997651,False,heuristic,Box4,1,13260000.0,13260000.0,17.4980079999969,True,optimal
1731,6,Box8,1,14616000.0,14616000.0,201.91,False,Box8,1,14616000.0,14616000.0,2.733597999998949,False,heuristic,Box8,1,14616000.0,14616000.0,20.38496700000536,True,optimal
1732,10,Box8,1,14616000.0,14616000.0,208.91,False,Box5,1,20774000.0,20774000.0,4.868598999998142,False,heuristic,Box8,1,14616000.0,14616000.0,46.088932000003524,True,optimal
1733,6,Box2,1,5278500.0,5278500.0,163.63,False,Box2,1,5278500.0,5278500.0,0.5639500000000908,False,heuristic,Box2,1,5278500.0,5278500.0,16.853911999994864,True,optimal
1734,3,Box4,1,13260000.0,13260000.0,184.31,False,Box8,1,14616000.0,14616000.0,0.8050330000060058,False,heuristic,Box4,1,13260000.0,13260000.0,4.836876999995354,True,optimal
1735,6,Box6,1,24752000.0,24752000.0,168.98,False,Box6,1,24752000.0,24752000.0,1.7595400000018913,False,heuristic,Box6,1,24752000.0,24752000.0,24.969032999997864,True,optimal
1736,9,Box5,1,20774000.0,20774000.0,183.4,False,Box5,1,20774000.0,20774000.0,1.5096790000015403,False,heuristic,Box5,1,20774000.0,20774000.0,33.68122999999912,True,optimal
1737,3,Box4,1,13260000.0,13260000.0,182.36,False,Box4,1,13260000.0,13260000.0,0.24730999999889036,False,heuristic,Box4,1,13260000.0,13260000.0,5.5097219999993285,True,optimal
1738,4,Box4,1,13260000.0,13260000.0,186.97,False,Box4,1,13260000.0,13260000.0,1.1599150000023428,False,heuristic,Box4,1,13260000.0,13260000.0,15.122471999994502,True,optimal
1739,8,"Box9,Box9",2,85008000.0,42504000.0,215.19,False,"Box9,Box9",2,85008000.0,42504000.0,0.9932489999968652,False,heuristic,"Box9,Box9",2,85008000.0,42504000.0,137.9874739999991,True,optimal
1740,6,Box4,1,13260000.0,13260000.0,186.1,False,Box4,1,13260000.0,13260000.0,1.844894000001318,False,heuristic,Box4,1,13260000.0,13260000.0,27.480264000004695,True,optimal
1741,5,Box8,1,14616000.0,14616000.0,208.84,False,Box8,1,14616000.0,14616000.0,0.4260630000061383,False,heuristic,Box8,1,14616000.0,14616000.0,13.372784000004856,True,optimal
1742,4,Box4,1,13260000.0,13260000.0,191.69,False,Box8,1,14616000.0,14616000.0,1.0898969999999508,False,heuristic,Box4,1,13260000.0,13260000.0,6.9017750000028855,True,optimal
1743,4,"Box9,Box5",2,63278000.0,42504000.0,254.31,False,"Box9,Box5",2,63278000.0,42504000.0,0.5663959999964163,False,heuristic,"Box5,Box9",2,63278000.0,42504000.0,98.4978620000021,True,optimal
1744,3,Box2,1,5278500.0,5278500.0,187.93,False,Box4,1,13260000.0,13260000.0,1.021000000001493,False,heuristic,Box2,1,5278500.0,5278500.0,5.260401999997555,True,optimal
1745,10,Box2,1,5278500.0,5278500.0,179.13,False,Box2,1,5278500.0,5278500.0,1.5482410000018376,False,heuristic,Box2,1,5278500.0,5278500.0,40.391314000004286,True,optimal
1746,4,Box4,1,13260000.0,13260000.0,201.68,False,Box4,1,13260000.0,13260000.0,0.9619200000017258,False,heuristic,Box4,1,13260000.0,13260000.0,13.720812999999055,True,optimal
1747,2,Box4,1,13260000.0,13260000.0,190.52,False,Box4,1,13260000.0,13260000.0,0.5434010000016087,False,heuristic,Box4,1,13260000.0,13260000.0,4.855022000000986,True,optimal
1748,3,Box2,1,5278500.0,5278500.0,189.32,False,Box2,1,5278500.0,5278500.0,0.2562519999997903,False,heuristic,Box2,1,5278500.0,5278500.0,4.853801999999519,True,optimal
1749,6,"Box9,Box8",2,57120000.0,42504000.0,250.41,False,"Box9,Box8",2,57120000.0,42504000.0,0.7399010000028738,False,heuristic,"Box8,Box9",2,57120000.0,42504000.0,172.9256050000032,True,optimal
1750,9,Box4,1,13260000.0,13260000.0,168.54,False,Box8,1,14616000.0,14616000.0,5.511273000003314,False,heuristic,Box4,1,13260000.0,13260000.0,44.430299999994816,True,optimal
1751,5,Box4,1,13260000.0,13260000.0,186.4,False,Box4,1,13260000.0,13260000.0,0.5998769999990827,False,heuristic,Box4,1,13260000.0,13260000.0,15.053397999999163,True,optimal
1752,7,Box8,1,14616000.0,14616000.0,186.52,False,Box8,1,14616000.0,14616000.0,0.8766140000062705,False,heuristic,Box8,1,14616000.0,14616000.0,25.270878000000607,True,optimal
1753,7,Box4,1,13260000.0,13260000.0,170.08,False,Box4,1,13260000.0,13260000.0,1.0745850000049018,False,heuristic,Box4,1,13260000.0,13260000.0,25.193330999996988,True,optimal
1754,8,Box6,1,24752000.0,24752000.0,325.5,False,Box6,1,24752000.0,24752000.0,1.354482000003543,False,heuristic,Box6,1,24752000.0,24752000.0,27.649247999995907,True,optimal
1755,9,Box8,1,14616000.0,14616000.0,171.82,False,Box8,1,14616000.0,14616000.0,7.666444999998134,False,heuristic,Box8,1,14616000.0,14616000.0,45.64518099999759,True,optimal
1756,9,Box9,1,42504000.0,42504000.0,204.76,False,Box9,1,42504000.0,42504000.0,1.4735829999992234,False,heuristic,Box9,1,42504000.0,42504000.0,36.35545299999876,True,optimal
1757,7,Box8,1,14616000.0,14616000.0,174.25,False,Box8,1,14616000.0,14616000.0,3.2580800000019394,False,heuristic,Box8,1,14616000.0,14616000.0,27.012798000001226,True,optimal
1758,6,Box5,1,20774000.0,20774000.0,178.72,False,Box5,1,20774000.0,20774000.0,2.108663000001343,False,heuristic,Box5,1,20774000.0,20774000.0,27.741717999994364,True,optimal
1759,7,Box9,1,42504000.0,42504000.0,304.41,False,Box9,1,42504000.0,42504000.0,1.3332569999988664,False,heuristic,Box9,1,42504000.0,42504000.0,23.170657999997957,True,optimal
1760,7,Box4,1,13260000.0,13260000.0,187.57,False,Box4,1,13260000.0,13260000.0,0.9201949999990688,False,heuristic,Box4,1,13260000.0,13260000.0,21.656481999997368,True,optimal
1761,2,Box2,1,5278500.0,5278500.0,186.22,False,Box2,1,5278500.0,5278500.0,0.196113000001219,False,heuristic,Box2,1,5278500.0,5278500.0,2.340967999998611,True,optimal
1762,6,Box8,1,14616000.0,14616000.0,177.55,False,Box8,1,14616000.0,14616000.0,0.6461999999984869,False,heuristic,Box8,1,14616000.0,14616000.0,17.744925000002354,True,optimal
1763,10,Box8,1,14616000.0,14616000.0,179.61,False,Box8,1,14616000.0,14616000.0,1.2167150000053084,False,heuristic,Box8,1,14616000.0,14616000.0,44.70978599999853,True,optimal
1764,13,Box9,1,42504000.0,42504000.0,471.13,False,Box9,1,42504000.0,42504000.0,3.186156000005269,False,heuristic,Box9,1,42504000.0,42504000.0,77.32449800000296,True,optimal
1765,11,Box4,1,13260000.0,13260000.0,173.38,False,Box4,1,13260000.0,13260000.0,0.8928230000009307,False,heuristic,Box4,1,13260000.0,13260000.0,38.576909000006765,True,optimal
1766,5,Box4,1,13260000.0,13260000.0,187.52,False,Box4,1,13260000.0,13260000.0,1.4483969999972146,False,heuristic,Box4,1,13260000.0,13260000.0,20.94375200000087,True,optimal
1767,6,Box8,1,14616000.0,14616000.0,193.15,False,Box5,1,20774000.0,20774000.0,1.5144800000044256,False,heuristic,Box8,1,14616000.0,14616000.0,16.055885000000103,True,optimal
1768,2,Box5,1,20774000.0,20774000.0,165.44,False,Box5,1,20774000.0,20774000.0,0.4200769999940235,False,heuristic,Box5,1,20774000.0,20774000.0,3.7407859999945003,True,optimal
1769,4,Box2,1,5278500.0,5278500.0,201.26,False,Box2,1,5278500.0,5278500.0,0.3142639999964558,False,heuristic,Box2,1,5278500.0,5278500.0,7.137028000002488,True,optimal
1770,6,Box8,1,14616000.0,14616000.0,178.42,False,Box8,1,14616000.0,14616000.0,0.4451539999976717,False,heuristic,Box8,1,14616000.0,14616000.0,15.498897000000511,True,optimal
1771,7,Box5,1,20774000.0,20774000.0,168.54,False,Box5,1,20774000.0,20774000.0,2.5828770000018153,False,heuristic,Box8,1,14616000.0,14616000.0,26.562654999999324,True,optimal
1772,5,Box8,1,14616000.0,14616000.0,185.93,False,Box8,1,14616000.0,14616000.0,1.9740679999955546,False,heuristic,Box8,1,14616000.0,14616000.0,13.206291999999564,True,optimal
1773,11,Box9,1,42504000.0,42504000.0,323.98,False,Box9,1,42504000.0,42504000.0,2.601881000003914,False,heuristic,Box9,1,42504000.0,42504000.0,52.07150799999738,True,optimal
1774,8,Box8,1,14616000.0,14616000.0,161.43,False,Box8,1,14616000.0,14616000.0,0.8432569999996531,False,heuristic,Box8,1,14616000.0,14616000.0,32.3828459999973,True,optimal
1775,6,Box4,1,13260000.0,13260000.0,170.15,False,Box2,1,5278500.0,5278500.0,0.4980470000006676,False,heuristic,Box2,1,5278500.0,5278500.0,15.29026100000408,True,optimal
1776,6,Box5,1,20774000.0,20774000.0,162.56,False,Box5,1,20774000.0,20774000.0,0.543134000004386,False,heuristic,Box5,1,20774000.0,20774000.0,15.16275499999864,True,optimal
1777,9,Box9,1,42504000.0,42504000.0,193.08,False,Box9,1,42504000.0,42504000.0,1.7172310000006519,False,heuristic,Box9,1,42504000.0,42504000.0,36.57129200000497,True,optimal
1778,6,"Box9,Box9,Box9",3,127512000.0,42504000.0,298.67,False,"Box6,Box9,Box6,Box5,Box5",5,133556000.0,42504000.0,1.4754059999972924,False,heuristic,"Box9,Box9,Box9",3,127512000.0,42504000.0,1403.7976249999956,True,optimal
1779,5,"Box9,Box5",2,63278000.0,42504000.0,253.7,False,"Box9,Box5",2,63278000.0,42504000.0,0.7584830000055831,False,heuristic,"Box5,Box9",2,63278000.0,42504000.0,158.28689500000337,True,optimal
1780,5,Box2,1,5278500.0,5278500.0,210.07,False,Box2,1,5278500.0,5278500.0,0.3964879999998061,False,heuristic,Box2,1,5278500.0,5278500.0,11.156447999994157,True,optimal
1781,12,Box4,1,13260000.0,13260000.0,191.12,False,Box4,1,13260000.0,13260000.0,3.1631559999993897,False,heuristic,Box4,1,13260000.0,13260000.0,58.504878000000815,True,optimal
1782,2,Box2,1,5278500.0,5278500.0,200.35,False,Box2,1,5278500.0,5278500.0,0.1955809999998337,False,heuristic,Box2,1,5278500.0,5278500.0,3.687884999997948,True,optimal
1783,6,Box4,1,13260000.0,13260000.0,195.09,False,Box4,1,13260000.0,13260000.0,1.9263909999978068,False,heuristic,Box4,1,13260000.0,13260000.0,28.56306700000033,True,optimal
1784,5,Box8,1,14616000.0,14616000.0,169.53,False,Box8,1,14616000.0,14616000.0,0.6664120000010598,False,heuristic,Box8,1,14616000.0,14616000.0,14.208496000001958,True,optimal
1785,12,Box5,1,20774000.0,20774000.0,340.78,False,Box5,1,20774000.0,20774000.0,2.8043320000037397,False,heuristic,Box5,1,20774000.0,20774000.0,67.03666099999595,True,optimal
1786,7,Box8,1,14616000.0,14616000.0,178.03,False,Box8,1,14616000.0,14616000.0,0.8368259999969041,False,heuristic,Box8,1,14616000.0,14616000.0,23.207863999999745,True,optimal
1787,9,Box8,1,14616000.0,14616000.0,186.05,False,Box8,1,14616000.0,14616000.0,6.24937999999986,False,heuristic,Box8,1,14616000.0,14616000.0,45.813849999994716,True,optimal
1788,2,Box2,1,5278500.0,5278500.0,206.65,False,Box2,1,5278500.0,5278500.0,0.18582199999883642,False,heuristic,Box2,1,5278500.0,5278500.0,2.096506000000886,True,optimal
1789,4,Box2,1,5278500.0,5278500.0,176.6,False,Box2,1,5278500.0,5278500.0,0.35187299999961397,False,heuristic,Box2,1,5278500.0,5278500.0,7.50954200000109,True,optimal
1790,5,Box2,1,5278500.0,5278500.0,190.62,False,Box4,1,13260000.0,13260000.0,1.7376300000009337,False,heuristic,Box2,1,5278500.0,5278500.0,11.810654999997894,True,optimal
1791,5,Box2,1,5278500.0,5278500.0,174.22,False,Box2,1,5278500.0,5278500.0,0.33753800000368983,False,heuristic,Box2,1,5278500.0,5278500.0,10.210712000002786,True,optimal
1792,7,Box5,1,20774000.0,20774000.0,305.15,False,Box5,1,20774000.0,20774000.0,1.0116720000041823,False,heuristic,Box5,1,20774000.0,20774000.0,23.388638000000128,True,optimal
1793,6,Box6,1,24752000.0,24752000.0,201.85,False,Box9,1,42504000.0,42504000.0,1.9308070000008115,False,heuristic,Box6,1,24752000.0,24752000.0,25.368719999995903,True,optimal
1794,4,Box8,1,14616000.0,14616000.0,209.88,False,Box8,1,14616000.0,14616000.0,0.4737069999976029,False,heuristic,Box8,1,14616000.0,14616000.0,9.54828899999427,True,optimal
1795,13,Box5,1,20774000.0,20774000.0,348.87,False,Box5,1,20774000.0,20774000.0,3.329630999999722,False,heuristic,Box5,1,20774000.0,20774000.0,72.31871799999823,True,optimal
1796,2,Box2,1,5278500.0,5278500.0,197.43,False,Box2,1,5278500.0,5278500.0,0.16923500000132208,False,heuristic,Box2,1,5278500.0,5278500.0,2.5469649999934063,True,optimal
1797,3,Box2,1,5278500.0,5278500.0,482.5,False,Box2,1,5278500.0,5278500.0,0.2815080000004855,False,heuristic,Box2,1,5278500.0,5278500.0,5.446860999995806,True,optimal
1798,4,Box4,1,13260000.0,13260000.0,199.83,False,Box4,1,13260000.0,13260000.0,0.29252000000212774,False,heuristic,Box4,1,13260000.0,13260000.0,8.106741999995393,True,optimal
1799,6,Box6,1,24752000.0,24752000.0,321.68,False,Box8,1,14616000.0,14616000.0,0.41825799999628543,False,heuristic,Box8,1,14616000.0,14616000.0,14.683054000002471,True,optimal
1800,1,Box4,1,13260000.0,13260000.0,165.02,False,Box4,1,13260000.0,13260000.0,0.09125300000079051,False,heuristic,Box4,1,13260000.0,13260000.0,0.7218880000010586,True,optimal
1801,4,Box2,1,5278500.0,5278500.0,173.36,False,Box2,1,5278500.0,5278500.0,0.34593099999824517,False,heuristic,Box2,1,5278500.0,5278500.0,8.728946000005067,True,optimal
1802,5,Box4,1,13260000.0,13260000.0,192.36,False,Box4,1,13260000.0,13260000.0,1.4595499999927597,False,heuristic,Box4,1,13260000.0,13260000.0,19.96660399998973,True,optimal
1803,6,Box8,1,14616000.0,14616000.0,174.04,False,Box5,1,20774000.0,20774000.0,2.1128269999906024,False,heuristic,Box8,1,14616000.0,14616000.0,18.101164000000836,True,optimal
1804,5,Box8,1,14616000.0,14616000.0,186.0,False,Box8,1,14616000.0,14616000.0,0.4722890000010693,False,heuristic,Box8,1,14616000.0,14616000.0,11.07916300000511,True,optimal
1805,6,Box8,1,14616000.0,14616000.0,176.11,False,Box8,1,14616000.0,14616000.0,0.6855440000066437,False,heuristic,Box8,1,14616000.0,14616000.0,14.202925000006417,True,optimal
1806,7,Box9,1,42504000.0,42504000.0,183.39,False,Box9,1,42504000.0,42504000.0,1.3340839999926857,False,heuristic,Box6,1,24752000.0,24752000.0,19.191806999998562,True,optimal
1807,10,Box9,1,42504000.0,42504000.0,184.64,False,Box9,1,42504000.0,42504000.0,1.384989000001724,False,heuristic,Box9,1,42504000.0,42504000.0,35.623619999995526,True,optimal
1808,10,Box9,1,42504000.0,42504000.0,190.63,False,Box9,1,42504000.0,42504000.0,1.2804440000024897,False,heuristic,Box9,1,42504000.0,42504000.0,32.206924999997,True,optimal
1809,8,Box5,1,20774000.0,20774000.0,202.97,False,Box6,1,24752000.0,24752000.0,1.9402810000030968,False,heuristic,Box8,1,14616000.0,14616000.0,25.897589000010157,True,optimal
1810,4,Box6,1,24752000.0,24752000.0,158.98,False,Box6,1,24752000.0,24752000.0,0.9244080000030408,False,heuristic,Box6,1,24752000.0,24752000.0,12.708423999995944,True,optimal
1811,3,Box2,1,5278500.0,5278500.0,211.32,False,Box2,1,5278500.0,5278500.0,0.24260899999717367,False,heuristic,Box2,1,5278500.0,5278500.0,4.66682500000104,True,optimal
1812,4,Box2,1,5278500.0,5278500.0,196.34,False,Box2,1,5278500.0,5278500.0,0.2605859999960103,False,heuristic,Box2,1,5278500.0,5278500.0,6.144771999998966,True,optimal
1813,5,Box8,1,14616000.0,14616000.0,211.24,False,Box8,1,14616000.0,14616000.0,1.331649999997353,False,heuristic,Box8,1,14616000.0,14616000.0,12.98836799999492,True,optimal
1814,4,Box6,1,24752000.0,24752000.0,190.55,False,Box6,1,24752000.0,24752000.0,0.9283840000051669,False,heuristic,Box6,1,24752000.0,24752000.0,10.32007999999962,True,optimal
1815,6,Box5,1,20774000.0,20774000.0,185.8,False,Box5,1,20774000.0,20774000.0,1.5626920000073596,False,heuristic,Box5,1,20774000.0,20774000.0,26.644603999997685,True,optimal
1816,12,Box9,1,42504000.0,42504000.0,203.97,False,Box9,1,42504000.0,42504000.0,2.287444000003802,False,heuristic,Box9,1,42504000.0,42504000.0,50.41502699999967,True,optimal
1817,7,Box5,1,20774000.0,20774000.0,181.14,False,Box5,1,20774000.0,20774000.0,2.266242999994006,False,heuristic,Box5,1,20774000.0,20774000.0,30.746002999990196,True,optimal
1818,10,Box9,1,42504000.0,42504000.0,179.65,False,Box9,1,42504000.0,42504000.0,1.0191380000037498,False,heuristic,Box9,1,42504000.0,42504000.0,33.65979500000549,True,optimal
1819,2,Box9,1,42504000.0,42504000.0,162.23,False,Box9,1,42504000.0,42504000.0,0.11337799999466824,False,heuristic,Box9,1,42504000.0,42504000.0,2.2278760000062903,True,optimal
1820,6,Box4,1,13260000.0,13260000.0,173.08,False,Box4,1,13260000.0,13260000.0,0.5524379999997109,False,heuristic,Box4,1,13260000.0,13260000.0,14.998402999992777,True,optimal
1821,5,Box6,1,24752000.0,24752000.0,209.5,False,Box6,1,24752000.0,24752000.0,1.2311010000018996,False,heuristic,Box6,1,24752000.0,24752000.0,18.028736000005097,True,optimal
1822,4,Box4,1,13260000.0,13260000.0,166.78,False,Box4,1,13260000.0,13260000.0,1.0031650000001946,False,heuristic,Box4,1,13260000.0,13260000.0,11.902852000005737,True,optimal
1823,3,Box4,1,13260000.0,13260000.0,171.36,False,Box4,1,13260000.0,13260000.0,0.6155109999923525,False,heuristic,Box4,1,13260000.0,13260000.0,5.773852999993778,True,optimal
1824,8,Box9,1,42504000.0,42504000.0,185.69,False,Box9,1,42504000.0,42504000.0,0.8774880000004259,False,heuristic,Box9,1,42504000.0,42504000.0,24.953643000003467,True,optimal
1825,6,Box4,1,13260000.0,13260000.0,195.93,False,Box4,1,13260000.0,13260000.0,0.43589499999541204,False,heuristic,Box4,1,13260000.0,13260000.0,14.067044000000806,True,optimal
1826,6,Box4,1,13260000.0,13260000.0,165.88,False,Box4,1,13260000.0,13260000.0,1.5672290000026123,False,heuristic,Box4,1,13260000.0,13260000.0,26.82134599999131,True,optimal
1827,5,Box4,1,13260000.0,13260000.0,208.53,False,Box4,1,13260000.0,13260000.0,1.2911209999941775,False,heuristic,Box4,1,13260000.0,13260000.0,17.33960600000728,True,optimal
1828,10,Box9,1,42504000.0,42504000.0,196.32,False,Box9,1,42504000.0,42504000.0,1.533459000000903,False,heuristic,Box9,1,42504000.0,42504000.0,33.558143999997014,True,optimal
1829,5,Box4,1,13260000.0,13260000.0,195.22,False,Box4,1,13260000.0,13260000.0,0.433561999997778,False,heuristic,Box4,1,13260000.0,13260000.0,11.568026999995595,True,optimal
1830,3,Box8,1,14616000.0,14616000.0,205.21,False,Box8,1,14616000.0,14616000.0,0.6098329999986163,False,heuristic,Box8,1,14616000.0,14616000.0,5.666053999988208,True,optimal
1831,8,Box4,1,13260000.0,13260000.0,159.92,False,Box4,1,13260000.0,13260000.0,0.9128010000125641,False,heuristic,Box4,1,13260000.0,13260000.0,19.710004000003778,True,optimal
1832,5,Box5,1,20774000.0,20774000.0,171.02,False,Box8,1,14616000.0,14616000.0,1.0309449999965636,False,heuristic,Box8,1,14616000.0,14616000.0,12.90380299998617,True,optimal
1833,4,Box2,1,5278500.0,5278500.0,373.42,False,Box2,1,5278500.0,5278500.0,0.23440699999355274,False,heuristic,Box2,1,5278500.0,5278500.0,5.92106099999512,True,optimal
1834,6,Box8,1,14616000.0,14616000.0,199.2,False,Box8,1,14616000.0,14616000.0,0.5312460000084229,False,heuristic,Box8,1,14616000.0,14616000.0,12.340168999998014,True,optimal
1835,7,Box6,1,24752000.0,24752000.0,165.76,False,Box6,1,24752000.0,24752000.0,0.977837000007753,False,heuristic,Box6,1,24752000.0,24752000.0,18.25406999999757,True,optimal
1836,4,Box2,1,5278500.0,5278500.0,164.79,False,Box2,1,5278500.0,5278500.0,0.23104199999579578,False,heuristic,Box2,1,5278500.0,5278500.0,4.75025900000503,True,optimal
1837,4,Box8,1,14616000.0,14616000.0,174.29,False,Box8,1,14616000.0,14616000.0,0.16682700000103523,False,heuristic,Box8,1,14616000.0,14616000.0,4.484025000010661,True,optimal
1838,5,Box2,1,5278500.0,5278500.0,195.33,False,Box2,1,5278500.0,5278500.0,0.29146100000332353,False,heuristic,Box2,1,5278500.0,5278500.0,8.552075000011428,True,optimal
1839,2,Box2,1,5278500.0,5278500.0,203.56,False,Box2,1,5278500.0,5278500.0,0.17417799999464023,False,heuristic,Box2,1,5278500.0,5278500.0,2.031065999986481,True,optimal
1840,2,Box2,1,5278500.0,5278500.0,164.96,False,Box2,1,5278500.0,5278500.0,0.13187500000810815,False,heuristic,Box2,1,5278500.0,5278500.0,2.224210999997922,True,optimal
1841,7,Box4,1,13260000.0,13260000.0,166.54,False,Box8,1,14616000.0,14616000.0,2.4239469999969288,False,heuristic,Box4,1,13260000.0,13260000.0,23.362128000002258,True,optimal
1842,8,Box9,1,42504000.0,42504000.0,299.62,False,Box9,1,42504000.0,42504000.0,1.0147710000012466,False,heuristic,Box9,1,42504000.0,42504000.0,19.829820999987646,True,optimal
1843,8,Box8,1,14616000.0,14616000.0,203.96,False,Box8,1,14616000.0,14616000.0,3.581097999997951,False,heuristic,Box8,1,14616000.0,14616000.0,26.60556700000427,True,optimal
1844,5,Box4,1,13260000.0,13260000.0,175.87,False,Box4,1,13260000.0,13260000.0,0.48732099999426737,False,heuristic,Box4,1,13260000.0,13260000.0,12.158009999993169,True,optimal
1845,6,Box2,1,5278500.0,5278500.0,197.03,False,Box2,1,5278500.0,5278500.0,0.43135800000015934,False,heuristic,Box2,1,5278500.0,5278500.0,12.91446899999471,True,optimal
1846,7,Box8,1,14616000.0,14616000.0,174.25,False,Box8,1,14616000.0,14616000.0,0.5599889999956531,False,heuristic,Box8,1,14616000.0,14616000.0,16.3026320000057,True,optimal
1847,7,"Box9,Box4",2,55764000.0,42504000.0,218.42,False,"Box6,Box9",2,67256000.0,42504000.0,0.7750170000093703,False,heuristic,"Box4,Box9",2,55764000.0,42504000.0,91.19997700000226,True,optimal
1848,10,Box9,1,42504000.0,42504000.0,335.31,False,Box9,1,42504000.0,42504000.0,1.730259999987993,False,heuristic,Box9,1,42504000.0,42504000.0,33.35693900000081,True,optimal
1849,9,Box9,1,42504000.0,42504000.0,212.07,False,"Box9,Box4",2,55764000.0,42504000.0,1.2574510000007422,False,heuristic,Box9,1,42504000.0,42504000.0,26.276852999998823,True,optimal
1850,12,Box5,1,20774000.0,20774000.0,199.69,False,Box5,1,20774000.0,20774000.0,2.2465539999956263,False,heuristic,Box5,1,20774000.0,20774000.0,54.05711000000224,True,optimal
1851,7,Box8,1,14616000.0,14616000.0,171.26,False,Box8,1,14616000.0,14616000.0,1.3047810000017535,False,heuristic,Box8,1,14616000.0,14616000.0,21.268981999995162,True,optimal
1852,5,Box4,1,13260000.0,13260000.0,200.37,False,Box4,1,13260000.0,13260000.0,1.3063029999926812,False,heuristic,Box4,1,13260000.0,13260000.0,16.35885700000017,True,optimal
1853,5,Box4,1,13260000.0,13260000.0,181.02,False,Box4,1,13260000.0,13260000.0,0.40774400000032074,False,heuristic,Box4,1,13260000.0,13260000.0,9.464915000009455,True,optimal
1854,6,Box4,1,13260000.0,13260000.0,201.55,False,Box4,1,13260000.0,13260000.0,1.6465260000018134,False,heuristic,Box4,1,13260000.0,13260000.0,22.472934000006717,True,optimal
1855,4,Box2,1,5278500.0,5278500.0,205.93,False,Box2,1,5278500.0,5278500.0,0.2994729999983292,False,heuristic,Box2,1,5278500.0,5278500.0,6.439217999997027,True,optimal
1856,2,Box2,1,5278500.0,5278500.0,165.88,False,Box2,1,5278500.0,5278500.0,0.15277700001092853,False,heuristic,Box2,1,5278500.0,5278500.0,1.733955000005949,True,optimal
1857,6,Box4,1,13260000.0,13260000.0,178.26,False,Box4,1,13260000.0,13260000.0,1.5442250000035074,False,heuristic,Box4,1,13260000.0,13260000.0,25.062705999999935,True,optimal
1858,2,Box9,1,42504000.0,42504000.0,181.33,False,Box9,1,42504000.0,42504000.0,0.10543700000198442,False,heuristic,Box9,1,42504000.0,42504000.0,2.44179300000269,True,optimal
1859,3,Box4,1,13260000.0,13260000.0,247.47,False,Box4,1,13260000.0,13260000.0,0.16421300000502015,False,heuristic,Box4,1,13260000.0,13260000.0,3.6744570000024623,True,optimal
1860,4,Box4,1,13260000.0,13260000.0,180.74,False,Box4,1,13260000.0,13260000.0,0.27143200000523393,False,heuristic,Box4,1,13260000.0,13260000.0,5.862855000003719,True,optimal
1861,2,Box8,1,14616000.0,14616000.0,206.61,False,Box8,1,14616000.0,14616000.0,0.10962300000016967,False,heuristic,Box8,1,14616000.0,14616000.0,2.9282429999994974,True,optimal
1862,4,Box4,1,13260000.0,13260000.0,196.3,False,Box4,1,13260000.0,13260000.0,1.0447460000051478,False,heuristic,Box4,1,13260000.0,13260000.0,11.767904000009821,True,optimal
1863,7,Box9,1,42504000.0,42504000.0,312.34,False,Box9,1,42504000.0,42504000.0,0.9116590000104452,False,heuristic,Box9,1,42504000.0,42504000.0,16.15357300001108,True,optimal
1864,5,Box4,1,13260000.0,13260000.0,180.39,False,Box4,1,13260000.0,13260000.0,0.3963370000121813,False,heuristic,Box4,1,13260000.0,13260000.0,9.478505999993558,True,optimal
1865,8,Box6,1,24752000.0,24752000.0,295.41,False,Box6,1,24752000.0,24752000.0,1.217792000005602,False,heuristic,Box6,1,24752000.0,24752000.0,22.187741999999844,True,optimal
1866,4,Box5,1,20774000.0,20774000.0,368.04,False,Box5,1,20774000.0,20774000.0,0.2638000000132479,False,heuristic,Box5,1,20774000.0,20774000.0,5.568789999998103,True,optimal
1867,4,Box6,1,24752000.0,24752000.0,240.25,False,Box9,1,42504000.0,42504000.0,0.5283520000034514,False,heuristic,Box6,1,24752000.0,24752000.0,6.0442740000041795,True,optimal
1868,6,Box4,1,13260000.0,13260000.0,201.93,False,Box4,1,13260000.0,13260000.0,1.7018479999961755,False,heuristic,Box4,1,13260000.0,13260000.0,22.542416999996817,True,optimal
1869,5,Box4,1,13260000.0,13260000.0,189.13,False,Box4,1,13260000.0,13260000.0,0.2960779999909846,False,heuristic,Box4,1,13260000.0,13260000.0,8.835273999991955,True,optimal
1870,4,Box4,1,13260000.0,13260000.0,213.16,False,Box4,1,13260000.0,13260000.0,0.8112900000014633,False,heuristic,Box4,1,13260000.0,13260000.0,10.698241000000053,True,optimal
1871,2,Box2,1,5278500.0,5278500.0,186.7,False,Box2,1,5278500.0,5278500.0,0.14024700000447865,False,heuristic,Box2,1,5278500.0,5278500.0,1.5534589999930404,True,optimal
1872,4,Box2,1,5278500.0,5278500.0,164.65,False,Box2,1,5278500.0,5278500.0,0.24228899999911846,False,heuristic,Box2,1,5278500.0,5278500.0,5.068419000011204,True,optimal
1873,5,Box8,1,14616000.0,14616000.0,180.4,False,Box8,1,14616000.0,14616000.0,1.4791290000033541,False,heuristic,Box8,1,14616000.0,14616000.0,11.00397300000111,True,optimal
1874,4,Box4,1,13260000.0,13260000.0,193.85,False,Box4,1,13260000.0,13260000.0,0.9406319999953894,False,heuristic,Box4,1,13260000.0,13260000.0,11.551742999998282,True,optimal
1875,11,Box8,1,14616000.0,14616000.0,197.4,False,Box8,1,14616000.0,14616000.0,2.0088330000049837,False,heuristic,Box8,1,14616000.0,14616000.0,47.9206290000036,True,optimal
1876,4,Box2,1,5278500.0,5278500.0,182.17,False,Box2,1,5278500.0,5278500.0,0.2729340000087177,False,heuristic,Box2,1,5278500.0,5278500.0,7.154677000002607,True,optimal
1877,5,Box8,1,14616000.0,14616000.0,197.09,False,Box8,1,14616000.0,14616000.0,1.7425789999947483,False,heuristic,Box8,1,14616000.0,14616000.0,12.296865999999795,True,optimal
1878,4,Box2,1,5278500.0,5278500.0,188.68,False,Box2,1,5278500.0,5278500.0,0.24319999999988795,False,heuristic,Box2,1,5278500.0,5278500.0,6.110952000000225,True,optimal
1879,5,Box4,1,13260000.0,13260000.0,170.65,False,Box4,1,13260000.0,13260000.0,1.1892599999896447,False,heuristic,Box4,1,13260000.0,13260000.0,14.387920000004328,True,optimal
1880,10,Box8,1,14616000.0,14616000.0,170.1,False,Box8,1,14616000.0,14616000.0,1.7594340000073316,False,heuristic,Box8,1,14616000.0,14616000.0,38.39408300000002,True,optimal
1881,8,Box8,1,14616000.0,14616000.0,182.74,False,Box8,1,14616000.0,14616000.0,0.9135610000043926,False,heuristic,Box8,1,14616000.0,14616000.0,23.714470000001597,True,optimal
1882,21,"Box9,Box2",2,47782500.0,42504000.0,441.99,True,"Box4,Box9",2,55764000.0,42504000.0,24.436910000005696,False,heuristic,"Box4,Box9",2,55764000.0,42504000.0,579.8138810000069,True,optimal
1883,21,"Box9,Box2",2,47782500.0,42504000.0,433.85,True,"Box4,Box9",2,55764000.0,42504000.0,24.52333800000872,False,heuristic,"Box4,Box9",2,55764000.0,42504000.0,565.8103200000113,True,optimal
1884,21,"Box9,Box2",2,47782500.0,42504000.0,472.76,True,"Box4,Box9",2,55764000.0,42504000.0,24.54364799999098,False,heuristic,"Box4,Box9",2,55764000.0,42504000.0,567.6524849999964,True,optimal
1885,21,"Box9,Box2",2,47782500.0,42504000.0,456.99,True,"Box4,Box9",2,55764000.0,42504000.0,24.196834999997918,False,heuristic,"Box4,Box9",2,55764000.0,42504000.0,569.1265669999979,True,optimal
1886,21,"Box9,Box2",2,47782500.0,42504000.0,420.34,True,"Box4,Box9",2,55764000.0,42504000.0,24.408558000004632,False,heuristic,"Box4,Box9",2,55764000.0,42504000.0,569.2155990000032,True,optimal
1887,21,"Box9,Box2",2,47782500.0,42504000.0,421.5,True,"Box4,Box9",2,55764000.0,42504000.0,24.485511999998266,False,heuristic,"Box4,Box9",2,55764000.0,42504000.0,569.7124339999959,True,optimal
1888,21,"Box9,Box2",2,47782500.0,42504000.0,506.14,True,"Box4,Box9",2,55764000.0,42504000.0,24.34269099998687,False,heuristic,"Box4,Box9",2,55764000.0,42504000.0,571.9565549999999,True,optimal
1889,21,"Box9,Box2",2,47782500.0,42504000.0,457.87,True,"Box4,Box9",2,55764000.0,42504000.0,24.15517299999692,False,heuristic,"Box4,Box9",2,55764000.0,42504000.0,568.7897889999931,True,optimal
1890,21,"Box9,Box2",2,47782500.0,42504000.0,438.07,True,"Box4,Box9",2,55764000.0,42504000.0,24.451911999989306,False,heuristic,"Box4,Box9",2,55764000.0,42504000.0,570.2302899999978,True,optimal
1891,21,"Box9,Box2",2,47782500.0,42504000.0,875.37,True,"Box4,Box9",2,55764000.0,42504000.0,24.436718999993445,False,heuristic,"Box4,Box9",2,55764000.0,42504000.0,573.4745110000006,True,optimal
1892,21,"Box9,Box2",2,47782500.0,42504000.0,450.43,True,"Box4,Box9",2,55764000.0,42504000.0,24.502427000001603,False,heuristic,"Box4,Box9",2,55764000.0,42504000.0,570.6770910000074,True,optimal
1893,21,"Box9,Box2",2,47782500.0,42504000.0,425.32,True,"Box4,Box9",2,55764000.0,42504000.0,24.497199000009573,False,heuristic,"Box4,Box9",2,55764000.0,42504000.0,567.2179529999966,True,optimal
1894,21,"Box9,Box2",2,47782500.0,42504000.0,437.34,True,"Box4,Box9",2,55764000.0,42504000.0,24.263953999991372,False,heuristic,"Box4,Box9",2,55764000.0,42504000.0,570.7558000000006,True,optimal
1895,21,"Box9,Box2",2,47782500.0,42504000.0,457.42,True,"Box4,Box9",2,55764000.0,42504000.0,24.55636500000935,False,heuristic,"Box4,Box9",2,55764000.0,42504000.0,581.7104709999938,True,optimal
1896,21,"Box9,Box2",2,47782500.0,42504000.0,431.81,True,"Box4,Box9",2,55764000.0,42504000.0,24.557586999989667,False,heuristic,"Box4,Box9",2,55764000.0,42504000.0,570.6752629999983,True,optimal
1897,21,"Box9,Box2",2,47782500.0,42504000.0,424.62,True,"Box4,Box9",2,55764000.0,42504000.0,24.309309000003054,False,heuristic,"Box4,Box9",2,55764000.0,42504000.0,568.3053159999929,True,optimal
1898,21,"Box9,Box2",2,47782500.0,42504000.0,434.43,True,"Box4,Box9",2,55764000.0,42504000.0,24.471267999999213,False,heuristic,"Box4,Box9",2,55764000.0,42504000.0,573.6926179999955,True,optimal
1899,21,"Box9,Box2",2,47782500.0,42504000.0,441.43,True,"Box4,Box9",2,55764000.0,42504000.0,24.170062999999686,False,heuristic,"Box4,Box9",2,55764000.0,42504000.0,571.8126459999979,True,optimal
1900,21,"Box9,Box2",2,47782500.0,42504000.0,445.65,True,"Box4,Box9",2,55764000.0,42504000.0,24.24805799999774,False,heuristic,"Box4,Box9",2,55764000.0,42504000.0,582.4852169999986,True,optimal
1901,21,"Box9,Box2",2,47782500.0,42504000.0,447.68,True,"Box4,Box9",2,55764000.0,42504000.0,34.29126200000354,False,heuristic,"Box4,Box9",2,55764000.0,42504000.0,781.3221950000013,True,optimal
1902,8,Box5,1,20774000.0,20774000.0,186.09,False,Box5,1,20774000.0,20774000.0,1.6215099999996596,False,heuristic,Box5,1,20774000.0,20774000.0,34.819724999998414,True,optimal
1903,21,"Box9,Box2",2,47782500.0,42504000.0,439.23,True,"Box4,Box9",2,55764000.0,42504000.0,33.781879999999376,False,heuristic,"Box4,Box9",2,55764000.0,42504000.0,774.9822560000013,True,optimal
1904,21,"Box9,Box2",2,47782500.0,42504000.0,478.56,True,"Box4,Box9",2,55764000.0,42504000.0,33.89036200000106,False,heuristic,"Box4,Box9",2,55764000.0,42504000.0,772.7944989999997,True,optimal
1905,21,"Box9,Box2",2,47782500.0,42504000.0,447.03,True,"Box4,Box9",2,55764000.0,42504000.0,34.08615800000092,False,heuristic,"Box4,Box9",2,55764000.0,42504000.0,776.2721560000045,True,optimal
1906,21,"Box9,Box2",2,47782500.0,42504000.0,432.89,True,"Box4,Box9",2,55764000.0,42504000.0,33.95302900000274,False,heuristic,"Box4,Box9",2,55764000.0,42504000.0,783.5661350000009,True,optimal
1907,21,"Box9,Box2",2,47782500.0,42504000.0,408.01,True,"Box4,Box9",2,55764000.0,42504000.0,33.84101000000328,False,heuristic,"Box4,Box9",2,55764000.0,42504000.0,783.0836420000012,True,optimal
1908,21,"Box9,Box2",2,47782500.0,42504000.0,423.65,True,"Box4,Box9",2,55764000.0,42504000.0,33.77109999999561,False,heuristic,"Box4,Box9",2,55764000.0,42504000.0,803.234633999999,True,optimal
1909,21,"Box9,Box2",2,47782500.0,42504000.0,456.58,True,"Box4,Box9",2,55764000.0,42504000.0,33.92616000000004,False,heuristic,"Box4,Box9",2,55764000.0,42504000.0,777.1984070000002,True,optimal
1910,21,"Box9,Box2",2,47782500.0,42504000.0,701.42,True,"Box4,Box9",2,55764000.0,42504000.0,34.47525499999671,False,heuristic,"Box4,Box9",2,55764000.0,42504000.0,779.053513000001,True,optimal
1911,21,"Box9,Box2",2,47782500.0,42504000.0,419.81,True,"Box4,Box9",2,55764000.0,42504000.0,34.067333999999505,False,heuristic,"Box4,Box9",2,55764000.0,42504000.0,778.1615969999933,True,optimal
1912,21,"Box9,Box2",2,47782500.0,42504000.0,435.22,True,"Box4,Box9",2,55764000.0,42504000.0,34.000908999999524,False,heuristic,"Box4,Box9",2,55764000.0,42504000.0,777.2996690000014,True,optimal
1913,21,"Box9,Box2",2,47782500.0,42504000.0,449.17,True,"Box4,Box9",2,55764000.0,42504000.0,34.14497699999686,False,heuristic,"Box4,Box9",2,55764000.0,42504000.0,779.9417230000004,True,optimal
1914,21,"Box9,Box2",2,47782500.0,42504000.0,418.67,True,"Box4,Box9",2,55764000.0,42504000.0,34.11091199999561,False,heuristic,"Box4,Box9",2,55764000.0,42504000.0,781.6774899999998,True,optimal
1915,21,"Box9,Box2",2,47782500.0,42504000.0,438.18,True,"Box4,Box9",2,55764000.0,42504000.0,34.188305999997226,False,heuristic,"Box4,Box9",2,55764000.0,42504000.0,776.8793569999985,True,optimal
1916,21,"Box9,Box2",2,47782500.0,42504000.0,466.95,True,"Box4,Box9",2,55764000.0,42504000.0,34.100932000001194,False,heuristic,"Box4,Box9",2,55764000.0,42504000.0,778.5251580000008,True,optimal
1917,21,"Box9,Box2",2,47782500.0,42504000.0,449.79,True,"Box4,Box9",2,55764000.0,42504000.0,33.809005999998476,False,heuristic,"Box4,Box9",2,55764000.0,42504000.0,778.2192250000008,True,optimal
1918,21,"Box9,Box2",2,47782500.0,42504000.0,419.92,True,"Box4,Box9",2,55764000.0,42504000.0,34.099490000002675,False,heuristic,"Box4,Box9",2,55764000.0,42504000.0,797.3560420000041,True,optimal
1919,21,"Box9,Box2",2,47782500.0,42504000.0,449.89,True,"Box4,Box9",2,55764000.0,42504000.0,33.93522200001087,False,heuristic,"Box4,Box9",2,55764000.0,42504000.0,780.9511090000001,True,optimal
1920,21,"Box9,Box2",2,47782500.0,42504000.0,443.85,True,"Box4,Box9",2,55764000.0,42504000.0,34.151086999997915,False,heuristic,"Box4,Box9",2,55764000.0,42504000.0,782.3608740000054,True,optimal
1921,21,"Box9,Box2",2,47782500.0,42504000.0,432.65,True,"Box4,Box9",2,55764000.0,42504000.0,34.592692999993346,False,heuristic,"Box4,Box9",2,55764000.0,42504000.0,777.2025710000037,True,optimal
1922,21,"Box9,Box2",2,47782500.0,42504000.0,425.63,True,"Box4,Box9",2,55764000.0,42504000.0,34.20835000000011,False,heuristic,"Box4,Box9",2,55764000.0,42504000.0,772.688549999998,True,optimal
1923,21,"Box9,Box2",2,47782500.0,42504000.0,431.74,True,"Box4,Box9",2,55764000.0,42504000.0,33.97593399999721,False,heuristic,"Box4,Box9",2,55764000.0,42504000.0,776.7803640000039,True,optimal
1924,21,"Box9,Box2",2,47782500.0,42504000.0,442.81,True,"Box4,Box9",2,55764000.0,42504000.0,34.1427259999989,False,heuristic,"Box4,Box9",2,55764000.0,42504000.0,777.3989119999953,True,optimal
1925,21,"Box9,Box2",2,47782500.0,42504000.0,452.91,True,"Box4,Box9",2,55764000.0,42504000.0,34.277197999998066,False,heuristic,"Box4,Box9",2,55764000.0,42504000.0,773.2200260000042,True,optimal
1926,21,"Box9,Box2",2,47782500.0,42504000.0,442.34,True,"Box4,Box9",2,55764000.0,42504000.0,33.988527999994744,False,heuristic,"Box4,Box9",2,55764000.0,42504000.0,774.5426219999985,True,optimal
1927,21,"Box9,Box2",2,47782500.0,42504000.0,454.41,True,"Box4,Box9",2,55764000.0,42504000.0,33.90058300000476,False,heuristic,"Box4,Box9",2,55764000.0,42504000.0,798.4616509999967,True,optimal
1928,21,"Box9,Box2",2,47782500.0,42504000.0,431.48,True,"Box4,Box9",2,55764000.0,42504000.0,33.927484000003005,False,heuristic,"Box4,Box9",2,55764000.0,42504000.0,774.5377530000042,True,optimal
1929,21,"Box9,Box2",2,47782500.0,42504000.0,776.96,True,"Box4,Box9",2,55764000.0,42504000.0,34.20281900000077,False,heuristic,"Box4,Box9",2,55764000.0,42504000.0,782.5415239999955,True,optimal
1930,21,"Box9,Box2",2,47782500.0,42504000.0,412.33,True,"Box4,Box9",2,55764000.0,42504000.0,34.785940999995546,False,heuristic,"Box4,Box9",2,55764000.0,42504000.0,788.8528340000107,True,optimal
1931,21,"Box9,Box2",2,47782500.0,42504000.0,427.14,True,"Box4,Box9",2,55764000.0,42504000.0,33.83348699999544,False,heuristic,"Box4,Box9",2,55764000.0,42504000.0,781.7472299999935,True,optimal
1932,21,"Box9,Box2",2,47782500.0,42504000.0,429.78,True,"Box4,Box9",2,55764000.0,42504000.0,34.26891699999146,False,heuristic,"Box4,Box9",2,55764000.0,42504000.0,781.090079000009,True,optimal
1933,21,"Box9,Box2",2,47782500.0,42504000.0,434.62,True,"Box4,Box9",2,55764000.0,42504000.0,34.010233999993034,False,heuristic,"Box4,Box9",2,55764000.0,42504000.0,783.5629110000042,True,optimal
1934,21,"Box9,Box2",2,47782500.0,42504000.0,435.63,True,"Box4,Box9",2,55764000.0,42504000.0,34.13111000000413,False,heuristic,"Box4,Box9",2,55764000.0,42504000.0,781.9048859999924,True,optimal
1935,21,"Box9,Box2",2,47782500.0,42504000.0,530.56,True,"Box4,Box9",2,55764000.0,42504000.0,34.04903599999898,False,heuristic,"Box4,Box9",2,55764000.0,42504000.0,778.8952279999961,True,optimal
1936,21,"Box9,Box2",2,47782500.0,42504000.0,476.89,True,"Box4,Box9",2,55764000.0,42504000.0,34.04208199999914,False,heuristic,"Box4,Box9",2,55764000.0,42504000.0,777.1983500000061,True,optimal
1937,21,"Box9,Box2",2,47782500.0,42504000.0,449.66,True,"Box4,Box9",2,55764000.0,42504000.0,33.831087999999454,False,heuristic,"Box4,Box9",2,55764000.0,42504000.0,776.5484229999942,True,optimal
1938,21,"Box9,Box2",2,47782500.0,42504000.0,465.47,True,"Box4,Box9",2,55764000.0,42504000.0,33.53417200000308,False,heuristic,"Box4,Box9",2,55764000.0,42504000.0,793.6001300000015,True,optimal
1939,21,"Box9,Box2",2,47782500.0,42504000.0,459.45,True,"Box4,Box9",2,55764000.0,42504000.0,33.80522899999505,False,heuristic,"Box4,Box9",2,55764000.0,42504000.0,792.8370730000012,True,optimal
1940,21,"Box9,Box2",2,47782500.0,42504000.0,435.41,True,"Box4,Box9",2,55764000.0,42504000.0,34.066628999994464,False,heuristic,"Box4,Box9",2,55764000.0,42504000.0,781.9404920000039,True,optimal
1941,21,"Box9,Box2",2,47782500.0,42504000.0,439.54,True,"Box4,Box9",2,55764000.0,42504000.0,33.78184500000714,False,heuristic,"Box4,Box9",2,55764000.0,42504000.0,778.9215560000002,True,optimal
1942,21,"Box9,Box2",2,47782500.0,42504000.0,443.09,True,"Box4,Box9",2,55764000.0,42504000.0,34.17080699999531,False,heuristic,"Box4,Box9",2,55764000.0,42504000.0,780.0965939999998,True,optimal
1943,21,"Box9,Box2",2,47782500.0,42504000.0,453.36,True,"Box4,Box9",2,55764000.0,42504000.0,33.764250999993806,False,heuristic,"Box4,Box9",2,55764000.0,42504000.0,773.6472380000095,True,optimal
1944,21,"Box9,Box2",2,47782500.0,42504000.0,468.48,True,"Box4,Box9",2,55764000.0,42504000.0,33.593421000006174,False,heuristic,"Box4,Box9",2,55764000.0,42504000.0,779.8549599999944,True,optimal
1945,21,"Box9,Box2",2,47782500.0,42504000.0,427.89,True,"Box4,Box9",2,55764000.0,42504000.0,34.13791399999866,False,heuristic,"Box4,Box9",2,55764000.0,42504000.0,772.832569000002,True,optimal
1946,21,"Box9,Box2",2,47782500.0,42504000.0,483.64,True,"Box4,Box9",2,55764000.0,42504000.0,33.80258500000366,False,heuristic,"Box4,Box9",2,55764000.0,42504000.0,785.8618319999948,True,optimal
1947,21,"Box9,Box2",2,47782500.0,42504000.0,610.7,True,"Box4,Box9",2,55764000.0,42504000.0,33.922848000003114,False,heuristic,"Box4,Box9",2,55764000.0,42504000.0,776.7097429999978,True,optimal
1948,21,"Box9,Box2",2,47782500.0,42504000.0,448.6,True,"Box4,Box9",2,55764000.0,42504000.0,33.894133999993414,False,heuristic,"Box4,Box9",2,55764000.0,42504000.0,775.9570639999964,True,optimal
1949,21,"Box9,Box2",2,47782500.0,42504000.0,454.47,True,"Box4,Box9",2,55764000.0,42504000.0,33.991286000002674,False,heuristic,"Box4,Box9",2,55764000.0,42504000.0,780.4880380000014,True,optimal
1950,11,Box6,1,24752000.0,24752000.0,309.88,False,Box6,1,24752000.0,24752000.0,10.721206999988908,False,heuristic,Box6,1,24752000.0,24752000.0,71.84794000001204,True,optimal
1951,17,Box9,1,42504000.0,42504000.0,373.36,True,"Box6,Box9",2,67256000.0,42504000.0,8.068920999988904,False,heuristic,"Box5,Box6",2,45526000.0,24752000.0,487.7841140000072,True,optimal
1952,21,"Box9,Box2",2,47782500.0,42504000.0,470.77,True,"Box4,Box9",2,55764000.0,42504000.0,34.30815000000109,False,heuristic,"Box4,Box9",2,55764000.0,42504000.0,786.8259220000056,True,optimal
1953,10,Box9,1,42504000.0,42504000.0,319.05,False,Box9,1,42504000.0,42504000.0,3.4014820000010104,False,heuristic,Box9,1,42504000.0,42504000.0,52.9360050000065,True,optimal
1954,6,Box5,1,20774000.0,20774000.0,199.82,False,Box5,1,20774000.0,20774000.0,2.6720959999977367,False,heuristic,Box5,1,20774000.0,20774000.0,99.25470299999972,True,optimal
1955,15,Box9,1,42504000.0,42504000.0,204.48,False,Box9,1,42504000.0,42504000.0,7.065175000008139,False,heuristic,Box9,1,42504000.0,42504000.0,113.72325700000374,True,optimal
1956,8,Box5,1,20774000.0,20774000.0,194.51,False,Box5,1,20774000.0,20774000.0,7.265661000005252,False,heuristic,Box5,1,20774000.0,20774000.0,41.88409100000001,True,optimal
1957,8,Box5,1,20774000.0,20774000.0,179.1,False,Box5,1,20774000.0,20774000.0,7.030831000008675,False,heuristic,Box5,1,20774000.0,20774000.0,42.02511499998707,True,optimal
1958,7,Box8,1,14616000.0,14616000.0,199.25,False,Box5,1,20774000.0,20774000.0,4.6395220000050585,False,heuristic,Box8,1,14616000.0,14616000.0,32.380488999990575,True,optimal
1959,7,Box8,1,14616000.0,14616000.0,182.84,False,Box5,1,20774000.0,20774000.0,4.795943999994279,False,heuristic,Box8,1,14616000.0,14616000.0,32.27038199999299,True,optimal
1960,11,Box9,1,42504000.0,42504000.0,385.51,False,Box9,1,42504000.0,42504000.0,4.4636319999966645,False,heuristic,Box9,1,42504000.0,42504000.0,63.76225500000032,True,optimal
1961,21,"Box9,Box2",2,47782500.0,42504000.0,439.12,True,"Box4,Box9",2,55764000.0,42504000.0,34.03027800000302,False,heuristic,"Box4,Box9",2,55764000.0,42504000.0,794.8059419999964,True,optimal
1962,21,"Box9,Box2",2,47782500.0,42504000.0,479.0,True,"Box4,Box9",2,55764000.0,42504000.0,34.019717999996146,False,heuristic,"Box4,Box9",2,55764000.0,42504000.0,790.7759619999979,True,optimal
1963,21,"Box9,Box2",2,47782500.0,42504000.0,455.42,True,"Box4,Box9",2,55764000.0,42504000.0,33.90281000000073,False,heuristic,"Box4,Box9",2,55764000.0,42504000.0,775.8519460000031,True,optimal
1964,21,"Box9,Box2",2,47782500.0,42504000.0,511.54,True,"Box4,Box9",2,55764000.0,42504000.0,33.80117899999391,False,heuristic,"Box4,Box9",2,55764000.0,42504000.0,783.064607,True,optimal
1965,21,"Box9,Box2",2,47782500.0,42504000.0,435.76,True,"Box4,Box9",2,55764000.0,42504000.0,33.82777000000203,False,heuristic,"Box4,Box9",2,55764000.0,42504000.0,781.0741889999946,True,optimal
1966,21,"Box9,Box2",2,47782500.0,42504000.0,427.01,True,"Box4,Box9",2,55764000.0,42504000.0,34.018416999998635,False,heuristic,"Box4,Box9",2,55764000.0,42504000.0,773.7054849999936,True,optimal
1967,21,"Box9,Box2",2,47782500.0,42504000.0,476.71,True,"Box4,Box9",2,55764000.0,42504000.0,33.94826400000284,False,heuristic,"Box4,Box9",2,55764000.0,42504000.0,773.7919770000019,True,optimal
1968,21,"Box9,Box2",2,47782500.0,42504000.0,648.58,True,"Box4,Box9",2,55764000.0,42504000.0,33.94858599999395,False,heuristic,"Box4,Box9",2,55764000.0,42504000.0,775.0668350000041,True,optimal
1969,21,"Box9,Box2",2,47782500.0,42504000.0,451.39,True,"Box4,Box9",2,55764000.0,42504000.0,34.158238000003394,False,heuristic,"Box4,Box9",2,55764000.0,42504000.0,782.1468969999898,True,optimal
1970,17,Box9,1,42504000.0,42504000.0,192.13,False,Box9,1,42504000.0,42504000.0,8.303648999998359,False,heuristic,Box9,1,42504000.0,42504000.0,140.9531369999968,True,optimal
1971,16,Box9,1,42504000.0,42504000.0,174.4,False,Box9,1,42504000.0,42504000.0,6.989356000005387,False,heuristic,Box9,1,42504000.0,42504000.0,127.79843900000287,True,optimal
1972,16,Box9,1,42504000.0,42504000.0,195.58,False,Box9,1,42504000.0,42504000.0,6.93624699999873,False,heuristic,Box9,1,42504000.0,42504000.0,127.39437100000828,True,optimal
1973,16,Box9,1,42504000.0,42504000.0,197.59,False,Box9,1,42504000.0,42504000.0,7.201422999997931,False,heuristic,Box9,1,42504000.0,42504000.0,128.59997999998996,True,optimal
1974,16,Box9,1,42504000.0,42504000.0,175.63,False,Box9,1,42504000.0,42504000.0,7.382251999999312,False,heuristic,Box9,1,42504000.0,42504000.0,137.39037099999507,True,optimal
1975,16,Box9,1,42504000.0,42504000.0,182.33,False,Box9,1,42504000.0,42504000.0,6.989436000012006,False,heuristic,Box9,1,42504000.0,42504000.0,128.60130199999276,True,optimal
1976,19,Box9,1,42504000.0,42504000.0,357.27,True,"Box6,Box9",2,67256000.0,42504000.0,11.108022999991363,False,heuristic,"Box6,Box6",2,49504000.0,24752000.0,748.4307080000008,True,optimal
1977,16,Box9,1,42504000.0,42504000.0,193.12,False,Box9,1,42504000.0,42504000.0,6.943780000000288,False,heuristic,Box9,1,42504000.0,42504000.0,128.83407799999702,True,optimal
1978,16,Box9,1,42504000.0,42504000.0,198.23,False,Box9,1,42504000.0,42504000.0,6.983735999995133,False,heuristic,Box9,1,42504000.0,42504000.0,127.4498449999868,True,optimal
1979,16,Box9,1,42504000.0,42504000.0,202.03,False,Box9,1,42504000.0,42504000.0,6.936637999999107,False,heuristic,Box9,1,42504000.0,42504000.0,127.68312199999343,True,optimal
1980,16,Box9,1,42504000.0,42504000.0,214.26,False,Box9,1,42504000.0,42504000.0,7.55391399999894,False,heuristic,Box9,1,42504000.0,42504000.0,129.35815100000525,True,optimal
1981,16,Box9,1,42504000.0,42504000.0,236.79,False,Box9,1,42504000.0,42504000.0,7.004213999991293,False,heuristic,Box9,1,42504000.0,42504000.0,127.59783299999583,True,optimal
1982,16,Box9,1,42504000.0,42504000.0,215.63,False,Box9,1,42504000.0,42504000.0,6.943599999999606,False,heuristic,Box9,1,42504000.0,42504000.0,127.81528899999728,True,optimal
1983,10,Box5,1,20774000.0,20774000.0,185.48,False,Box6,1,24752000.0,24752000.0,10.877452000002563,False,heuristic,Box5,1,20774000.0,20774000.0,61.11568400000067,True,optimal
1984,10,Box5,1,20774000.0,20774000.0,170.0,False,Box6,1,24752000.0,24752000.0,10.757397000006108,False,heuristic,Box5,1,20774000.0,20774000.0,62.83188899999459,True,optimal
1985,10,Box5,1,20774000.0,20774000.0,194.57,False,Box6,1,24752000.0,24752000.0,10.804634999999507,False,heuristic,Box5,1,20774000.0,20774000.0,61.6406569999981,True,optimal
1986,10,Box5,1,20774000.0,20774000.0,170.75,False,Box6,1,24752000.0,24752000.0,10.921463000002518,False,heuristic,Box5,1,20774000.0,20774000.0,61.534148000006894,True,optimal
1987,10,Box5,1,20774000.0,20774000.0,177.9,False,Box6,1,24752000.0,24752000.0,10.747518000002287,False,heuristic,Box5,1,20774000.0,20774000.0,62.77926100000286,True,optimal
1988,10,Box5,1,20774000.0,20774000.0,225.56,False,Box6,1,24752000.0,24752000.0,10.87544799999307,False,heuristic,Box5,1,20774000.0,20774000.0,61.22735299999249,True,optimal
1989,17,Box9,1,42504000.0,42504000.0,209.64,False,"Box9,Box2",2,47782500.0,42504000.0,14.572274000002494,False,heuristic,Box9,1,42504000.0,42504000.0,152.1239669999943,True,optimal
1990,14,Box9,1,42504000.0,42504000.0,207.73,False,Box9,1,42504000.0,42504000.0,5.779087999997046,False,heuristic,Box9,1,42504000.0,42504000.0,100.69475400000272,True,optimal
1991,19,Box9,1,42504000.0,42504000.0,394.38,True,"Box6,Box9",2,67256000.0,42504000.0,10.913548999994305,False,heuristic,"Box6,Box6",2,49504000.0,24752000.0,750.333523000009,True,optimal
1992,16,Box9,1,42504000.0,42504000.0,193.67,False,Box9,1,42504000.0,42504000.0,6.9105890000003,False,heuristic,Box9,1,42504000.0,42504000.0,129.03961399999275,True,optimal
1993,16,Box9,1,42504000.0,42504000.0,200.12,False,Box9,1,42504000.0,42504000.0,6.943791000011856,False,heuristic,Box9,1,42504000.0,42504000.0,128.67692399998987,True,optimal
1994,16,Box9,1,42504000.0,42504000.0,201.55,False,Box9,1,42504000.0,42504000.0,6.95477099999664,False,heuristic,Box9,1,42504000.0,42504000.0,128.84758400001317,True,optimal
1995,8,Box6,1,24752000.0,24752000.0,287.92,False,Box6,1,24752000.0,24752000.0,2.0752090000115686,False,heuristic,Box6,1,24752000.0,24752000.0,35.56646200000557,True,optimal
1996,6,Box5,1,20774000.0,20774000.0,460.55,False,Box5,1,20774000.0,20774000.0,2.573372000000518,False,heuristic,Box4,1,13260000.0,13260000.0,22.486823999997796,True,optimal
1997,10,Box9,1,42504000.0,42504000.0,442.73,False,Box9,1,42504000.0,42504000.0,3.546204999992142,False,heuristic,Box9,1,42504000.0,42504000.0,53.442376000006675,True,optimal
1998,8,Box6,1,24752000.0,24752000.0,510.23,False,Box6,1,24752000.0,24752000.0,1.8319520000034117,False,heuristic,Box6,1,24752000.0,24752000.0,35.4500330000036,True,optimal
1999,6,Box5,1,20774000.0,20774000.0,435.0,False,Box5,1,20774000.0,20774000.0,2.5634739999986778,False,heuristic,Box4,1,13260000.0,13260000.0,21.373527999998032,True,optimal
2000,8,Box6,1,24752000.0,24752000.0,278.41,False,Box6,1,24752000.0,24752000.0,1.861007000002246,False,heuristic,Box6,1,24752000.0,24752000.0,36.538551999996116,True,optimal
