order_id,physical_items,ihub_boxes,ihub_cartons,ihub_external_volume_mm3,ihub_largest_carton_volume_mm3,ihub_latency_ms,ihub_box9_over_fill_cap,fast_boxes,fast_cartons,fast_external_volume_mm3,fast_largest_carton_volume_mm3,fast_runtime_ms,fast_optimality_proven,fast_search_status,best_boxes,best_cartons,best_external_volume_mm3,best_largest_carton_volume_mm3,best_runtime_ms,best_optimality_proven,best_search_status,best_result_source
1,4,Box4,1,13260000.0,13260000.0,410.02,False,Box4,1,13260000.0,13260000.0,1.292820000003303,False,heuristic,Box4,1,13260000.0,13260000.0,19.219958000007864,True,optimal,best_calculation
2,11,Box5,1,20774000.0,20774000.0,194.64,False,Box5,1,20774000.0,20774000.0,1.7125340000063716,False,heuristic,Box5,1,20774000.0,20774000.0,42.16441300002316,True,optimal,best_calculation
3,9,Box5,1,20774000.0,20774000.0,186.93,False,Box5,1,20774000.0,20774000.0,0.9939459999941391,False,heuristic,Box5,1,20774000.0,20774000.0,31.180788000000348,True,optimal,best_calculation
4,3,Box2,1,5278500.0,5278500.0,188.88,False,Box2,1,5278500.0,5278500.0,0.18604900000696034,False,heuristic,Box2,1,5278500.0,5278500.0,4.283963000005997,True,optimal,best_calculation
5,5,Box4,1,13260000.0,13260000.0,188.94,False,Box4,1,13260000.0,13260000.0,1.5446790000055444,False,heuristic,Box4,1,13260000.0,13260000.0,18.918179999985796,True,optimal,best_calculation
6,10,Box4,1,13260000.0,13260000.0,161.24,False,Box4,1,13260000.0,13260000.0,1.9825429999968947,False,heuristic,Box4,1,13260000.0,13260000.0,41.41175300000555,True,optimal,best_calculation
7,4,Box4,1,13260000.0,13260000.0,165.53,False,Box4,1,13260000.0,13260000.0,0.8365409999839812,False,heuristic,Box4,1,13260000.0,13260000.0,10.817369999983839,True,optimal,best_calculation
8,4,Box2,1,5278500.0,5278500.0,171.21,False,Box2,1,5278500.0,5278500.0,0.30812099998911435,False,heuristic,Box2,1,5278500.0,5278500.0,7.5347400000111975,True,optimal,best_calculation
9,11,Box9,1,42504000.0,42504000.0,181.63,False,Box9,1,42504000.0,42504000.0,1.991903999993383,False,heuristic,Box9,1,42504000.0,42504000.0,41.269276000008404,True,optimal,best_calculation
10,8,Box5,1,20774000.0,20774000.0,183.42,False,Box5,1,20774000.0,20774000.0,0.7794879999778459,False,heuristic,Box5,1,20774000.0,20774000.0,28.63674300002117,True,optimal,best_calculation
11,7,Box8,1,14616000.0,14616000.0,172.23,False,Box8,1,14616000.0,14616000.0,0.7874359999959779,False,heuristic,Box8,1,14616000.0,14616000.0,19.318046999984517,True,optimal,best_calculation
12,5,Box8,1,14616000.0,14616000.0,184.41,False,Box8,1,14616000.0,14616000.0,1.800427000006266,False,heuristic,Box8,1,14616000.0,14616000.0,13.12502999999765,True,optimal,best_calculation
13,4,Box2,1,5278500.0,5278500.0,213.58,False,Box2,1,5278500.0,5278500.0,0.27861999998890496,False,heuristic,Box2,1,5278500.0,5278500.0,5.900482000015472,True,optimal,best_calculation
14,8,Box9,1,42504000.0,42504000.0,196.57,False,Box9,1,42504000.0,42504000.0,0.9208599999794842,False,heuristic,Box9,1,42504000.0,42504000.0,24.297185999984094,True,optimal,best_calculation
15,5,Box4,1,13260000.0,13260000.0,176.78,False,Box4,1,13260000.0,13260000.0,1.269845999985364,False,heuristic,Box4,1,13260000.0,13260000.0,17.629522000021325,True,optimal,best_calculation
16,9,Box9,1,42504000.0,42504000.0,202.96,False,Box9,1,42504000.0,42504000.0,1.64309100000537,False,heuristic,Box9,1,42504000.0,42504000.0,35.16901099999359,True,optimal,best_calculation
17,12,Box4,1,13260000.0,13260000.0,199.49,False,Box4,1,13260000.0,13260000.0,1.8542429999968135,False,heuristic,Box4,1,13260000.0,13260000.0,53.74926900000787,True,optimal,best_calculation
18,2,Box4,1,13260000.0,13260000.0,190.85,False,Box4,1,13260000.0,13260000.0,0.13171499998065883,False,heuristic,Box4,1,13260000.0,13260000.0,1.671836000014082,True,optimal,best_calculation
19,5,Box4,1,13260000.0,13260000.0,188.13,False,Box8,1,14616000.0,14616000.0,1.4385890000028212,False,heuristic,Box4,1,13260000.0,13260000.0,13.33399999998619,True,optimal,best_calculation
20,7,Box6,1,24752000.0,24752000.0,188.12,False,Box9,1,42504000.0,42504000.0,1.409174000002622,False,heuristic,Box6,1,24752000.0,24752000.0,21.81456799999637,True,optimal,best_calculation
21,7,Box2,1,5278500.0,5278500.0,164.87,False,Box2,1,5278500.0,5278500.0,0.637525000001915,False,heuristic,Box2,1,5278500.0,5278500.0,16.964207000000897,True,optimal,best_calculation
22,4,Box2,1,5278500.0,5278500.0,176.89,False,Box2,1,5278500.0,5278500.0,0.3164439999920887,False,heuristic,Box2,1,5278500.0,5278500.0,6.891710000019202,True,optimal,best_calculation
23,8,Box8,1,14616000.0,14616000.0,172.29,False,Box8,1,14616000.0,14616000.0,1.0339369999883274,False,heuristic,Box8,1,14616000.0,14616000.0,24.800895999987915,True,optimal,best_calculation
24,6,Box4,1,13260000.0,13260000.0,197.36,False,Box4,1,13260000.0,13260000.0,1.7532880000032947,False,heuristic,Box4,1,13260000.0,13260000.0,23.408009000007723,True,optimal,best_calculation
25,5,Box4,1,13260000.0,13260000.0,192.68,False,Box4,1,13260000.0,13260000.0,0.42419999999765423,False,heuristic,Box4,1,13260000.0,13260000.0,10.711751999991748,True,optimal,best_calculation
26,6,Box4,1,13260000.0,13260000.0,164.29,False,Box4,1,13260000.0,13260000.0,2.20115000001897,False,heuristic,Box4,1,13260000.0,13260000.0,23.662901999983887,True,optimal,best_calculation
27,7,Box6,1,24752000.0,24752000.0,173.75,False,Box6,1,24752000.0,24752000.0,0.8033489999945687,False,heuristic,Box6,1,24752000.0,24752000.0,20.216731000004984,True,optimal,best_calculation
28,10,Box5,1,20774000.0,20774000.0,182.06,False,Box6,1,24752000.0,24752000.0,5.934408999991092,False,heuristic,Box5,1,20774000.0,20774000.0,41.13485400000627,True,optimal,best_calculation
29,4,Box4,1,13260000.0,13260000.0,184.57,False,Box4,1,13260000.0,13260000.0,0.2848240000048463,False,heuristic,Box4,1,13260000.0,13260000.0,7.161343000007037,True,optimal,best_calculation
30,7,Box8,1,14616000.0,14616000.0,186.89,False,Box8,1,14616000.0,14616000.0,2.0847340000216263,False,heuristic,Box8,1,14616000.0,14616000.0,27.509041000001844,True,optimal,best_calculation
31,6,"Box9,Box5",2,63278000.0,42504000.0,282.23,False,"Box9,Box4,Box4",3,69024000.0,42504000.0,1.3663359999895874,False,heuristic,"Box8,Box9",2,57120000.0,42504000.0,205.12903099998425,True,optimal,best_calculation
32,7,Box6,1,24752000.0,24752000.0,178.78,False,Box6,1,24752000.0,24752000.0,0.5624399999817342,False,heuristic,Box6,1,24752000.0,24752000.0,17.33158000001822,True,optimal,best_calculation
33,4,Box6,1,24752000.0,24752000.0,194.67,False,Box6,1,24752000.0,24752000.0,0.9790870000188079,False,heuristic,Box6,1,24752000.0,24752000.0,13.354012000007742,True,optimal,best_calculation
34,6,Box4,1,13260000.0,13260000.0,164.63,False,Box4,1,13260000.0,13260000.0,0.5173630000001594,False,heuristic,Box4,1,13260000.0,13260000.0,14.603996999994706,True,optimal,best_calculation
35,6,Box9,1,42504000.0,42504000.0,152.97,False,Box9,1,42504000.0,42504000.0,1.544442000010804,False,heuristic,Box9,1,42504000.0,42504000.0,30.182833999987224,True,optimal,best_calculation
36,6,Box4,1,13260000.0,13260000.0,168.09,False,Box4,1,13260000.0,13260000.0,1.5733280000063132,False,heuristic,Box4,1,13260000.0,13260000.0,23.32507099998793,True,optimal,best_calculation
37,5,Box4,1,13260000.0,13260000.0,168.67,False,Box4,1,13260000.0,13260000.0,0.4464479999910509,False,heuristic,Box4,1,13260000.0,13260000.0,11.157472000007829,True,optimal,best_calculation
38,4,Box2,1,5278500.0,5278500.0,169.86,False,Box2,1,5278500.0,5278500.0,0.2616730000113421,False,heuristic,Box2,1,5278500.0,5278500.0,6.372684000012896,True,optimal,best_calculation
39,3,Box2,1,5278500.0,5278500.0,171.96,False,Box2,1,5278500.0,5278500.0,0.2336130000060166,False,heuristic,Box2,1,5278500.0,5278500.0,4.24467900000991,True,optimal,best_calculation
40,10,"Box9,Box4",2,55764000.0,42504000.0,423.04,True,"Box9,Box5",2,63278000.0,42504000.0,1.240391000010277,False,heuristic,"Box4,Box9",2,55764000.0,42504000.0,74.38070699998889,True,optimal,best_calculation
41,4,Box2,1,5278500.0,5278500.0,790.82,False,Box2,1,5278500.0,5278500.0,0.286974999994527,False,heuristic,Box2,1,5278500.0,5278500.0,5.9722909999777585,True,optimal,best_calculation
42,6,Box9,1,42504000.0,42504000.0,162.86,False,Box9,1,42504000.0,42504000.0,1.4590849999933653,False,heuristic,Box9,1,42504000.0,42504000.0,55.18427600000564,True,optimal,best_calculation
43,6,Box5,1,20774000.0,20774000.0,197.47,False,Box5,1,20774000.0,20774000.0,0.5599349999840797,False,heuristic,Box5,1,20774000.0,20774000.0,12.817231000013862,True,optimal,best_calculation
44,8,Box4,1,13260000.0,13260000.0,156.97,False,Box4,1,13260000.0,13260000.0,1.000475000012102,False,heuristic,Box4,1,13260000.0,13260000.0,26.497274000007565,True,optimal,best_calculation
45,5,Box4,1,13260000.0,13260000.0,188.38,False,Box4,1,13260000.0,13260000.0,1.4917950000210567,False,heuristic,Box4,1,13260000.0,13260000.0,16.15845700001728,True,optimal,best_calculation
46,10,Box5,1,20774000.0,20774000.0,192.78,False,Box5,1,20774000.0,20774000.0,1.6530000000045675,False,heuristic,Box5,1,20774000.0,20774000.0,37.15232700000115,True,optimal,best_calculation
47,9,Box9,1,42504000.0,42504000.0,325.15,False,Box9,1,42504000.0,42504000.0,1.2614219999989018,False,heuristic,Box9,1,42504000.0,42504000.0,29.010897999995677,True,optimal,best_calculation
48,8,Box8,1,14616000.0,14616000.0,152.33,False,Box8,1,14616000.0,14616000.0,2.371589999995649,False,heuristic,Box8,1,14616000.0,14616000.0,31.27459200001681,True,optimal,best_calculation
49,1,Box2,1,5278500.0,5278500.0,159.65,False,Box2,1,5278500.0,5278500.0,0.11118800000531337,False,heuristic,Box2,1,5278500.0,5278500.0,0.7295350000049439,True,optimal,best_calculation
50,4,Box9,1,42504000.0,42504000.0,159.64,False,Box9,1,42504000.0,42504000.0,0.3484379999747489,False,heuristic,Box9,1,42504000.0,42504000.0,8.264195999998947,True,optimal,best_calculation
51,8,Box6,1,24752000.0,24752000.0,199.2,False,Box9,1,42504000.0,42504000.0,1.8617230000188556,False,heuristic,Box6,1,24752000.0,24752000.0,32.09701000000109,True,optimal,best_calculation
52,9,Box9,1,42504000.0,42504000.0,174.03,False,Box9,1,42504000.0,42504000.0,1.0763630000099056,False,heuristic,Box9,1,42504000.0,42504000.0,36.0241000000201,True,optimal,best_calculation
53,3,Box4,1,13260000.0,13260000.0,161.89,False,Box4,1,13260000.0,13260000.0,0.23891499998285326,False,heuristic,Box4,1,13260000.0,13260000.0,4.61312699999894,True,optimal,best_calculation
54,3,Box5,1,20774000.0,20774000.0,175.05,False,Box5,1,20774000.0,20774000.0,0.521642999984806,False,heuristic,Box5,1,20774000.0,20774000.0,8.088156999974672,True,optimal,best_calculation
55,5,Box4,1,13260000.0,13260000.0,178.67,False,Box4,1,13260000.0,13260000.0,0.4334769999729815,False,heuristic,Box4,1,13260000.0,13260000.0,9.88497200000893,True,optimal,best_calculation
56,6,Box2,1,5278500.0,5278500.0,159.78,False,Box2,1,5278500.0,5278500.0,0.45617999998626146,False,heuristic,Box2,1,5278500.0,5278500.0,13.441118000002916,True,optimal,best_calculation
57,7,Box4,1,13260000.0,13260000.0,165.86,False,Box4,1,13260000.0,13260000.0,0.8755949999965651,False,heuristic,Box4,1,13260000.0,13260000.0,21.584284999988768,True,optimal,best_calculation
58,18,Box9,1,42504000.0,42504000.0,198.09,False,Box9,1,42504000.0,42504000.0,5.333780000000843,False,heuristic,Box9,1,42504000.0,42504000.0,121.48352899998827,True,optimal,best_calculation
59,4,Box2,1,5278500.0,5278500.0,207.68,False,Box2,1,5278500.0,5278500.0,0.2949900000146499,False,heuristic,Box2,1,5278500.0,5278500.0,6.381476999990809,True,optimal,best_calculation
60,9,Box8,1,14616000.0,14616000.0,179.68,False,Box8,1,14616000.0,14616000.0,5.322874000000866,False,heuristic,Box8,1,14616000.0,14616000.0,36.170190000007096,True,optimal,best_calculation
61,4,Box2,1,5278500.0,5278500.0,166.27,False,Box2,1,5278500.0,5278500.0,0.26159699999084296,False,heuristic,Box2,1,5278500.0,5278500.0,6.928326999997125,True,optimal,best_calculation
62,5,Box5,1,20774000.0,20774000.0,282.52,False,Box5,1,20774000.0,20774000.0,0.35601499999415864,False,heuristic,Box5,1,20774000.0,20774000.0,10.844614999996338,True,optimal,best_calculation
63,5,Box4,1,13260000.0,13260000.0,159.62,False,Box4,1,13260000.0,13260000.0,1.2514160000023367,False,heuristic,Box4,1,13260000.0,13260000.0,17.81043400001181,True,optimal,best_calculation
64,5,Box4,1,13260000.0,13260000.0,162.01,False,Box4,1,13260000.0,13260000.0,0.4673429999968448,False,heuristic,Box4,1,13260000.0,13260000.0,11.77661200000557,True,optimal,best_calculation
65,4,Box4,1,13260000.0,13260000.0,171.91,False,Box4,1,13260000.0,13260000.0,0.9301259999858758,False,heuristic,Box4,1,13260000.0,13260000.0,12.06308100000797,True,optimal,best_calculation
66,5,Box5,1,20774000.0,20774000.0,177.35,False,Box5,1,20774000.0,20774000.0,0.9077290000050198,False,heuristic,Box5,1,20774000.0,20774000.0,23.463787999986607,True,optimal,best_calculation
67,6,Box8,1,14616000.0,14616000.0,180.42,False,Box8,1,14616000.0,14616000.0,0.6471739999938109,False,heuristic,Box8,1,14616000.0,14616000.0,16.188719000012952,True,optimal,best_calculation
68,8,Box6,1,24752000.0,24752000.0,343.47,False,Box9,1,42504000.0,42504000.0,2.0047470000008616,False,heuristic,Box6,1,24752000.0,24752000.0,26.816897000003337,True,optimal,best_calculation
69,8,Box9,1,42504000.0,42504000.0,169.19,False,Box9,1,42504000.0,42504000.0,1.0736300000075971,False,heuristic,Box9,1,42504000.0,42504000.0,26.668924999995625,True,optimal,best_calculation
70,17,Box9,1,42504000.0,42504000.0,388.57,True,"Box6,Box9",2,67256000.0,42504000.0,2.898256999998239,False,heuristic,"Box5,Box6",2,45526000.0,24752000.0,319.2109170000208,True,optimal,best_calculation
71,6,Box2,1,5278500.0,5278500.0,160.99,False,Box4,1,13260000.0,13260000.0,2.558598999996775,False,heuristic,Box2,1,5278500.0,5278500.0,17.280437000010807,True,optimal,best_calculation
72,3,Box4,1,13260000.0,13260000.0,233.95,False,Box4,1,13260000.0,13260000.0,0.2063969999994697,False,heuristic,Box4,1,13260000.0,13260000.0,3.2996209999964776,True,optimal,best_calculation
73,4,Box2,1,5278500.0,5278500.0,207.3,False,Box2,1,5278500.0,5278500.0,0.27505500000302163,False,heuristic,Box2,1,5278500.0,5278500.0,7.0625190000157545,True,optimal,best_calculation
74,8,"Box9,Box4",2,55764000.0,42504000.0,433.61,True,"Box9,Box6",2,67256000.0,42504000.0,0.7767380000132107,False,heuristic,"Box4,Box9",2,55764000.0,42504000.0,50.14774400001443,True,optimal,best_calculation
75,4,Box4,1,13260000.0,13260000.0,184.88,False,Box4,1,13260000.0,13260000.0,0.27878400001668524,False,heuristic,Box4,1,13260000.0,13260000.0,6.848662999999533,True,optimal,best_calculation
76,8,Box5,1,20774000.0,20774000.0,359.59,False,Box5,1,20774000.0,20774000.0,0.9180460000095536,False,heuristic,Box5,1,20774000.0,20774000.0,23.953363000003947,True,optimal,best_calculation
77,10,Box5,1,20774000.0,20774000.0,175.62,False,Box5,1,20774000.0,20774000.0,1.6839619999871047,False,heuristic,Box5,1,20774000.0,20774000.0,37.269163000019034,True,optimal,best_calculation
78,5,Box6,1,24752000.0,24752000.0,175.6,False,Box6,1,24752000.0,24752000.0,1.3537570000039523,False,heuristic,Box6,1,24752000.0,24752000.0,16.080751000004057,True,optimal,best_calculation
79,6,Box5,1,20774000.0,20774000.0,187.2,False,Box9,1,42504000.0,42504000.0,1.242961999992076,False,heuristic,Box5,1,20774000.0,20774000.0,13.543366000021706,True,optimal,best_calculation
80,8,Box4,1,13260000.0,13260000.0,175.07,False,Box4,1,13260000.0,13260000.0,0.8818180000105258,False,heuristic,Box4,1,13260000.0,13260000.0,32.572883000000274,True,optimal,best_calculation
81,4,Box5,1,20774000.0,20774000.0,177.87,False,Box5,1,20774000.0,20774000.0,0.2879459999860501,False,heuristic,Box5,1,20774000.0,20774000.0,8.234412000007296,True,optimal,best_calculation
82,7,Box8,1,14616000.0,14616000.0,161.89,False,Box8,1,14616000.0,14616000.0,3.9301509999916107,False,heuristic,Box8,1,14616000.0,14616000.0,22.57898599998498,True,optimal,best_calculation
83,2,Box2,1,5278500.0,5278500.0,168.76,False,Box2,1,5278500.0,5278500.0,0.17698900001050788,False,heuristic,Box2,1,5278500.0,5278500.0,2.9132999999887943,True,optimal,best_calculation
84,10,Box9,1,42504000.0,42504000.0,321.83,True,"Box6,Box6",2,49504000.0,24752000.0,0.8711380000079316,False,heuristic,"Box2,Box9",2,47782500.0,42504000.0,108.95813300001578,True,optimal,best_calculation
85,6,Box5,1,20774000.0,20774000.0,166.1,False,Box5,1,20774000.0,20774000.0,0.49144800001954536,False,heuristic,Box5,1,20774000.0,20774000.0,15.598828999998204,True,optimal,best_calculation
86,8,Box8,1,14616000.0,14616000.0,182.32,False,Box8,1,14616000.0,14616000.0,0.8137629999964702,False,heuristic,Box8,1,14616000.0,14616000.0,25.510992999983273,True,optimal,best_calculation
87,2,Box8,1,14616000.0,14616000.0,166.88,False,Box8,1,14616000.0,14616000.0,0.12089500000911357,False,heuristic,Box8,1,14616000.0,14616000.0,2.0884799999976167,True,optimal,best_calculation
88,4,Box2,1,5278500.0,5278500.0,693.2,False,Box2,1,5278500.0,5278500.0,0.30090900000345755,False,heuristic,Box2,1,5278500.0,5278500.0,8.930840999994416,True,optimal,best_calculation
89,10,Box9,1,42504000.0,42504000.0,328.85,True,"Box6,Box9",2,67256000.0,42504000.0,1.5893670000082238,False,heuristic,"Box5,Box6",2,45526000.0,24752000.0,90.24578099999303,True,optimal,best_calculation
90,9,Box4,1,13260000.0,13260000.0,164.24,False,Box4,1,13260000.0,13260000.0,1.3742550000017673,False,heuristic,Box4,1,13260000.0,13260000.0,29.431782000017392,True,optimal,best_calculation
91,4,Box2,1,5278500.0,5278500.0,198.95,False,Box2,1,5278500.0,5278500.0,0.3995040000006611,False,heuristic,Box2,1,5278500.0,5278500.0,8.348380000001043,True,optimal,best_calculation
92,5,Box6,1,24752000.0,24752000.0,180.95,False,Box6,1,24752000.0,24752000.0,1.674778999984028,False,heuristic,Box6,1,24752000.0,24752000.0,19.346666999979334,True,optimal,best_calculation
93,7,Box9,1,42504000.0,42504000.0,177.68,False,Box9,1,42504000.0,42504000.0,0.7593230000111362,False,heuristic,Box9,1,42504000.0,42504000.0,16.45311699999752,True,optimal,best_calculation
94,10,"Box9,Box5",2,63278000.0,42504000.0,385.24,True,"Box9,Box9",2,85008000.0,42504000.0,0.650573999990911,False,heuristic,"Box9,Box9",2,85008000.0,42504000.0,32.38943799999561,False,time_limit,fast_fallback
95,7,Box5,1,20774000.0,20774000.0,156.26,False,Box5,1,20774000.0,20774000.0,0.8041769999920234,False,heuristic,Box5,1,20774000.0,20774000.0,17.347301000000925,True,optimal,best_calculation
96,15,Box8,1,14616000.0,14616000.0,219.81,False,Box8,1,14616000.0,14616000.0,3.738040999991199,False,heuristic,Box8,1,14616000.0,14616000.0,84.54867900002228,True,optimal,best_calculation
97,3,Box4,1,13260000.0,13260000.0,155.63,False,Box4,1,13260000.0,13260000.0,0.6654489999959878,False,heuristic,Box4,1,13260000.0,13260000.0,7.168713999988086,True,optimal,best_calculation
98,4,Box4,1,13260000.0,13260000.0,182.47,False,Box4,1,13260000.0,13260000.0,1.180746999978055,False,heuristic,Box4,1,13260000.0,13260000.0,12.488410000003114,True,optimal,best_calculation
99,8,Box8,1,14616000.0,14616000.0,163.98,False,Box8,1,14616000.0,14616000.0,0.8656010000152037,False,heuristic,Box8,1,14616000.0,14616000.0,21.291580000024624,True,optimal,best_calculation
100,8,Box9,1,42504000.0,42504000.0,178.12,False,Box9,1,42504000.0,42504000.0,1.144914000008157,False,heuristic,Box9,1,42504000.0,42504000.0,26.088770000001205,True,optimal,best_calculation
101,4,Box4,1,13260000.0,13260000.0,172.08,False,Box4,1,13260000.0,13260000.0,0.3191380000089339,False,heuristic,Box4,1,13260000.0,13260000.0,8.127583000003824,True,optimal,best_calculation
102,6,Box8,1,14616000.0,14616000.0,156.72,False,Box8,1,14616000.0,14616000.0,2.4649719999843,False,heuristic,Box8,1,14616000.0,14616000.0,18.976469999984147,True,optimal,best_calculation
103,6,Box4,1,13260000.0,13260000.0,163.4,False,Box4,1,13260000.0,13260000.0,0.6138930000076925,False,heuristic,Box4,1,13260000.0,13260000.0,14.91289500000903,True,optimal,best_calculation
104,5,Box5,1,20774000.0,20774000.0,174.33,False,Box5,1,20774000.0,20774000.0,0.30562999998551277,False,heuristic,Box5,1,20774000.0,20774000.0,8.995824999999513,True,optimal,best_calculation
105,8,Box4,1,13260000.0,13260000.0,173.25,False,Box4,1,13260000.0,13260000.0,0.7403669999916929,False,heuristic,Box4,1,13260000.0,13260000.0,26.660997999982783,True,optimal,best_calculation
106,12,Box4,1,13260000.0,13260000.0,177.39,False,Box4,1,13260000.0,13260000.0,3.014962999998261,False,heuristic,Box4,1,13260000.0,13260000.0,53.26833699999156,True,optimal,best_calculation
107,4,Box6,1,24752000.0,24752000.0,168.2,False,Box6,1,24752000.0,24752000.0,0.9493830000053549,False,heuristic,Box6,1,24752000.0,24752000.0,13.23947000000203,True,optimal,best_calculation
108,1,Box2,1,5278500.0,5278500.0,153.62,False,Box2,1,5278500.0,5278500.0,0.146724999979142,False,heuristic,Box2,1,5278500.0,5278500.0,0.9288029999936498,True,optimal,best_calculation
109,9,Box4,1,13260000.0,13260000.0,159.91,False,Box4,1,13260000.0,13260000.0,1.2642339999899832,False,heuristic,Box4,1,13260000.0,13260000.0,34.45225299998356,True,optimal,best_calculation
110,5,Box4,1,13260000.0,13260000.0,173.58,False,Box4,1,13260000.0,13260000.0,1.3550209999948493,False,heuristic,Box4,1,13260000.0,13260000.0,21.479212999992114,True,optimal,best_calculation
111,5,Box8,1,14616000.0,14616000.0,234.14,False,Box8,1,14616000.0,14616000.0,0.5957580000028884,False,heuristic,Box8,1,14616000.0,14616000.0,12.335132999993448,True,optimal,best_calculation
112,7,Box8,1,14616000.0,14616000.0,164.86,False,Box5,1,20774000.0,20774000.0,2.565318999984356,False,heuristic,Box8,1,14616000.0,14616000.0,24.134659999987207,True,optimal,best_calculation
113,9,Box5,1,20774000.0,20774000.0,179.23,False,Box5,1,20774000.0,20774000.0,1.4070800000069994,False,heuristic,Box5,1,20774000.0,20774000.0,31.383839999989505,True,optimal,best_calculation
114,6,Box4,1,13260000.0,13260000.0,171.16,False,Box4,1,13260000.0,13260000.0,0.6261989999813977,False,heuristic,Box4,1,13260000.0,13260000.0,14.610854000011386,True,optimal,best_calculation
115,6,Box4,1,13260000.0,13260000.0,178.46,False,Box4,1,13260000.0,13260000.0,0.577861000010671,False,heuristic,Box4,1,13260000.0,13260000.0,14.840679999991835,True,optimal,best_calculation
116,9,Box8,1,14616000.0,14616000.0,173.51,False,Box5,1,20774000.0,20774000.0,4.026887999998507,False,heuristic,Box8,1,14616000.0,14616000.0,36.53054700001235,True,optimal,best_calculation
117,4,Box5,1,20774000.0,20774000.0,221.05,False,Box6,1,24752000.0,24752000.0,0.7637410000143063,False,heuristic,Box5,1,20774000.0,20774000.0,10.870340999986183,True,optimal,best_calculation
118,5,Box4,1,13260000.0,13260000.0,158.51,False,Box4,1,13260000.0,13260000.0,1.2757490000012695,False,heuristic,Box4,1,13260000.0,13260000.0,18.065766999995958,True,optimal,best_calculation
119,10,Box4,1,13260000.0,13260000.0,170.39,False,Box4,1,13260000.0,13260000.0,1.8490220000160207,False,heuristic,Box4,1,13260000.0,13260000.0,38.35667499998863,True,optimal,best_calculation
120,4,Box9,1,42504000.0,42504000.0,181.02,False,Box9,1,42504000.0,42504000.0,0.7510029999764356,False,heuristic,Box9,1,42504000.0,42504000.0,13.182824000011806,True,optimal,best_calculation
121,7,Box4,1,13260000.0,13260000.0,156.69,False,Box4,1,13260000.0,13260000.0,0.801378999994995,False,heuristic,Box4,1,13260000.0,13260000.0,19.1476459999933,True,optimal,best_calculation
122,6,Box4,1,13260000.0,13260000.0,153.44,False,Box4,1,13260000.0,13260000.0,1.572895999998991,False,heuristic,Box4,1,13260000.0,13260000.0,23.199434999980895,True,optimal,best_calculation
123,5,Box8,1,14616000.0,14616000.0,162.69,False,Box5,1,20774000.0,20774000.0,1.1621449999950073,False,heuristic,Box8,1,14616000.0,14616000.0,13.019986999978528,True,optimal,best_calculation
124,8,Box8,1,14616000.0,14616000.0,175.43,False,Box8,1,14616000.0,14616000.0,0.9583629999951881,False,heuristic,Box8,1,14616000.0,14616000.0,25.64632299998948,True,optimal,best_calculation
125,4,Box4,1,13260000.0,13260000.0,169.96,False,Box4,1,13260000.0,13260000.0,0.30323499998985426,False,heuristic,Box4,1,13260000.0,13260000.0,6.666457999983777,True,optimal,best_calculation
126,4,Box4,1,13260000.0,13260000.0,163.64,False,Box4,1,13260000.0,13260000.0,0.9541379999973287,False,heuristic,Box4,1,13260000.0,13260000.0,11.217808999987255,True,optimal,best_calculation
127,5,Box8,1,14616000.0,14616000.0,176.51,False,Box8,1,14616000.0,14616000.0,1.3743810000050871,False,heuristic,Box8,1,14616000.0,14616000.0,12.191792999999507,True,optimal,best_calculation
128,6,Box4,1,13260000.0,13260000.0,160.75,False,Box4,1,13260000.0,13260000.0,0.5753669999819522,False,heuristic,Box4,1,13260000.0,13260000.0,15.767818000000489,True,optimal,best_calculation
129,7,Box5,1,20774000.0,20774000.0,167.3,False,Box6,1,24752000.0,24752000.0,2.5540320000061456,False,heuristic,Box5,1,20774000.0,20774000.0,21.197127999982968,True,optimal,best_calculation
130,4,Box4,1,13260000.0,13260000.0,169.68,False,Box4,1,13260000.0,13260000.0,0.7869469999945977,False,heuristic,Box4,1,13260000.0,13260000.0,10.8001639999884,True,optimal,best_calculation
131,7,Box9,1,42504000.0,42504000.0,160.01,False,Box9,1,42504000.0,42504000.0,0.5727630000080808,False,heuristic,Box9,1,42504000.0,42504000.0,14.598782999996729,True,optimal,best_calculation
132,4,Box2,1,5278500.0,5278500.0,156.0,False,Box2,1,5278500.0,5278500.0,0.2553460000171981,False,heuristic,Box2,1,5278500.0,5278500.0,5.157339999982469,True,optimal,best_calculation
133,5,Box4,1,13260000.0,13260000.0,167.0,False,Box4,1,13260000.0,13260000.0,1.2975870000104806,False,heuristic,Box4,1,13260000.0,13260000.0,32.60692300000301,True,optimal,best_calculation
134,4,Box8,1,14616000.0,14616000.0,205.83,False,Box8,1,14616000.0,14616000.0,1.0102070000073127,False,heuristic,Box8,1,14616000.0,14616000.0,8.807767000007516,True,optimal,best_calculation
135,3,Box4,1,13260000.0,13260000.0,171.79,False,Box4,1,13260000.0,13260000.0,0.20783399997981178,False,heuristic,Box4,1,13260000.0,13260000.0,4.243667999986656,True,optimal,best_calculation
136,6,Box8,1,14616000.0,14616000.0,158.72,False,Box8,1,14616000.0,14616000.0,0.4690970000069683,False,heuristic,Box8,1,14616000.0,14616000.0,14.966080999982978,True,optimal,best_calculation
137,5,Box5,1,20774000.0,20774000.0,182.88,False,Box5,1,20774000.0,20774000.0,0.4074069999830954,False,heuristic,Box5,1,20774000.0,20774000.0,10.829909999984011,True,optimal,best_calculation
138,10,Box6,1,24752000.0,24752000.0,179.02,False,Box9,1,42504000.0,42504000.0,3.3589330000154405,False,heuristic,Box6,1,24752000.0,24752000.0,38.864513999982364,True,optimal,best_calculation
139,8,Box8,1,14616000.0,14616000.0,319.59,False,Box8,1,14616000.0,14616000.0,0.8850110000082623,False,heuristic,Box8,1,14616000.0,14616000.0,25.966346000018348,True,optimal,best_calculation
140,7,Box6,1,24752000.0,24752000.0,187.41,False,Box6,1,24752000.0,24752000.0,0.8037190000038663,False,heuristic,Box6,1,24752000.0,24752000.0,18.55431500001714,True,optimal,best_calculation
141,5,Box5,1,20774000.0,20774000.0,182.71,False,Box5,1,20774000.0,20774000.0,0.41587300000855976,False,heuristic,Box5,1,20774000.0,20774000.0,12.500420999998596,True,optimal,best_calculation
142,2,Box8,1,14616000.0,14616000.0,168.33,False,Box8,1,14616000.0,14616000.0,0.08603899999570785,False,heuristic,Box8,1,14616000.0,14616000.0,1.6385730000081367,True,optimal,best_calculation
143,5,Box4,1,13260000.0,13260000.0,188.9,False,Box4,1,13260000.0,13260000.0,1.220308000000614,False,heuristic,Box4,1,13260000.0,13260000.0,25.051339000015105,True,optimal,best_calculation
144,6,Box4,1,13260000.0,13260000.0,158.68,False,Box4,1,13260000.0,13260000.0,2.4932340000134445,False,heuristic,Box4,1,13260000.0,13260000.0,26.055910999986054,True,optimal,best_calculation
145,5,Box2,1,5278500.0,5278500.0,165.76,False,Box2,1,5278500.0,5278500.0,0.36121700000535384,False,heuristic,Box2,1,5278500.0,5278500.0,9.102877000003673,True,optimal,best_calculation
146,6,Box5,1,20774000.0,20774000.0,161.33,False,Box5,1,20774000.0,20774000.0,0.5614149999928486,False,heuristic,Box5,1,20774000.0,20774000.0,14.21060600000601,True,optimal,best_calculation
147,6,Box5,1,20774000.0,20774000.0,166.82,False,Box6,1,24752000.0,24752000.0,1.9718549999936386,False,heuristic,Box5,1,20774000.0,20774000.0,16.125109000000748,True,optimal,best_calculation
148,6,Box2,1,5278500.0,5278500.0,157.0,False,Box2,1,5278500.0,5278500.0,0.47242799999480667,False,heuristic,Box2,1,5278500.0,5278500.0,12.60966499998517,True,optimal,best_calculation
149,9,Box8,1,14616000.0,14616000.0,173.77,False,Box8,1,14616000.0,14616000.0,1.6513799999984258,False,heuristic,Box8,1,14616000.0,14616000.0,32.481746000001976,True,optimal,best_calculation
150,11,Box5,1,20774000.0,20774000.0,310.38,False,Box5,1,20774000.0,20774000.0,1.9863439999880939,False,heuristic,Box5,1,20774000.0,20774000.0,44.06386100001214,True,optimal,best_calculation
151,9,Box9,1,42504000.0,42504000.0,348.02,True,"Box6,Box6",2,49504000.0,24752000.0,0.810687000011967,False,heuristic,"Box2,Box9",2,47782500.0,42504000.0,74.38218600000823,True,optimal,best_calculation
152,4,Box2,1,5278500.0,5278500.0,180.45,False,Box2,1,5278500.0,5278500.0,0.3047680000065611,False,heuristic,Box2,1,5278500.0,5278500.0,6.83006200000591,True,optimal,best_calculation
153,4,Box6,1,24752000.0,24752000.0,171.85,False,Box6,1,24752000.0,24752000.0,0.9737869999923987,False,heuristic,Box6,1,24752000.0,24752000.0,13.489547999995466,True,optimal,best_calculation
154,8,Box2,1,5278500.0,5278500.0,170.2,False,Box2,1,5278500.0,5278500.0,0.8774719999848912,False,heuristic,Box2,1,5278500.0,5278500.0,21.00303000000281,True,optimal,best_calculation
155,5,Box6,1,24752000.0,24752000.0,168.72,False,Box6,1,24752000.0,24752000.0,1.3869590000012977,False,heuristic,Box6,1,24752000.0,24752000.0,21.468335000008665,True,optimal,best_calculation
156,6,Box8,1,14616000.0,14616000.0,160.6,False,Box8,1,14616000.0,14616000.0,1.8629340000018146,False,heuristic,Box8,1,14616000.0,14616000.0,32.751016999981175,True,optimal,best_calculation
157,6,Box4,1,13260000.0,13260000.0,184.81,False,Box4,1,13260000.0,13260000.0,1.6306920000204173,False,heuristic,Box4,1,13260000.0,13260000.0,23.494666000004827,True,optimal,best_calculation
158,6,Box2,1,5278500.0,5278500.0,178.73,False,Box2,1,5278500.0,5278500.0,0.43485899999495814,False,heuristic,Box2,1,5278500.0,5278500.0,13.223508999999467,True,optimal,best_calculation
159,8,Box6,1,24752000.0,24752000.0,184.51,False,Box6,1,24752000.0,24752000.0,0.9608769999829292,False,heuristic,Box6,1,24752000.0,24752000.0,26.17104399999448,True,optimal,best_calculation
160,10,Box4,1,13260000.0,13260000.0,182.51,False,Box8,1,14616000.0,14616000.0,5.911425000022064,False,heuristic,Box4,1,13260000.0,13260000.0,46.38984600001095,True,optimal,best_calculation
161,9,Box9,1,42504000.0,42504000.0,250.61,False,Box9,1,42504000.0,42504000.0,2.35695899999655,False,heuristic,Box9,1,42504000.0,42504000.0,32.02658199998609,True,optimal,best_calculation
162,10,Box4,1,13260000.0,13260000.0,174.88,False,Box4,1,13260000.0,13260000.0,1.6193369999939478,False,heuristic,Box4,1,13260000.0,13260000.0,36.79611800001226,True,optimal,best_calculation
163,13,Box5,1,20774000.0,20774000.0,352.71,False,Box5,1,20774000.0,20774000.0,2.8735690000019076,False,heuristic,Box5,1,20774000.0,20774000.0,61.82228099999065,True,optimal,best_calculation
164,4,Box6,1,24752000.0,24752000.0,187.42,False,Box6,1,24752000.0,24752000.0,0.18305799997619943,False,heuristic,Box6,1,24752000.0,24752000.0,6.271322000003465,True,optimal,best_calculation
165,6,Box9,1,42504000.0,42504000.0,185.74,False,Box9,1,42504000.0,42504000.0,2.2429859999988366,False,heuristic,Box9,1,42504000.0,42504000.0,41.32888100002674,True,optimal,best_calculation
166,10,Box5,1,20774000.0,20774000.0,185.55,False,Box5,1,20774000.0,20774000.0,0.6212899999979982,False,heuristic,Box5,1,20774000.0,20774000.0,25.959464999999682,True,optimal,best_calculation
167,5,Box2,1,5278500.0,5278500.0,181.84,False,Box2,1,5278500.0,5278500.0,0.48454899999228473,False,heuristic,Box2,1,5278500.0,5278500.0,11.114765999991505,True,optimal,best_calculation
168,6,Box5,1,20774000.0,20774000.0,175.96,False,Box5,1,20774000.0,20774000.0,0.40546700000732017,False,heuristic,Box5,1,20774000.0,20774000.0,15.743517000004204,True,optimal,best_calculation
169,5,Box2,1,5278500.0,5278500.0,188.9,False,Box2,1,5278500.0,5278500.0,1.3698440000098344,False,heuristic,Box2,1,5278500.0,5278500.0,9.856401999996933,True,optimal,best_calculation
170,10,Box4,1,13260000.0,13260000.0,184.48,False,Box4,1,13260000.0,13260000.0,1.0466569999891817,False,heuristic,Box4,1,13260000.0,13260000.0,30.425454000010177,True,optimal,best_calculation
171,1,Box2,1,5278500.0,5278500.0,178.18,False,Box2,1,5278500.0,5278500.0,0.12506500002018583,False,heuristic,Box2,1,5278500.0,5278500.0,0.9421900000177175,True,optimal,best_calculation
172,6,Box8,1,14616000.0,14616000.0,168.31,False,Box8,1,14616000.0,14616000.0,1.719266999998581,False,heuristic,Box8,1,14616000.0,14616000.0,29.77977300000134,True,optimal,best_calculation
173,6,Box4,1,13260000.0,13260000.0,171.71,False,Box4,1,13260000.0,13260000.0,0.5999109999947905,False,heuristic,Box4,1,13260000.0,13260000.0,17.835423000008177,True,optimal,best_calculation
174,4,Box2,1,5278500.0,5278500.0,169.57,False,Box2,1,5278500.0,5278500.0,0.2976490000037302,False,heuristic,Box2,1,5278500.0,5278500.0,5.885832999979357,True,optimal,best_calculation
175,4,Box4,1,13260000.0,13260000.0,180.05,False,Box4,1,13260000.0,13260000.0,1.2323670000000675,False,heuristic,Box4,1,13260000.0,13260000.0,12.794201999980714,True,optimal,best_calculation
176,7,Box9,1,42504000.0,42504000.0,187.78,False,Box9,1,42504000.0,42504000.0,0.6604649999815138,False,heuristic,Box9,1,42504000.0,42504000.0,17.573764999980312,True,optimal,best_calculation
177,13,Box6,1,24752000.0,24752000.0,370.72,False,Box6,1,24752000.0,24752000.0,2.203070000007301,False,heuristic,Box6,1,24752000.0,24752000.0,64.66417999999408,True,optimal,best_calculation
178,9,Box8,1,14616000.0,14616000.0,196.41,False,Box5,1,20774000.0,20774000.0,3.9411659999757376,False,heuristic,Box8,1,14616000.0,14616000.0,35.20219300000349,True,optimal,best_calculation
179,10,Box6,1,24752000.0,24752000.0,202.87,False,Box6,1,24752000.0,24752000.0,1.3936280000166335,False,heuristic,Box6,1,24752000.0,24752000.0,37.57037700000865,True,optimal,best_calculation
180,17,Box5,1,20774000.0,20774000.0,218.73,False,Box5,1,20774000.0,20774000.0,4.724738999982492,False,heuristic,Box5,1,20774000.0,20774000.0,105.39193300002125,True,optimal,best_calculation
181,4,Box4,1,13260000.0,13260000.0,186.9,False,Box8,1,14616000.0,14616000.0,0.9872990000019399,False,heuristic,Box4,1,13260000.0,13260000.0,6.019571999985374,True,optimal,best_calculation
182,4,Box8,1,14616000.0,14616000.0,207.33,False,Box5,1,20774000.0,20774000.0,0.9274319999974523,False,heuristic,Box8,1,14616000.0,14616000.0,13.179575000009436,True,optimal,best_calculation
183,3,Box2,1,5278500.0,5278500.0,185.99,False,Box2,1,5278500.0,5278500.0,0.23780400002237911,False,heuristic,Box2,1,5278500.0,5278500.0,4.450808000001416,True,optimal,best_calculation
184,7,Box8,1,14616000.0,14616000.0,185.73,False,Box8,1,14616000.0,14616000.0,0.495330999996213,False,heuristic,Box8,1,14616000.0,14616000.0,17.967800000008083,True,optimal,best_calculation
185,3,Box2,1,5278500.0,5278500.0,228.2,False,Box2,1,5278500.0,5278500.0,0.15332300000636678,False,heuristic,Box2,1,5278500.0,5278500.0,3.442565000000286,True,optimal,best_calculation
186,5,Box5,1,20774000.0,20774000.0,669.08,False,Box5,1,20774000.0,20774000.0,1.3251869999919563,False,heuristic,Box8,1,14616000.0,14616000.0,13.280108000003565,True,optimal,best_calculation
187,5,Box4,1,13260000.0,13260000.0,201.63,False,Box4,1,13260000.0,13260000.0,1.1213700000212157,False,heuristic,Box4,1,13260000.0,13260000.0,16.619319999989557,True,optimal,best_calculation
188,6,Box4,1,13260000.0,13260000.0,190.71,False,Box4,1,13260000.0,13260000.0,0.5548320000059448,False,heuristic,Box4,1,13260000.0,13260000.0,16.536113000000796,True,optimal,best_calculation
189,4,Box2,1,5278500.0,5278500.0,276.24,False,Box2,1,5278500.0,5278500.0,0.33590299997854345,False,heuristic,Box2,1,5278500.0,5278500.0,7.817179999989321,True,optimal,best_calculation
190,7,Box6,1,24752000.0,24752000.0,250.23,False,Box9,1,42504000.0,42504000.0,1.3741349999918384,False,heuristic,Box6,1,24752000.0,24752000.0,21.857973999999558,True,optimal,best_calculation
191,9,Box4,1,13260000.0,13260000.0,274.76,False,Box4,1,13260000.0,13260000.0,1.2021420000110083,False,heuristic,Box4,1,13260000.0,13260000.0,34.46486200002141,True,optimal,best_calculation
192,5,Box8,1,14616000.0,14616000.0,263.53,False,Box8,1,14616000.0,14616000.0,0.4486589999999069,False,heuristic,Box8,1,14616000.0,14616000.0,12.633582999995951,True,optimal,best_calculation
193,7,Box5,1,20774000.0,20774000.0,258.86,False,Box5,1,20774000.0,20774000.0,0.493125999980748,False,heuristic,Box5,1,20774000.0,20774000.0,15.239653999998382,True,optimal,best_calculation
194,8,Box8,1,14616000.0,14616000.0,231.2,False,Box8,1,14616000.0,14616000.0,1.013244999995777,False,heuristic,Box8,1,14616000.0,14616000.0,23.593142000009948,True,optimal,best_calculation
195,11,Box6,1,24752000.0,24752000.0,368.63,False,Box6,1,24752000.0,24752000.0,0.7098339999913605,False,heuristic,Box6,1,24752000.0,24752000.0,31.77412899998444,True,optimal,best_calculation
196,7,Box4,1,13260000.0,13260000.0,228.68,False,Box4,1,13260000.0,13260000.0,0.8078939999904833,False,heuristic,Box4,1,13260000.0,13260000.0,19.68084500001055,True,optimal,best_calculation
197,8,Box4,1,13260000.0,13260000.0,193.55,False,Box8,1,14616000.0,14616000.0,3.1310999999902833,False,heuristic,Box4,1,13260000.0,13260000.0,30.85997599998791,True,optimal,best_calculation
198,11,Box6,1,24752000.0,24752000.0,191.63,False,Box6,1,24752000.0,24752000.0,1.4573440000162918,False,heuristic,Box6,1,24752000.0,24752000.0,43.83420700000329,True,optimal,best_calculation
199,4,Box2,1,5278500.0,5278500.0,180.87,False,Box2,1,5278500.0,5278500.0,0.28388100000142913,False,heuristic,Box2,1,5278500.0,5278500.0,5.937240999998039,True,optimal,best_calculation
200,13,Box4,1,13260000.0,13260000.0,189.16,False,Box4,1,13260000.0,13260000.0,2.0477690000006987,False,heuristic,Box4,1,13260000.0,13260000.0,55.45402100000274,True,optimal,best_calculation
201,3,Box2,1,5278500.0,5278500.0,183.1,False,Box2,1,5278500.0,5278500.0,0.1934160000018892,False,heuristic,Box2,1,5278500.0,5278500.0,3.867718999998715,True,optimal,best_calculation
202,6,Box2,1,5278500.0,5278500.0,193.33,False,Box2,1,5278500.0,5278500.0,0.3764049999972485,False,heuristic,Box2,1,5278500.0,5278500.0,13.137631000006422,True,optimal,best_calculation
203,3,Box2,1,5278500.0,5278500.0,204.6,False,Box2,1,5278500.0,5278500.0,0.21831200001543039,False,heuristic,Box2,1,5278500.0,5278500.0,4.320742999993854,True,optimal,best_calculation
204,6,Box4,1,13260000.0,13260000.0,192.45,False,Box4,1,13260000.0,13260000.0,0.6015140000101837,False,heuristic,Box4,1,13260000.0,13260000.0,15.283540000012863,True,optimal,best_calculation
205,3,Box4,1,13260000.0,13260000.0,184.07,False,Box4,1,13260000.0,13260000.0,0.6399709999982406,False,heuristic,Box4,1,13260000.0,13260000.0,6.684039999981906,True,optimal,best_calculation
206,5,Box4,1,13260000.0,13260000.0,190.1,False,Box4,1,13260000.0,13260000.0,1.283680999989656,False,heuristic,Box4,1,13260000.0,13260000.0,18.17936100002271,True,optimal,best_calculation
207,4,Box8,1,14616000.0,14616000.0,200.02,False,Box8,1,14616000.0,14616000.0,0.42462299998646813,False,heuristic,Box8,1,14616000.0,14616000.0,8.771626999987348,True,optimal,best_calculation
208,4,Box8,1,14616000.0,14616000.0,199.29,False,Box8,1,14616000.0,14616000.0,1.2658180000073571,False,heuristic,Box8,1,14616000.0,14616000.0,8.811255000011897,True,optimal,best_calculation
209,5,Box4,1,13260000.0,13260000.0,310.71,False,Box4,1,13260000.0,13260000.0,0.42674499999861837,False,heuristic,Box4,1,13260000.0,13260000.0,11.593825999995033,True,optimal,best_calculation
210,4,Box2,1,5278500.0,5278500.0,197.27,False,Box2,1,5278500.0,5278500.0,0.2700899999865669,False,heuristic,Box2,1,5278500.0,5278500.0,6.519058000009181,True,optimal,best_calculation
211,11,Box8,1,14616000.0,14616000.0,197.2,False,Box8,1,14616000.0,14616000.0,2.420286000017313,False,heuristic,Box8,1,14616000.0,14616000.0,48.68641699999898,True,optimal,best_calculation
212,8,Box8,1,14616000.0,14616000.0,207.86,False,Box8,1,14616000.0,14616000.0,4.2835370000204875,False,heuristic,Box8,1,14616000.0,14616000.0,28.69206500000132,True,optimal,best_calculation
213,7,Box6,1,24752000.0,24752000.0,257.58,False,Box6,1,24752000.0,24752000.0,0.773860000009563,False,heuristic,Box6,1,24752000.0,24752000.0,18.58863900000074,True,optimal,best_calculation
214,13,Box9,1,42504000.0,42504000.0,203.27,False,"Box9,Box8",2,57120000.0,42504000.0,2.4431320000246615,False,heuristic,Box9,1,42504000.0,42504000.0,58.97910199999501,True,optimal,best_calculation
215,1,Box2,1,5278500.0,5278500.0,221.8,False,Box2,1,5278500.0,5278500.0,0.13222200001905549,False,heuristic,Box2,1,5278500.0,5278500.0,0.794313000000102,True,optimal,best_calculation
216,3,Box4,1,13260000.0,13260000.0,213.35,False,Box4,1,13260000.0,13260000.0,0.6834670000159804,False,heuristic,Box4,1,13260000.0,13260000.0,6.558277999999973,True,optimal,best_calculation
217,4,Box2,1,5278500.0,5278500.0,210.8,False,Box4,1,13260000.0,13260000.0,1.1139050000110728,False,heuristic,Box2,1,5278500.0,5278500.0,9.564819999980045,True,optimal,best_calculation
218,5,Box2,1,5278500.0,5278500.0,231.21,False,Box2,1,5278500.0,5278500.0,1.497469000014462,False,heuristic,Box2,1,5278500.0,5278500.0,10.587729999997464,True,optimal,best_calculation
219,5,Box5,1,20774000.0,20774000.0,209.13,False,Box5,1,20774000.0,20774000.0,0.37237100002585066,False,heuristic,Box5,1,20774000.0,20774000.0,11.901944999976877,True,optimal,best_calculation
220,5,Box8,1,14616000.0,14616000.0,218.06,False,Box8,1,14616000.0,14616000.0,0.5002480000086962,False,heuristic,Box8,1,14616000.0,14616000.0,11.697259000015947,True,optimal,best_calculation
221,11,Box8,1,14616000.0,14616000.0,182.84,False,Box6,1,24752000.0,24752000.0,3.5016479999967487,False,heuristic,Box8,1,14616000.0,14616000.0,48.56068100002631,True,optimal,best_calculation
222,6,Box8,1,14616000.0,14616000.0,170.29,False,Box8,1,14616000.0,14616000.0,0.5772250000006807,False,heuristic,Box8,1,14616000.0,14616000.0,13.035986999994975,True,optimal,best_calculation
223,1,Box2,1,5278500.0,5278500.0,168.37,False,Box2,1,5278500.0,5278500.0,0.12295899998093773,False,heuristic,Box2,1,5278500.0,5278500.0,0.77410599999439,True,optimal,best_calculation
224,10,Box9,1,42504000.0,42504000.0,184.48,False,Box9,1,42504000.0,42504000.0,1.1899010000036014,False,heuristic,Box9,1,42504000.0,42504000.0,29.832027999987076,True,optimal,best_calculation
225,5,Box4,1,13260000.0,13260000.0,213.98,False,Box4,1,13260000.0,13260000.0,0.3943269999808763,False,heuristic,Box4,1,13260000.0,13260000.0,8.532223999992539,True,optimal,best_calculation
226,9,Box2,1,5278500.0,5278500.0,188.82,False,Box2,1,5278500.0,5278500.0,1.4555250000114484,False,heuristic,Box2,1,5278500.0,5278500.0,29.871751999991147,True,optimal,best_calculation
227,8,Box8,1,14616000.0,14616000.0,739.23,False,Box5,1,20774000.0,20774000.0,4.196960000001582,False,heuristic,Box8,1,14616000.0,14616000.0,33.04887900000608,True,optimal,best_calculation
228,7,Box8,1,14616000.0,14616000.0,176.61,False,Box8,1,14616000.0,14616000.0,1.3260310000191566,False,heuristic,Box8,1,14616000.0,14616000.0,21.29541700000459,True,optimal,best_calculation
229,5,Box8,1,14616000.0,14616000.0,174.24,False,Box8,1,14616000.0,14616000.0,1.5151220000007015,False,heuristic,Box8,1,14616000.0,14616000.0,13.06472699999972,True,optimal,best_calculation
230,5,Box4,1,13260000.0,13260000.0,164.1,False,Box4,1,13260000.0,13260000.0,1.1034610000137945,False,heuristic,Box4,1,13260000.0,13260000.0,18.313088000013522,True,optimal,best_calculation
231,5,Box4,1,13260000.0,13260000.0,204.37,False,Box4,1,13260000.0,13260000.0,0.3703470000004927,False,heuristic,Box4,1,13260000.0,13260000.0,10.927872999985766,True,optimal,best_calculation
232,7,Box6,1,24752000.0,24752000.0,178.84,False,Box9,1,42504000.0,42504000.0,1.913127000022996,False,heuristic,Box6,1,24752000.0,24752000.0,20.263792000008607,True,optimal,best_calculation
233,6,Box2,1,5278500.0,5278500.0,173.86,False,Box2,1,5278500.0,5278500.0,0.6985439999880327,False,heuristic,Box2,1,5278500.0,5278500.0,17.1106150000071,True,optimal,best_calculation
234,4,Box4,1,13260000.0,13260000.0,169.71,False,Box4,1,13260000.0,13260000.0,0.9962229999871397,False,heuristic,Box4,1,13260000.0,13260000.0,14.214606999985335,True,optimal,best_calculation
235,6,Box4,1,13260000.0,13260000.0,159.97,False,Box4,1,13260000.0,13260000.0,0.7551589999934549,False,heuristic,Box4,1,13260000.0,13260000.0,16.362969999988763,True,optimal,best_calculation
236,6,Box4,1,13260000.0,13260000.0,165.45,False,Box4,1,13260000.0,13260000.0,2.539978000015708,False,heuristic,Box4,1,13260000.0,13260000.0,33.77861300000973,True,optimal,best_calculation
237,6,Box6,1,24752000.0,24752000.0,171.13,False,Box9,1,42504000.0,42504000.0,2.8982929999870066,False,heuristic,Box5,1,20774000.0,20774000.0,21.18072600001142,True,optimal,best_calculation
238,10,Box5,1,20774000.0,20774000.0,184.86,False,Box5,1,20774000.0,20774000.0,0.8485489999827678,False,heuristic,Box5,1,20774000.0,20774000.0,29.722404000011693,True,optimal,best_calculation
239,19,Box9,1,42504000.0,42504000.0,199.17,False,Box9,1,42504000.0,42504000.0,6.4178300000037325,False,heuristic,Box9,1,42504000.0,42504000.0,120.35061000000269,True,optimal,best_calculation
240,4,Box4,1,13260000.0,13260000.0,167.53,False,Box4,1,13260000.0,13260000.0,0.3245560000095793,False,heuristic,Box4,1,13260000.0,13260000.0,6.470148000005338,True,optimal,best_calculation
241,4,"Box9,Box5",2,63278000.0,42504000.0,230.44,False,"Box9,Box5",2,63278000.0,42504000.0,0.47220900000866095,False,heuristic,"Box5,Box9",2,63278000.0,42504000.0,84.1959969999948,True,optimal,best_calculation
242,2,Box2,1,5278500.0,5278500.0,206.7,False,Box2,1,5278500.0,5278500.0,0.14099700001679594,False,heuristic,Box2,1,5278500.0,5278500.0,2.32755500002213,True,optimal,best_calculation
243,7,Box4,1,13260000.0,13260000.0,179.17,False,Box4,1,13260000.0,13260000.0,0.8348909999824627,False,heuristic,Box4,1,13260000.0,13260000.0,19.85594399999968,True,optimal,best_calculation
244,6,Box5,1,20774000.0,20774000.0,224.25,False,Box5,1,20774000.0,20774000.0,1.7367820000231404,False,heuristic,Box5,1,20774000.0,20774000.0,95.94869800000083,True,optimal,best_calculation
245,5,Box2,1,5278500.0,5278500.0,193.94,False,Box4,1,13260000.0,13260000.0,1.5569450000043616,False,heuristic,Box2,1,5278500.0,5278500.0,10.369428000018388,True,optimal,best_calculation
246,6,Box2,1,5278500.0,5278500.0,163.6,False,Box4,1,13260000.0,13260000.0,2.076348999992206,False,heuristic,Box2,1,5278500.0,5278500.0,13.704726000014489,True,optimal,best_calculation
247,4,Box4,1,13260000.0,13260000.0,163.82,False,Box4,1,13260000.0,13260000.0,0.32450399999106594,False,heuristic,Box4,1,13260000.0,13260000.0,7.970956999997725,True,optimal,best_calculation
248,14,Box9,1,42504000.0,42504000.0,188.9,False,Box9,1,42504000.0,42504000.0,3.7974460000214094,False,heuristic,Box9,1,42504000.0,42504000.0,69.42223999999442,True,optimal,best_calculation
249,11,Box9,1,42504000.0,42504000.0,173.34,False,Box9,1,42504000.0,42504000.0,0.7490990000178499,False,heuristic,Box9,1,42504000.0,42504000.0,33.230188000004546,True,optimal,best_calculation
250,12,Box5,1,20774000.0,20774000.0,178.05,False,Box9,1,42504000.0,42504000.0,4.548724000017046,False,heuristic,Box5,1,20774000.0,20774000.0,54.51038100000005,True,optimal,best_calculation
251,9,Box5,1,20774000.0,20774000.0,172.5,False,Box6,1,24752000.0,24752000.0,3.276184000014837,False,heuristic,Box5,1,20774000.0,20774000.0,33.75922699999023,True,optimal,best_calculation
252,6,Box4,1,13260000.0,13260000.0,160.98,False,Box4,1,13260000.0,13260000.0,0.6499739999981102,False,heuristic,Box4,1,13260000.0,13260000.0,15.042327000003297,True,optimal,best_calculation
253,4,Box8,1,14616000.0,14616000.0,191.38,False,Box5,1,20774000.0,20774000.0,0.8636560000070403,False,heuristic,Box8,1,14616000.0,14616000.0,9.28186000001574,True,optimal,best_calculation
254,5,Box8,1,14616000.0,14616000.0,177.79,False,Box8,1,14616000.0,14616000.0,1.2455449999890789,False,heuristic,Box8,1,14616000.0,14616000.0,26.026612000009663,True,optimal,best_calculation
255,4,Box2,1,5278500.0,5278500.0,162.74,False,Box2,1,5278500.0,5278500.0,0.24151400000960166,False,heuristic,Box2,1,5278500.0,5278500.0,5.771874000004118,True,optimal,best_calculation
256,3,Box5,1,20774000.0,20774000.0,174.68,False,Box5,1,20774000.0,20774000.0,0.739904999988994,False,heuristic,Box5,1,20774000.0,20774000.0,7.371034000016152,True,optimal,best_calculation
257,4,Box4,1,13260000.0,13260000.0,173.14,False,Box4,1,13260000.0,13260000.0,0.24734900000566995,False,heuristic,Box4,1,13260000.0,13260000.0,8.1046309999806,True,optimal,best_calculation
258,4,Box2,1,5278500.0,5278500.0,180.84,False,Box2,1,5278500.0,5278500.0,0.25487900001053276,False,heuristic,Box2,1,5278500.0,5278500.0,7.534951999986106,True,optimal,best_calculation
259,5,Box6,1,24752000.0,24752000.0,195.12,False,Box6,1,24752000.0,24752000.0,1.2572949999878347,False,heuristic,Box6,1,24752000.0,24752000.0,17.168167999983552,True,optimal,best_calculation
260,8,Box9,1,42504000.0,42504000.0,383.14,True,"Box6,Box9",2,67256000.0,42504000.0,1.1025809999978264,False,heuristic,"Box5,Box6",2,45526000.0,24752000.0,62.559415999999146,True,optimal,best_calculation
261,6,Box2,1,5278500.0,5278500.0,176.06,False,Box2,1,5278500.0,5278500.0,0.4357569999910993,False,heuristic,Box2,1,5278500.0,5278500.0,12.859448000000384,True,optimal,best_calculation
262,5,Box2,1,5278500.0,5278500.0,186.36,False,Box2,1,5278500.0,5278500.0,0.4496099999755643,False,heuristic,Box2,1,5278500.0,5278500.0,10.778310000006286,True,optimal,best_calculation
263,5,Box8,1,14616000.0,14616000.0,170.01,False,Box8,1,14616000.0,14616000.0,0.2803649999805202,False,heuristic,Box8,1,14616000.0,14616000.0,9.241946999992479,True,optimal,best_calculation
264,6,Box9,1,42504000.0,42504000.0,311.35,False,Box9,1,42504000.0,42504000.0,1.1352709999812305,False,heuristic,Box6,1,24752000.0,24752000.0,16.137869999994336,True,optimal,best_calculation
265,7,Box5,1,20774000.0,20774000.0,204.09,False,Box5,1,20774000.0,20774000.0,0.5439140000191856,False,heuristic,Box5,1,20774000.0,20774000.0,18.597668999973394,True,optimal,best_calculation
266,8,Box2,1,5278500.0,5278500.0,190.45,False,Box2,1,5278500.0,5278500.0,0.8875599999953465,False,heuristic,Box2,1,5278500.0,5278500.0,22.82253799998557,True,optimal,best_calculation
267,13,Box9,1,42504000.0,42504000.0,168.58,False,Box9,1,42504000.0,42504000.0,2.5452409999786596,False,heuristic,Box9,1,42504000.0,42504000.0,55.56002099999091,True,optimal,best_calculation
268,11,Box9,1,42504000.0,42504000.0,168.41,False,Box9,1,42504000.0,42504000.0,2.0816739999816036,False,heuristic,Box9,1,42504000.0,42504000.0,40.197146999986444,True,optimal,best_calculation
269,10,Box8,1,14616000.0,14616000.0,157.67,False,Box8,1,14616000.0,14616000.0,6.850181000004341,False,heuristic,Box8,1,14616000.0,14616000.0,46.312459000006356,True,optimal,best_calculation
270,8,Box2,1,5278500.0,5278500.0,169.5,False,Box2,1,5278500.0,5278500.0,0.8469960000070387,False,heuristic,Box2,1,5278500.0,5278500.0,21.053687999994963,True,optimal,best_calculation
271,3,Box6,1,24752000.0,24752000.0,157.26,False,Box6,1,24752000.0,24752000.0,0.6121069999949214,False,heuristic,Box6,1,24752000.0,24752000.0,8.572157000003244,True,optimal,best_calculation
272,2,Box4,1,13260000.0,13260000.0,161.41,False,Box4,1,13260000.0,13260000.0,0.13811799999530194,False,heuristic,Box4,1,13260000.0,13260000.0,2.193180000006123,True,optimal,best_calculation
273,4,Box9,1,42504000.0,42504000.0,175.48,False,Box9,1,42504000.0,42504000.0,0.6493710000086139,False,heuristic,Box9,1,42504000.0,42504000.0,13.882577999993373,True,optimal,best_calculation
274,7,Box2,1,5278500.0,5278500.0,170.27,False,Box2,1,5278500.0,5278500.0,0.6836119999888979,False,heuristic,Box2,1,5278500.0,5278500.0,16.940740999984882,True,optimal,best_calculation
275,4,Box5,1,20774000.0,20774000.0,833.78,False,Box5,1,20774000.0,20774000.0,0.8951890000048479,False,heuristic,Box5,1,20774000.0,20774000.0,11.319060000005265,True,optimal,best_calculation
276,2,Box2,1,5278500.0,5278500.0,276.26,False,Box2,1,5278500.0,5278500.0,0.1576550000095267,False,heuristic,Box2,1,5278500.0,5278500.0,1.6000200000121367,True,optimal,best_calculation
277,7,Box6,1,24752000.0,24752000.0,164.3,False,Box6,1,24752000.0,24752000.0,0.36822100000222235,False,heuristic,Box6,1,24752000.0,24752000.0,14.988729999998895,True,optimal,best_calculation
278,3,Box9,1,42504000.0,42504000.0,162.75,False,Box9,1,42504000.0,42504000.0,0.2681489999929454,False,heuristic,Box9,1,42504000.0,42504000.0,5.106487000006155,True,optimal,best_calculation
279,4,Box8,1,14616000.0,14616000.0,213.59,False,Box8,1,14616000.0,14616000.0,0.31878199999368917,False,heuristic,Box8,1,14616000.0,14616000.0,9.332415999978139,True,optimal,best_calculation
280,8,Box8,1,14616000.0,14616000.0,202.78,False,Box8,1,14616000.0,14616000.0,1.107931999996481,False,heuristic,Box8,1,14616000.0,14616000.0,27.312236000000212,True,optimal,best_calculation
281,8,Box8,1,14616000.0,14616000.0,315.04,False,Box8,1,14616000.0,14616000.0,0.8784830000081456,False,heuristic,Box8,1,14616000.0,14616000.0,23.306009999998878,True,optimal,best_calculation
282,8,Box9,1,42504000.0,42504000.0,290.02,False,Box9,1,42504000.0,42504000.0,0.8082489999878817,False,heuristic,Box9,1,42504000.0,42504000.0,21.072930999991968,True,optimal,best_calculation
283,8,Box4,1,13260000.0,13260000.0,158.77,False,Box4,1,13260000.0,13260000.0,0.9503210000048057,False,heuristic,Box4,1,13260000.0,13260000.0,26.75403300000312,True,optimal,best_calculation
284,7,Box6,1,24752000.0,24752000.0,162.37,False,Box9,1,42504000.0,42504000.0,2.1140860000059547,False,heuristic,Box6,1,24752000.0,24752000.0,30.48090999999431,True,optimal,best_calculation
285,8,Box8,1,14616000.0,14616000.0,177.96,False,Box8,1,14616000.0,14616000.0,0.7275770000205739,False,heuristic,Box8,1,14616000.0,14616000.0,22.423083000006727,True,optimal,best_calculation
286,7,Box8,1,14616000.0,14616000.0,157.73,False,Box8,1,14616000.0,14616000.0,3.7323109999931603,False,heuristic,Box8,1,14616000.0,14616000.0,25.798992999995107,True,optimal,best_calculation
287,7,Box8,1,14616000.0,14616000.0,174.12,False,Box8,1,14616000.0,14616000.0,3.0401379999887013,False,heuristic,Box8,1,14616000.0,14616000.0,22.705981999990854,True,optimal,best_calculation
288,3,Box4,1,13260000.0,13260000.0,171.18,False,Box4,1,13260000.0,13260000.0,0.6098039999926641,False,heuristic,Box4,1,13260000.0,13260000.0,6.155955999986418,True,optimal,best_calculation
289,1,Box2,1,5278500.0,5278500.0,161.39,False,Box2,1,5278500.0,5278500.0,0.11346499999831394,False,heuristic,Box2,1,5278500.0,5278500.0,0.6609420000245336,True,optimal,best_calculation
290,8,Box4,1,13260000.0,13260000.0,172.84,False,Box4,1,13260000.0,13260000.0,0.9119470000200636,False,heuristic,Box4,1,13260000.0,13260000.0,25.742062999995596,True,optimal,best_calculation
291,5,Box4,1,13260000.0,13260000.0,199.0,False,Box4,1,13260000.0,13260000.0,0.5241320000095584,False,heuristic,Box4,1,13260000.0,13260000.0,10.846440000022994,True,optimal,best_calculation
292,8,Box4,1,13260000.0,13260000.0,173.38,False,Box5,1,20774000.0,20774000.0,3.3455880000019533,False,heuristic,Box4,1,13260000.0,13260000.0,30.50867299998572,True,optimal,best_calculation
293,3,Box5,1,20774000.0,20774000.0,174.79,False,Box6,1,24752000.0,24752000.0,0.5703760000130842,False,heuristic,Box5,1,20774000.0,20774000.0,6.3595320000047195,True,optimal,best_calculation
294,4,Box4,1,13260000.0,13260000.0,167.88,False,Box4,1,13260000.0,13260000.0,0.872407000002795,False,heuristic,Box4,1,13260000.0,13260000.0,12.298570000012887,True,optimal,best_calculation
295,7,Box4,1,13260000.0,13260000.0,171.42,False,Box4,1,13260000.0,13260000.0,0.5973890000063875,False,heuristic,Box4,1,13260000.0,13260000.0,20.71936300001198,True,optimal,best_calculation
296,4,Box4,1,13260000.0,13260000.0,187.13,False,Box4,1,13260000.0,13260000.0,1.018911999977945,False,heuristic,Box4,1,13260000.0,13260000.0,11.609008999982962,True,optimal,best_calculation
297,7,Box4,1,13260000.0,13260000.0,179.67,False,Box4,1,13260000.0,13260000.0,0.7220219999908295,False,heuristic,Box4,1,13260000.0,13260000.0,20.210716000008233,True,optimal,best_calculation
298,5,Box4,1,13260000.0,13260000.0,194.76,False,Box4,1,13260000.0,13260000.0,1.9238420000249334,False,heuristic,Box4,1,13260000.0,13260000.0,18.858548999986624,True,optimal,best_calculation
299,6,Box4,1,13260000.0,13260000.0,150.92,False,Box4,1,13260000.0,13260000.0,1.7265089999796146,False,heuristic,Box4,1,13260000.0,13260000.0,23.30281100000775,True,optimal,best_calculation
300,7,Box8,1,14616000.0,14616000.0,173.51,False,Box8,1,14616000.0,14616000.0,2.783390999979929,False,heuristic,Box8,1,14616000.0,14616000.0,21.646167000000105,True,optimal,best_calculation
301,10,Box5,1,20774000.0,20774000.0,183.51,False,Box5,1,20774000.0,20774000.0,1.2743100000136565,False,heuristic,Box5,1,20774000.0,20774000.0,35.8008620000021,True,optimal,best_calculation
302,10,Box8,1,14616000.0,14616000.0,195.76,False,Box8,1,14616000.0,14616000.0,7.101317000007157,False,heuristic,Box8,1,14616000.0,14616000.0,43.640324000023156,True,optimal,best_calculation
303,11,Box9,1,42504000.0,42504000.0,164.16,False,"Box9,Box8",2,57120000.0,42504000.0,2.1041660000094,False,heuristic,Box9,1,42504000.0,42504000.0,44.73110099999644,True,optimal,best_calculation
304,4,Box4,1,13260000.0,13260000.0,184.62,False,Box4,1,13260000.0,13260000.0,0.792728999982728,False,heuristic,Box4,1,13260000.0,13260000.0,10.780076000003191,True,optimal,best_calculation
305,5,Box6,1,24752000.0,24752000.0,190.24,False,Box6,1,24752000.0,24752000.0,1.2887139999975261,False,heuristic,Box6,1,24752000.0,24752000.0,19.23229800001991,True,optimal,best_calculation
306,7,Box9,1,42504000.0,42504000.0,341.26,False,Box9,1,42504000.0,42504000.0,1.0086469999919245,False,heuristic,Box9,1,42504000.0,42504000.0,18.932077000016534,True,optimal,best_calculation
307,8,Box2,1,5278500.0,5278500.0,193.36,False,Box2,1,5278500.0,5278500.0,0.8086049999747047,False,heuristic,Box2,1,5278500.0,5278500.0,23.545944999995072,True,optimal,best_calculation
308,5,Box4,1,13260000.0,13260000.0,176.13,False,Box4,1,13260000.0,13260000.0,0.3978419999839389,False,heuristic,Box4,1,13260000.0,13260000.0,11.16336100000126,True,optimal,best_calculation
309,4,Box5,1,20774000.0,20774000.0,179.69,False,Box5,1,20774000.0,20774000.0,0.2439890000118794,False,heuristic,Box5,1,20774000.0,20774000.0,6.542784999993501,True,optimal,best_calculation
310,7,Box9,1,42504000.0,42504000.0,303.62,False,Box9,1,42504000.0,42504000.0,0.7793569999989813,False,heuristic,Box9,1,42504000.0,42504000.0,19.410412000013366,True,optimal,best_calculation
311,6,Box2,1,5278500.0,5278500.0,179.85,False,Box2,1,5278500.0,5278500.0,0.42899899997905777,False,heuristic,Box2,1,5278500.0,5278500.0,13.078887000006034,True,optimal,best_calculation
312,8,Box9,1,42504000.0,42504000.0,197.65,False,Box9,1,42504000.0,42504000.0,1.8647560000033536,False,heuristic,Box9,1,42504000.0,42504000.0,36.22796300001596,True,optimal,best_calculation
313,9,Box8,1,14616000.0,14616000.0,184.15,False,Box8,1,14616000.0,14616000.0,1.0281389999988733,False,heuristic,Box8,1,14616000.0,14616000.0,32.233579000006785,True,optimal,best_calculation
314,8,Box6,1,24752000.0,24752000.0,178.2,False,Box9,1,42504000.0,42504000.0,2.3008279999885417,False,heuristic,Box6,1,24752000.0,24752000.0,29.913975999988907,True,optimal,best_calculation
315,8,Box8,1,14616000.0,14616000.0,164.59,False,Box5,1,20774000.0,20774000.0,2.795923999997285,False,heuristic,Box8,1,14616000.0,14616000.0,28.75149499999452,True,optimal,best_calculation
316,6,Box8,1,14616000.0,14616000.0,204.12,False,Box8,1,14616000.0,14616000.0,2.7712309999969875,False,heuristic,Box8,1,14616000.0,14616000.0,18.068921999997656,True,optimal,best_calculation
317,10,Box5,1,20774000.0,20774000.0,283.3,False,Box6,1,24752000.0,24752000.0,3.9424820000135696,False,heuristic,Box5,1,20774000.0,20774000.0,37.953453999989506,True,optimal,best_calculation
318,12,Box4,1,13260000.0,13260000.0,190.25,False,Box8,1,14616000.0,14616000.0,6.568040000018982,False,heuristic,Box4,1,13260000.0,13260000.0,60.785094999999956,True,optimal,best_calculation
319,11,Box6,1,24752000.0,24752000.0,183.46,False,Box6,1,24752000.0,24752000.0,1.9357810000144582,False,heuristic,Box6,1,24752000.0,24752000.0,44.95547700000202,True,optimal,best_calculation
320,17,"Box9,Box8",2,57120000.0,42504000.0,1011.15,True,"Box6,Box9",2,67256000.0,42504000.0,3.512200000017174,False,heuristic,"Box5,Box6",2,45526000.0,24752000.0,343.50698500000476,True,optimal,best_calculation
321,15,"Box9,Box8",2,57120000.0,42504000.0,242.01,False,Box9,1,42504000.0,42504000.0,2.6434719999883782,False,heuristic,Box9,1,42504000.0,42504000.0,88.42580500001418,True,optimal,best_calculation
322,3,Box2,1,5278500.0,5278500.0,182.8,False,Box2,1,5278500.0,5278500.0,0.2128670000161037,False,heuristic,Box2,1,5278500.0,5278500.0,4.22988199997576,True,optimal,best_calculation
323,5,Box4,1,13260000.0,13260000.0,173.84,False,Box4,1,13260000.0,13260000.0,1.3372090000132175,False,heuristic,Box4,1,13260000.0,13260000.0,17.698528000011038,True,optimal,best_calculation
324,5,Box5,1,20774000.0,20774000.0,160.4,False,Box5,1,20774000.0,20774000.0,0.35843899999576934,False,heuristic,Box5,1,20774000.0,20774000.0,10.206745000004958,True,optimal,best_calculation
325,3,Box2,1,5278500.0,5278500.0,166.19,False,Box2,1,5278500.0,5278500.0,0.17701699999861376,False,heuristic,Box2,1,5278500.0,5278500.0,3.7676470000178597,True,optimal,best_calculation
326,3,Box2,1,5278500.0,5278500.0,179.98,False,Box2,1,5278500.0,5278500.0,0.1871569999991607,False,heuristic,Box2,1,5278500.0,5278500.0,3.225952000008192,True,optimal,best_calculation
327,4,Box4,1,13260000.0,13260000.0,195.68,False,Box4,1,13260000.0,13260000.0,1.0075620000122854,False,heuristic,Box4,1,13260000.0,13260000.0,12.001723000025777,True,optimal,best_calculation
328,5,Box4,1,13260000.0,13260000.0,187.45,False,Box4,1,13260000.0,13260000.0,0.4851649999864094,False,heuristic,Box4,1,13260000.0,13260000.0,9.383122000002686,True,optimal,best_calculation
329,7,Box6,1,24752000.0,24752000.0,198.31,False,Box6,1,24752000.0,24752000.0,0.8818070000131684,False,heuristic,Box6,1,24752000.0,24752000.0,20.088306999980432,True,optimal,best_calculation
330,5,Box4,1,13260000.0,13260000.0,161.18,False,Box4,1,13260000.0,13260000.0,0.4247859999964021,False,heuristic,Box4,1,13260000.0,13260000.0,10.347343999995928,True,optimal,best_calculation
331,6,Box6,1,24752000.0,24752000.0,162.35,False,Box6,1,24752000.0,24752000.0,1.9590869999888127,False,heuristic,Box8,1,14616000.0,14616000.0,16.906732999984797,True,optimal,best_calculation
332,7,Box8,1,14616000.0,14616000.0,176.43,False,Box8,1,14616000.0,14616000.0,2.887775000004922,False,heuristic,Box8,1,14616000.0,14616000.0,22.552836000016896,True,optimal,best_calculation
333,8,Box6,1,24752000.0,24752000.0,188.12,False,Box9,1,42504000.0,42504000.0,2.1065370000030725,False,heuristic,Box6,1,24752000.0,24752000.0,37.990350999990596,True,optimal,best_calculation
334,10,Box5,1,20774000.0,20774000.0,189.08,False,Box5,1,20774000.0,20774000.0,1.1715200000139703,False,heuristic,Box5,1,20774000.0,20774000.0,37.969741000011936,True,optimal,best_calculation
335,24,Box5,1,20774000.0,20774000.0,212.36,False,Box5,1,20774000.0,20774000.0,10.753456000003325,False,heuristic,Box5,1,20774000.0,20774000.0,220.7693949999907,True,optimal,best_calculation
336,4,Box4,1,13260000.0,13260000.0,165.86,False,Box4,1,13260000.0,13260000.0,0.39719400001558824,False,heuristic,Box4,1,13260000.0,13260000.0,7.381595999987667,True,optimal,best_calculation
337,3,Box2,1,5278500.0,5278500.0,196.59,False,Box2,1,5278500.0,5278500.0,0.26247799999623567,False,heuristic,Box2,1,5278500.0,5278500.0,5.011997999986306,True,optimal,best_calculation
338,4,Box4,1,13260000.0,13260000.0,187.5,False,Box4,1,13260000.0,13260000.0,0.32067100002564075,False,heuristic,Box4,1,13260000.0,13260000.0,7.317667000023675,True,optimal,best_calculation
339,3,Box9,1,42504000.0,42504000.0,185.31,False,Box9,1,42504000.0,42504000.0,0.22694099999398532,False,heuristic,Box9,1,42504000.0,42504000.0,5.227477000005365,True,optimal,best_calculation
340,9,Box2,1,5278500.0,5278500.0,174.44,False,Box2,1,5278500.0,5278500.0,0.8743420000030255,False,heuristic,Box2,1,5278500.0,5278500.0,30.991972999999007,True,optimal,best_calculation
341,6,Box5,1,20774000.0,20774000.0,181.63,False,Box5,1,20774000.0,20774000.0,0.47857299998099734,False,heuristic,Box5,1,20774000.0,20774000.0,19.677782000002253,True,optimal,best_calculation
342,4,Box4,1,13260000.0,13260000.0,186.59,False,Box4,1,13260000.0,13260000.0,1.1700020000091627,False,heuristic,Box2,1,5278500.0,5278500.0,7.863405999984252,True,optimal,best_calculation
343,4,Box5,1,20774000.0,20774000.0,193.24,False,Box5,1,20774000.0,20774000.0,0.23599200000035125,False,heuristic,Box5,1,20774000.0,20774000.0,7.4130029999821545,True,optimal,best_calculation
344,5,Box5,1,20774000.0,20774000.0,177.91,False,Box5,1,20774000.0,20774000.0,0.3562409999915417,False,heuristic,Box5,1,20774000.0,20774000.0,10.759285999995427,True,optimal,best_calculation
345,8,Box4,1,13260000.0,13260000.0,172.85,False,Box4,1,13260000.0,13260000.0,1.0796449999759261,False,heuristic,Box4,1,13260000.0,13260000.0,24.749809000013556,True,optimal,best_calculation
346,5,Box4,1,13260000.0,13260000.0,194.33,False,Box4,1,13260000.0,13260000.0,0.31906099999901016,False,heuristic,Box4,1,13260000.0,13260000.0,8.862875000005488,True,optimal,best_calculation
347,8,Box8,1,14616000.0,14616000.0,202.6,False,Box8,1,14616000.0,14616000.0,1.1291309999990062,False,heuristic,Box8,1,14616000.0,14616000.0,27.954973999982258,True,optimal,best_calculation
348,9,Box5,1,20774000.0,20774000.0,174.38,False,Box5,1,20774000.0,20774000.0,1.1698780000131137,False,heuristic,Box5,1,20774000.0,20774000.0,29.99372400000766,True,optimal,best_calculation
349,4,Box4,1,13260000.0,13260000.0,174.94,False,Box4,1,13260000.0,13260000.0,0.856128999998873,False,heuristic,Box4,1,13260000.0,13260000.0,12.033690000009756,True,optimal,best_calculation
350,7,Box5,1,20774000.0,20774000.0,177.12,False,Box5,1,20774000.0,20774000.0,1.9965629999774137,False,heuristic,Box8,1,14616000.0,14616000.0,21.23309300000642,True,optimal,best_calculation
351,8,Box9,1,42504000.0,42504000.0,216.03,False,Box9,1,42504000.0,42504000.0,0.8331720000001042,False,heuristic,Box9,1,42504000.0,42504000.0,24.92364599999064,True,optimal,best_calculation
352,6,Box4,1,13260000.0,13260000.0,163.96,False,Box4,1,13260000.0,13260000.0,1.9192749999774605,False,heuristic,Box4,1,13260000.0,13260000.0,23.234508000001597,True,optimal,best_calculation
353,8,Box6,1,24752000.0,24752000.0,169.25,False,Box6,1,24752000.0,24752000.0,1.11869899998851,False,heuristic,Box6,1,24752000.0,24752000.0,23.208189000001767,True,optimal,best_calculation
354,5,Box8,1,14616000.0,14616000.0,194.74,False,Box8,1,14616000.0,14616000.0,1.3144950000025801,False,heuristic,Box8,1,14616000.0,14616000.0,24.103926000009324,True,optimal,best_calculation
355,6,Box2,1,5278500.0,5278500.0,182.4,False,Box2,1,5278500.0,5278500.0,0.5930100000171024,False,heuristic,Box2,1,5278500.0,5278500.0,14.961575999990373,True,optimal,best_calculation
356,2,Box8,1,14616000.0,14616000.0,183.75,False,Box8,1,14616000.0,14616000.0,0.5610059999980876,False,heuristic,Box8,1,14616000.0,14616000.0,3.677626000012424,True,optimal,best_calculation
357,7,Box2,1,5278500.0,5278500.0,173.96,False,Box2,1,5278500.0,5278500.0,0.7846020000101817,False,heuristic,Box2,1,5278500.0,5278500.0,17.430012999994915,True,optimal,best_calculation
358,5,Box4,1,13260000.0,13260000.0,180.32,False,Box4,1,13260000.0,13260000.0,0.35950400001638627,False,heuristic,Box4,1,13260000.0,13260000.0,12.085049999996045,True,optimal,best_calculation
359,6,Box2,1,5278500.0,5278500.0,154.17,False,Box2,1,5278500.0,5278500.0,0.5133260000036444,False,heuristic,Box2,1,5278500.0,5278500.0,15.167988000001742,True,optimal,best_calculation
360,7,Box5,1,20774000.0,20774000.0,164.28,False,Box5,1,20774000.0,20774000.0,0.6028929999786214,False,heuristic,Box5,1,20774000.0,20774000.0,20.901470000012523,True,optimal,best_calculation
361,7,Box9,1,42504000.0,42504000.0,180.64,False,Box9,1,42504000.0,42504000.0,0.7860339999865573,False,heuristic,Box9,1,42504000.0,42504000.0,20.99986900000772,True,optimal,best_calculation
362,8,Box4,1,13260000.0,13260000.0,193.46,False,Box4,1,13260000.0,13260000.0,1.1740539999891553,False,heuristic,Box4,1,13260000.0,13260000.0,27.528007000000798,True,optimal,best_calculation
363,7,Box6,1,24752000.0,24752000.0,176.11,False,Box6,1,24752000.0,24752000.0,0.7305670000050668,False,heuristic,Box6,1,24752000.0,24752000.0,17.784792000014704,True,optimal,best_calculation
364,9,Box6,1,24752000.0,24752000.0,187.77,False,Box9,1,42504000.0,42504000.0,2.6007300000117084,False,heuristic,Box6,1,24752000.0,24752000.0,42.98826299998382,True,optimal,best_calculation
365,4,Box2,1,5278500.0,5278500.0,207.22,False,Box2,1,5278500.0,5278500.0,0.29738599999973303,False,heuristic,Box2,1,5278500.0,5278500.0,6.036880000010569,True,optimal,best_calculation
366,5,Box4,1,13260000.0,13260000.0,202.2,False,Box4,1,13260000.0,13260000.0,0.4315680000104294,False,heuristic,Box4,1,13260000.0,13260000.0,11.172011000013526,True,optimal,best_calculation
367,6,Box8,1,14616000.0,14616000.0,165.15,False,Box5,1,20774000.0,20774000.0,1.5179620000083105,False,heuristic,Box8,1,14616000.0,14616000.0,34.56032799999775,True,optimal,best_calculation
368,7,Box8,1,14616000.0,14616000.0,730.55,False,Box5,1,20774000.0,20774000.0,2.2407240000177353,False,heuristic,Box8,1,14616000.0,14616000.0,21.684727000007342,True,optimal,best_calculation
369,4,Box4,1,13260000.0,13260000.0,194.74,False,Box4,1,13260000.0,13260000.0,1.159026000010499,False,heuristic,Box4,1,13260000.0,13260000.0,13.221750000013799,True,optimal,best_calculation
370,8,Box9,1,42504000.0,42504000.0,174.49,False,Box9,1,42504000.0,42504000.0,0.766814000002114,False,heuristic,Box9,1,42504000.0,42504000.0,16.939408000013145,True,optimal,best_calculation
371,6,Box4,1,13260000.0,13260000.0,168.04,False,Box4,1,13260000.0,13260000.0,2.303217999980234,False,heuristic,Box4,1,13260000.0,13260000.0,30.8385350000151,True,optimal,best_calculation
372,4,Box2,1,5278500.0,5278500.0,156.74,False,Box2,1,5278500.0,5278500.0,0.22268400002189992,False,heuristic,Box2,1,5278500.0,5278500.0,6.146962999991956,True,optimal,best_calculation
373,8,Box9,1,42504000.0,42504000.0,333.51,True,"Box6,Box9",2,67256000.0,42504000.0,0.9553339999968102,False,heuristic,"Box5,Box6",2,45526000.0,24752000.0,42.250472999995736,True,optimal,best_calculation
374,6,Box8,1,14616000.0,14616000.0,154.22,False,Box8,1,14616000.0,14616000.0,1.95705400000179,False,heuristic,Box8,1,14616000.0,14616000.0,34.54577899998412,True,optimal,best_calculation
375,4,Box2,1,5278500.0,5278500.0,188.6,False,Box2,1,5278500.0,5278500.0,0.2598129999853427,False,heuristic,Box2,1,5278500.0,5278500.0,6.9232339999985015,True,optimal,best_calculation
376,9,Box5,1,20774000.0,20774000.0,314.53,False,Box5,1,20774000.0,20774000.0,1.3384439999981623,False,heuristic,Box5,1,20774000.0,20774000.0,32.78717000000597,True,optimal,best_calculation
377,10,Box6,1,24752000.0,24752000.0,175.58,False,Box6,1,24752000.0,24752000.0,1.1436730000013995,False,heuristic,Box6,1,24752000.0,24752000.0,35.290855999988935,True,optimal,best_calculation
378,11,Box5,1,20774000.0,20774000.0,206.69,False,Box5,1,20774000.0,20774000.0,1.826898000018673,False,heuristic,Box5,1,20774000.0,20774000.0,42.67873100002362,True,optimal,best_calculation
379,4,Box2,1,5278500.0,5278500.0,188.31,False,Box2,1,5278500.0,5278500.0,0.28445899999951507,False,heuristic,Box2,1,5278500.0,5278500.0,6.235824999976103,True,optimal,best_calculation
380,4,Box4,1,13260000.0,13260000.0,175.48,False,Box4,1,13260000.0,13260000.0,0.29492999999547465,False,heuristic,Box4,1,13260000.0,13260000.0,6.458564000013212,True,optimal,best_calculation
381,2,Box2,1,5278500.0,5278500.0,172.59,False,Box2,1,5278500.0,5278500.0,0.13713100000245504,False,heuristic,Box2,1,5278500.0,5278500.0,2.347697999994125,True,optimal,best_calculation
382,5,"Box9,Box9,Box5",3,105782000.0,42504000.0,273.0,False,"Box9,Box6,Box5,Box5",4,108804000.0,42504000.0,0.9681080000234488,False,heuristic,"Box5,Box9,Box9",3,105782000.0,42504000.0,891.7693500000041,True,optimal,best_calculation
383,5,Box2,1,5278500.0,5278500.0,179.56,False,Box2,1,5278500.0,5278500.0,0.450569000008727,False,heuristic,Box2,1,5278500.0,5278500.0,9.532050000018444,True,optimal,best_calculation
384,4,Box4,1,13260000.0,13260000.0,184.15,False,Box4,1,13260000.0,13260000.0,0.308601000000408,False,heuristic,Box4,1,13260000.0,13260000.0,7.236584999986917,True,optimal,best_calculation
385,5,Box2,1,5278500.0,5278500.0,186.62,False,Box2,1,5278500.0,5278500.0,0.5153289999952904,False,heuristic,Box2,1,5278500.0,5278500.0,9.090044000004127,True,optimal,best_calculation
386,3,Box4,1,13260000.0,13260000.0,158.61,False,Box4,1,13260000.0,13260000.0,0.666042000005973,False,heuristic,Box4,1,13260000.0,13260000.0,7.630601999977671,True,optimal,best_calculation
387,3,Box6,1,24752000.0,24752000.0,178.82,False,Box9,1,42504000.0,42504000.0,0.6128539999963323,False,heuristic,Box6,1,24752000.0,24752000.0,6.237588999994159,True,optimal,best_calculation
388,7,Box8,1,14616000.0,14616000.0,174.32,False,Box8,1,14616000.0,14616000.0,0.7007650000048216,False,heuristic,Box8,1,14616000.0,14616000.0,22.474342999998953,True,optimal,best_calculation
389,14,Box5,1,20774000.0,20774000.0,212.66,False,Box5,1,20774000.0,20774000.0,2.1713760000068305,False,heuristic,Box5,1,20774000.0,20774000.0,58.45006300000932,True,optimal,best_calculation
390,4,Box4,1,13260000.0,13260000.0,176.61,False,Box4,1,13260000.0,13260000.0,1.1018339999964155,False,heuristic,Box4,1,13260000.0,13260000.0,14.258175999998457,True,optimal,best_calculation
391,3,Box2,1,5278500.0,5278500.0,221.87,False,Box2,1,5278500.0,5278500.0,0.3096069999912743,False,heuristic,Box2,1,5278500.0,5278500.0,5.199264999987463,True,optimal,best_calculation
392,8,Box9,1,42504000.0,42504000.0,171.33,False,"Box9,Box8",2,57120000.0,42504000.0,0.6460139999830972,False,heuristic,Box9,1,42504000.0,42504000.0,19.955251999988377,True,optimal,best_calculation
393,11,Box4,1,13260000.0,13260000.0,164.6,False,Box8,1,14616000.0,14616000.0,6.540354000009074,False,heuristic,Box4,1,13260000.0,13260000.0,56.50854699999286,True,optimal,best_calculation
394,5,Box5,1,20774000.0,20774000.0,169.88,False,Box5,1,20774000.0,20774000.0,1.244363000012072,False,heuristic,Box5,1,20774000.0,20774000.0,15.689715999997134,True,optimal,best_calculation
395,5,Box2,1,5278500.0,5278500.0,170.59,False,Box4,1,13260000.0,13260000.0,1.345349000018814,False,heuristic,Box2,1,5278500.0,5278500.0,9.743432000021812,True,optimal,best_calculation
396,4,Box8,1,14616000.0,14616000.0,183.06,False,Box8,1,14616000.0,14616000.0,0.38637099999050406,False,heuristic,Box8,1,14616000.0,14616000.0,8.692140999983167,True,optimal,best_calculation
397,5,Box4,1,13260000.0,13260000.0,170.26,False,Box4,1,13260000.0,13260000.0,1.0709019999808334,False,heuristic,Box4,1,13260000.0,13260000.0,16.250542999983963,True,optimal,best_calculation
398,5,Box8,1,14616000.0,14616000.0,169.94,False,Box8,1,14616000.0,14616000.0,1.352071000013666,False,heuristic,Box8,1,14616000.0,14616000.0,11.307732000005899,True,optimal,best_calculation
399,7,Box6,1,24752000.0,24752000.0,170.57,False,Box6,1,24752000.0,24752000.0,0.7492479999768875,False,heuristic,Box6,1,24752000.0,24752000.0,19.083923000010827,True,optimal,best_calculation
400,5,Box8,1,14616000.0,14616000.0,180.24,False,Box8,1,14616000.0,14616000.0,1.726755999982288,False,heuristic,Box8,1,14616000.0,14616000.0,12.896775000001526,True,optimal,best_calculation
401,7,Box8,1,14616000.0,14616000.0,157.75,False,Box8,1,14616000.0,14616000.0,2.070196999994778,False,heuristic,Box8,1,14616000.0,14616000.0,19.582830999979706,True,optimal,best_calculation
402,7,Box2,1,5278500.0,5278500.0,187.43,False,Box2,1,5278500.0,5278500.0,0.7161820000192165,False,heuristic,Box2,1,5278500.0,5278500.0,20.4387769999812,True,optimal,best_calculation
403,6,"Box9,Box5",2,63278000.0,42504000.0,225.08,False,"Box9,Box5",2,63278000.0,42504000.0,0.7912749999832158,False,heuristic,"Box5,Box9",2,63278000.0,42504000.0,143.9216530000067,True,optimal,best_calculation
404,7,Box8,1,14616000.0,14616000.0,160.65,False,Box8,1,14616000.0,14616000.0,0.7899309999856996,False,heuristic,Box8,1,14616000.0,14616000.0,19.772072999984402,True,optimal,best_calculation
405,12,Box9,1,42504000.0,42504000.0,306.39,False,Box9,1,42504000.0,42504000.0,2.5289369999939026,False,heuristic,Box9,1,42504000.0,42504000.0,54.54921999998419,True,optimal,best_calculation
406,9,Box9,1,42504000.0,42504000.0,180.07,False,Box9,1,42504000.0,42504000.0,0.774675999991814,False,heuristic,Box9,1,42504000.0,42504000.0,25.391009999992775,True,optimal,best_calculation
407,20,Box9,1,42504000.0,42504000.0,198.3,False,Box9,1,42504000.0,42504000.0,8.555151999985355,False,heuristic,Box9,1,42504000.0,42504000.0,151.8169269999987,True,optimal,best_calculation
408,5,Box8,1,14616000.0,14616000.0,177.71,False,Box8,1,14616000.0,14616000.0,1.3149359999999888,False,heuristic,Box8,1,14616000.0,14616000.0,21.815241999973978,True,optimal,best_calculation
409,4,Box2,1,5278500.0,5278500.0,168.82,False,Box2,1,5278500.0,5278500.0,0.32106599999792707,False,heuristic,Box2,1,5278500.0,5278500.0,6.656124000016916,True,optimal,best_calculation
410,11,Box4,1,13260000.0,13260000.0,168.56,False,Box4,1,13260000.0,13260000.0,1.605161000014732,False,heuristic,Box4,1,13260000.0,13260000.0,43.77938400000403,True,optimal,best_calculation
411,4,Box4,1,13260000.0,13260000.0,180.47,False,Box4,1,13260000.0,13260000.0,0.28842100002179905,False,heuristic,Box4,1,13260000.0,13260000.0,6.430478999988054,True,optimal,best_calculation
412,7,Box5,1,20774000.0,20774000.0,177.64,False,Box5,1,20774000.0,20774000.0,0.8178989999976238,False,heuristic,Box5,1,20774000.0,20774000.0,20.62576700001273,True,optimal,best_calculation
413,4,Box4,1,13260000.0,13260000.0,198.45,False,Box4,1,13260000.0,13260000.0,0.2673110000159795,False,heuristic,Box4,1,13260000.0,13260000.0,6.495572000005723,True,optimal,best_calculation
414,3,Box2,1,5278500.0,5278500.0,733.72,False,Box2,1,5278500.0,5278500.0,0.18948700000009921,False,heuristic,Box2,1,5278500.0,5278500.0,4.19028400000343,True,optimal,best_calculation
415,4,Box5,1,20774000.0,20774000.0,273.76,False,Box5,1,20774000.0,20774000.0,0.8954870000081883,False,heuristic,Box5,1,20774000.0,20774000.0,9.887145000021746,True,optimal,best_calculation
416,4,Box4,1,13260000.0,13260000.0,187.48,False,Box5,1,20774000.0,20774000.0,1.0179509999943548,False,heuristic,Box4,1,13260000.0,13260000.0,5.726439999989452,True,optimal,best_calculation
417,4,Box4,1,13260000.0,13260000.0,192.82,False,Box4,1,13260000.0,13260000.0,0.27804799998421004,False,heuristic,Box4,1,13260000.0,13260000.0,8.549133000002485,True,optimal,best_calculation
418,6,Box4,1,13260000.0,13260000.0,183.47,False,Box4,1,13260000.0,13260000.0,1.7926550000026964,False,heuristic,Box4,1,13260000.0,13260000.0,25.375924000002215,True,optimal,best_calculation
419,4,Box4,1,13260000.0,13260000.0,258.68,False,Box4,1,13260000.0,13260000.0,0.7680749999963155,False,heuristic,Box4,1,13260000.0,13260000.0,10.333215000002838,True,optimal,best_calculation
420,5,Box9,1,42504000.0,42504000.0,331.78,False,Box9,1,42504000.0,42504000.0,0.6201700000190158,False,heuristic,Box9,1,42504000.0,42504000.0,12.354090000002316,True,optimal,best_calculation
421,5,Box2,1,5278500.0,5278500.0,228.61,False,Box2,1,5278500.0,5278500.0,0.38566199998513184,False,heuristic,Box2,1,5278500.0,5278500.0,9.046513999976469,True,optimal,best_calculation
422,4,Box4,1,13260000.0,13260000.0,194.19,False,Box4,1,13260000.0,13260000.0,1.1993949999862252,False,heuristic,Box4,1,13260000.0,13260000.0,11.341048999980785,True,optimal,best_calculation
423,8,Box4,1,13260000.0,13260000.0,218.87,False,Box4,1,13260000.0,13260000.0,0.8458449999864115,False,heuristic,Box4,1,13260000.0,13260000.0,27.278103999975656,True,optimal,best_calculation
424,8,Box4,1,13260000.0,13260000.0,179.37,False,Box4,1,13260000.0,13260000.0,0.9385390000034022,False,heuristic,Box4,1,13260000.0,13260000.0,24.219963000007283,True,optimal,best_calculation
425,5,Box8,1,14616000.0,14616000.0,169.71,False,Box8,1,14616000.0,14616000.0,1.4222020000147495,False,heuristic,Box8,1,14616000.0,14616000.0,12.259619000019484,True,optimal,best_calculation
426,7,Box8,1,14616000.0,14616000.0,178.84,False,Box8,1,14616000.0,14616000.0,3.531693000013547,False,heuristic,Box8,1,14616000.0,14616000.0,22.526846000005207,True,optimal,best_calculation
427,10,Box5,1,20774000.0,20774000.0,201.77,False,Box5,1,20774000.0,20774000.0,1.5441660000021784,False,heuristic,Box5,1,20774000.0,20774000.0,38.613805000011325,True,optimal,best_calculation
428,5,Box8,1,14616000.0,14616000.0,206.69,False,"Box4,Box8",2,27876000.0,14616000.0,0.7447669999862683,False,heuristic,Box8,1,14616000.0,14616000.0,9.645433999992292,True,optimal,best_calculation
429,10,Box8,1,14616000.0,14616000.0,218.16,False,Box8,1,14616000.0,14616000.0,1.8958690000090428,False,heuristic,Box8,1,14616000.0,14616000.0,39.01267899999539,True,optimal,best_calculation
430,7,Box8,1,14616000.0,14616000.0,193.12,False,Box8,1,14616000.0,14616000.0,3.111240999999154,False,heuristic,Box8,1,14616000.0,14616000.0,25.664610999996285,True,optimal,best_calculation
431,7,Box6,1,24752000.0,24752000.0,177.84,False,Box9,1,42504000.0,42504000.0,2.1270390000154293,False,heuristic,Box5,1,20774000.0,20774000.0,21.11133899998663,True,optimal,best_calculation
432,16,Box9,1,42504000.0,42504000.0,173.83,False,Box9,1,42504000.0,42504000.0,4.294095000005882,False,heuristic,Box9,1,42504000.0,42504000.0,119.10122200001183,True,optimal,best_calculation
433,10,Box5,1,20774000.0,20774000.0,174.97,False,Box5,1,20774000.0,20774000.0,1.571992000009459,False,heuristic,Box5,1,20774000.0,20774000.0,39.70704899998623,True,optimal,best_calculation
434,10,Box6,1,24752000.0,24752000.0,192.21,False,Box9,1,42504000.0,42504000.0,3.597847000008869,False,heuristic,Box6,1,24752000.0,24752000.0,39.46515999999178,True,optimal,best_calculation
435,12,Box9,1,42504000.0,42504000.0,190.7,False,Box9,1,42504000.0,42504000.0,2.517140999998446,False,heuristic,Box9,1,42504000.0,42504000.0,54.274653000021544,True,optimal,best_calculation
436,14,Box9,1,42504000.0,42504000.0,190.94,False,Box9,1,42504000.0,42504000.0,3.661253000018405,False,heuristic,Box9,1,42504000.0,42504000.0,69.62250500001232,True,optimal,best_calculation
437,2,Box4,1,13260000.0,13260000.0,172.0,False,Box4,1,13260000.0,13260000.0,0.2148399999839512,False,heuristic,Box4,1,13260000.0,13260000.0,2.8792730000191114,True,optimal,best_calculation
438,5,Box2,1,5278500.0,5278500.0,197.28,False,Box2,1,5278500.0,5278500.0,0.4387490000112848,False,heuristic,Box2,1,5278500.0,5278500.0,11.463950000006662,True,optimal,best_calculation
439,5,Box4,1,13260000.0,13260000.0,174.25,False,Box4,1,13260000.0,13260000.0,1.9237129999964964,False,heuristic,Box4,1,13260000.0,13260000.0,22.715990999984115,True,optimal,best_calculation
440,3,Box2,1,5278500.0,5278500.0,212.19,False,Box2,1,5278500.0,5278500.0,0.18802899998604516,False,heuristic,Box2,1,5278500.0,5278500.0,3.6709369999812225,True,optimal,best_calculation
441,7,"Box9,Box5",2,63278000.0,42504000.0,230.0,False,"Box9,Box5",2,63278000.0,42504000.0,1.191085000016301,False,heuristic,"Box5,Box9",2,63278000.0,42504000.0,216.40292800000793,True,optimal,best_calculation
442,5,Box9,1,42504000.0,42504000.0,159.32,False,Box9,1,42504000.0,42504000.0,0.5973480000136533,False,heuristic,Box9,1,42504000.0,42504000.0,12.368910999981608,True,optimal,best_calculation
443,4,Box8,1,14616000.0,14616000.0,175.56,False,Box8,1,14616000.0,14616000.0,0.3097210000078121,False,heuristic,Box8,1,14616000.0,14616000.0,8.941912000011598,True,optimal,best_calculation
444,5,Box4,1,13260000.0,13260000.0,186.66,False,Box4,1,13260000.0,13260000.0,0.4501829999981055,False,heuristic,Box4,1,13260000.0,13260000.0,10.340538999997761,True,optimal,best_calculation
445,8,Box4,1,13260000.0,13260000.0,169.94,False,Box4,1,13260000.0,13260000.0,0.9168409999915639,False,heuristic,Box4,1,13260000.0,13260000.0,25.11502999999493,True,optimal,best_calculation
446,8,Box2,1,5278500.0,5278500.0,194.11,False,Box2,1,5278500.0,5278500.0,0.9176069999909942,False,heuristic,Box2,1,5278500.0,5278500.0,21.600986000009925,True,optimal,best_calculation
447,1,Box2,1,5278500.0,5278500.0,172.34,False,Box2,1,5278500.0,5278500.0,0.11702599999807717,False,heuristic,Box2,1,5278500.0,5278500.0,0.7767959999966934,True,optimal,best_calculation
448,10,Box5,1,20774000.0,20774000.0,183.65,False,Box5,1,20774000.0,20774000.0,2.073732000013706,False,heuristic,Box5,1,20774000.0,20774000.0,38.247853999990866,True,optimal,best_calculation
449,2,Box4,1,13260000.0,13260000.0,187.14,False,Box4,1,13260000.0,13260000.0,0.14863600000580846,False,heuristic,Box4,1,13260000.0,13260000.0,2.346966999994038,True,optimal,best_calculation
450,4,Box6,1,24752000.0,24752000.0,212.02,False,"Box8,Box2,Box2",3,25173000.0,14616000.0,0.798002000010456,False,heuristic,Box6,1,24752000.0,24752000.0,20.727028999999675,True,optimal,best_calculation
451,4,Box5,1,20774000.0,20774000.0,196.09,False,Box5,1,20774000.0,20774000.0,0.2796179999791093,False,heuristic,Box5,1,20774000.0,20774000.0,7.13002800000595,True,optimal,best_calculation
452,3,Box4,1,13260000.0,13260000.0,180.83,False,Box4,1,13260000.0,13260000.0,0.6843430000174067,False,heuristic,Box4,1,13260000.0,13260000.0,7.414159999996173,True,optimal,best_calculation
453,5,Box5,1,20774000.0,20774000.0,168.19,False,Box5,1,20774000.0,20774000.0,0.39505400002326496,False,heuristic,Box5,1,20774000.0,20774000.0,9.810773999987532,True,optimal,best_calculation
454,5,Box4,1,13260000.0,13260000.0,180.01,False,Box4,1,13260000.0,13260000.0,0.4232430000001841,False,heuristic,Box4,1,13260000.0,13260000.0,11.738054999995029,True,optimal,best_calculation
455,5,Box2,1,5278500.0,5278500.0,180.67,False,Box2,1,5278500.0,5278500.0,0.4589319999865893,False,heuristic,Box2,1,5278500.0,5278500.0,9.507807999995066,True,optimal,best_calculation
456,5,Box9,1,42504000.0,42504000.0,204.45,False,Box9,1,42504000.0,42504000.0,0.5599490000065543,False,heuristic,Box9,1,42504000.0,42504000.0,11.905336000012312,True,optimal,best_calculation
457,11,Box9,1,42504000.0,42504000.0,346.27,True,"Box6,Box6",2,49504000.0,24752000.0,1.1008280000055493,False,heuristic,"Box2,Box9",2,47782500.0,42504000.0,118.69881600000554,True,optimal,best_calculation
458,8,Box8,1,14616000.0,14616000.0,718.39,False,Box8,1,14616000.0,14616000.0,2.9499610000129906,False,heuristic,Box4,1,13260000.0,13260000.0,28.743689000009454,True,optimal,best_calculation
459,9,Box8,1,14616000.0,14616000.0,170.76,False,Box8,1,14616000.0,14616000.0,2.810956000018905,False,heuristic,Box8,1,14616000.0,14616000.0,68.6155359999816,True,optimal,best_calculation
460,20,Box4,1,13260000.0,13260000.0,200.8,False,Box4,1,13260000.0,13260000.0,5.485828000018955,False,heuristic,Box4,1,13260000.0,13260000.0,139.07126400002312,True,optimal,best_calculation
461,9,Box9,1,42504000.0,42504000.0,174.62,False,Box9,1,42504000.0,42504000.0,1.3541830000178834,False,heuristic,Box9,1,42504000.0,42504000.0,27.559292999995932,True,optimal,best_calculation
462,10,Box8,1,14616000.0,14616000.0,166.0,False,Box8,1,14616000.0,14616000.0,1.7991560000041318,False,heuristic,Box8,1,14616000.0,14616000.0,39.00422700002082,True,optimal,best_calculation
463,6,Box4,1,13260000.0,13260000.0,182.86,False,Box4,1,13260000.0,13260000.0,0.48932800001466603,False,heuristic,Box4,1,13260000.0,13260000.0,13.67879899999025,True,optimal,best_calculation
464,8,Box8,1,14616000.0,14616000.0,162.6,False,Box8,1,14616000.0,14616000.0,1.0802410000110285,False,heuristic,Box8,1,14616000.0,14616000.0,28.06723300000158,True,optimal,best_calculation
465,5,Box8,1,14616000.0,14616000.0,170.43,False,Box8,1,14616000.0,14616000.0,1.3921800000105122,False,heuristic,Box8,1,14616000.0,14616000.0,17.147470000026033,True,optimal,best_calculation
466,6,Box4,1,13260000.0,13260000.0,188.85,False,Box4,1,13260000.0,13260000.0,0.5091920000097616,False,heuristic,Box4,1,13260000.0,13260000.0,13.92946599997913,True,optimal,best_calculation
467,8,Box8,1,14616000.0,14616000.0,197.42,False,Box8,1,14616000.0,14616000.0,0.7986809999920297,False,heuristic,Box8,1,14616000.0,14616000.0,21.05178100001126,True,optimal,best_calculation
468,4,Box2,1,5278500.0,5278500.0,212.76,False,Box2,1,5278500.0,5278500.0,0.2790229999902749,False,heuristic,Box2,1,5278500.0,5278500.0,5.976601999975628,True,optimal,best_calculation
469,7,Box2,1,5278500.0,5278500.0,188.08,False,Box2,1,5278500.0,5278500.0,0.6900019999989127,False,heuristic,Box2,1,5278500.0,5278500.0,17.01864300000011,True,optimal,best_calculation
470,4,Box4,1,13260000.0,13260000.0,184.83,False,Box4,1,13260000.0,13260000.0,1.2275160000001506,False,heuristic,Box4,1,13260000.0,13260000.0,12.871802999995907,True,optimal,best_calculation
471,8,Box4,1,13260000.0,13260000.0,185.87,False,Box4,1,13260000.0,13260000.0,2.415210000009438,False,heuristic,Box4,1,13260000.0,13260000.0,165.24940700000457,True,optimal,best_calculation
472,5,Box4,1,13260000.0,13260000.0,176.56,False,Box4,1,13260000.0,13260000.0,2.185390999983383,False,heuristic,Box4,1,13260000.0,13260000.0,22.69757100000902,True,optimal,best_calculation
473,5,Box8,1,14616000.0,14616000.0,176.89,False,Box8,1,14616000.0,14616000.0,1.2868009999920105,False,heuristic,Box8,1,14616000.0,14616000.0,11.798013000003493,True,optimal,best_calculation
474,5,Box8,1,14616000.0,14616000.0,169.45,False,Box8,1,14616000.0,14616000.0,0.4718129999901066,False,heuristic,Box8,1,14616000.0,14616000.0,12.034403999990673,True,optimal,best_calculation
475,9,Box8,1,14616000.0,14616000.0,161.46,False,Box8,1,14616000.0,14616000.0,0.7503919999862774,False,heuristic,Box8,1,14616000.0,14616000.0,27.559365999991314,True,optimal,best_calculation
476,9,Box9,1,42504000.0,42504000.0,315.12,False,Box9,1,42504000.0,42504000.0,1.7306360000191034,False,heuristic,Box9,1,42504000.0,42504000.0,30.714015000000927,True,optimal,best_calculation
477,11,Box5,1,20774000.0,20774000.0,189.87,False,Box5,1,20774000.0,20774000.0,1.6584539999939807,False,heuristic,Box5,1,20774000.0,20774000.0,39.049982000022965,True,optimal,best_calculation
478,10,Box9,1,42504000.0,42504000.0,196.97,False,Box9,1,42504000.0,42504000.0,1.8097349999948165,False,heuristic,Box9,1,42504000.0,42504000.0,42.09656699998732,True,optimal,best_calculation
479,10,Box5,1,20774000.0,20774000.0,199.68,False,Box5,1,20774000.0,20774000.0,7.57362000001649,False,heuristic,Box5,1,20774000.0,20774000.0,48.64513800001191,True,optimal,best_calculation
480,6,Box4,1,13260000.0,13260000.0,193.92,False,Box4,1,13260000.0,13260000.0,2.005978999989111,False,heuristic,Box4,1,13260000.0,13260000.0,27.94368799999347,True,optimal,best_calculation
481,10,Box5,1,20774000.0,20774000.0,191.86,False,Box5,1,20774000.0,20774000.0,1.2501639999982217,False,heuristic,Box5,1,20774000.0,20774000.0,35.65804799998773,True,optimal,best_calculation
482,7,Box9,1,42504000.0,42504000.0,175.4,False,Box9,1,42504000.0,42504000.0,0.6685600000082559,False,heuristic,Box9,1,42504000.0,42504000.0,16.480130000019244,True,optimal,best_calculation
483,2,Box5,1,20774000.0,20774000.0,199.8,False,Box5,1,20774000.0,20774000.0,0.47571900000775713,False,heuristic,Box5,1,20774000.0,20774000.0,3.068895000012617,True,optimal,best_calculation
484,9,Box2,1,5278500.0,5278500.0,173.86,False,Box2,1,5278500.0,5278500.0,0.8227270000134013,False,heuristic,Box2,1,5278500.0,5278500.0,30.20063499999992,True,optimal,best_calculation
485,7,Box5,1,20774000.0,20774000.0,169.75,False,Box5,1,20774000.0,20774000.0,2.702705999979571,False,heuristic,Box5,1,20774000.0,20774000.0,29.146663999995326,True,optimal,best_calculation
486,6,Box4,1,13260000.0,13260000.0,172.81,False,Box4,1,13260000.0,13260000.0,0.5727729999875919,False,heuristic,Box4,1,13260000.0,13260000.0,17.101239999988138,True,optimal,best_calculation
487,4,Box8,1,14616000.0,14616000.0,182.94,False,Box6,1,24752000.0,24752000.0,1.1338529999989078,False,heuristic,Box8,1,14616000.0,14616000.0,8.491375000005519,True,optimal,best_calculation
488,9,Box4,1,13260000.0,13260000.0,182.9,False,Box4,1,13260000.0,13260000.0,2.0626539999852866,False,heuristic,Box4,1,13260000.0,13260000.0,33.48059199998943,True,optimal,best_calculation
489,7,Box8,1,14616000.0,14616000.0,188.84,False,Box8,1,14616000.0,14616000.0,1.042742999999291,False,heuristic,Box8,1,14616000.0,14616000.0,21.058818999989626,True,optimal,best_calculation
490,8,Box5,1,20774000.0,20774000.0,225.72,False,Box6,1,24752000.0,24752000.0,2.590650000001915,False,heuristic,Box5,1,20774000.0,20774000.0,24.941450999989456,True,optimal,best_calculation
491,8,Box4,1,13260000.0,13260000.0,174.99,False,Box4,1,13260000.0,13260000.0,1.1376219999874593,False,heuristic,Box4,1,13260000.0,13260000.0,28.778752999983226,True,optimal,best_calculation
492,10,Box2,1,5278500.0,5278500.0,168.39,False,Box2,1,5278500.0,5278500.0,1.3653350000026876,False,heuristic,Box2,1,5278500.0,5278500.0,36.64728900000114,True,optimal,best_calculation
493,4,Box2,1,5278500.0,5278500.0,178.41,False,Box2,1,5278500.0,5278500.0,0.2804939999805356,False,heuristic,Box2,1,5278500.0,5278500.0,5.924561999989919,True,optimal,best_calculation
494,3,Box4,1,13260000.0,13260000.0,203.02,False,Box5,1,20774000.0,20774000.0,0.6328689999861581,False,heuristic,Box4,1,13260000.0,13260000.0,3.4115219999932833,True,optimal,best_calculation
495,4,Box4,1,13260000.0,13260000.0,176.3,False,Box4,1,13260000.0,13260000.0,0.8795139999904222,False,heuristic,Box4,1,13260000.0,13260000.0,11.527948999997761,True,optimal,best_calculation
496,4,Box4,1,13260000.0,13260000.0,202.41,False,Box4,1,13260000.0,13260000.0,1.0051799999928335,False,heuristic,Box4,1,13260000.0,13260000.0,12.509133000008887,True,optimal,best_calculation
497,6,Box4,1,13260000.0,13260000.0,193.54,False,Box4,1,13260000.0,13260000.0,1.8174939999937578,False,heuristic,Box4,1,13260000.0,13260000.0,25.66445700000486,True,optimal,best_calculation
498,9,Box8,1,14616000.0,14616000.0,178.33,False,Box8,1,14616000.0,14616000.0,1.5110479999975723,False,heuristic,Box8,1,14616000.0,14616000.0,32.107395999986466,True,optimal,best_calculation
499,7,Box8,1,14616000.0,14616000.0,212.61,False,Box8,1,14616000.0,14616000.0,0.5998559999795816,False,heuristic,Box8,1,14616000.0,14616000.0,20.357991000025777,True,optimal,best_calculation
500,9,Box8,1,14616000.0,14616000.0,199.1,False,"Box8,Box2",2,19894500.0,14616000.0,1.9535499999960848,False,heuristic,Box8,1,14616000.0,14616000.0,32.729537999983904,True,optimal,best_calculation
501,4,Box2,1,5278500.0,5278500.0,198.83,False,Box2,1,5278500.0,5278500.0,0.28786999999397267,False,heuristic,Box2,1,5278500.0,5278500.0,6.032406000002766,True,optimal,best_calculation
502,3,Box4,1,13260000.0,13260000.0,187.78,False,Box4,1,13260000.0,13260000.0,0.22099000000253,False,heuristic,Box4,1,13260000.0,13260000.0,4.0801739999949405,True,optimal,best_calculation
503,7,Box2,1,5278500.0,5278500.0,541.18,False,Box2,1,5278500.0,5278500.0,0.7252810000011323,False,heuristic,Box2,1,5278500.0,5278500.0,19.215121000002,True,optimal,best_calculation
504,6,Box2,1,5278500.0,5278500.0,163.16,False,Box2,1,5278500.0,5278500.0,0.4510579999816855,False,heuristic,Box2,1,5278500.0,5278500.0,13.68168700000183,True,optimal,best_calculation
505,12,Box9,1,42504000.0,42504000.0,353.15,True,"Box6,Box6",2,49504000.0,24752000.0,1.1718250000001262,False,heuristic,"Box6,Box6",2,49504000.0,24752000.0,203.23800100001677,True,optimal,best_calculation
506,8,Box9,1,42504000.0,42504000.0,191.43,False,Box9,1,42504000.0,42504000.0,1.2625449999745797,False,heuristic,Box9,1,42504000.0,42504000.0,25.520364000016116,True,optimal,best_calculation
507,7,Box5,1,20774000.0,20774000.0,167.66,False,Box5,1,20774000.0,20774000.0,0.6093169999985548,False,heuristic,Box5,1,20774000.0,20774000.0,21.607017999997424,True,optimal,best_calculation
508,4,Box2,1,5278500.0,5278500.0,212.58,False,Box2,1,5278500.0,5278500.0,0.2853060000234109,False,heuristic,Box2,1,5278500.0,5278500.0,5.992120000001933,True,optimal,best_calculation
509,4,Box6,1,24752000.0,24752000.0,177.97,False,Box6,1,24752000.0,24752000.0,0.8887930000014421,False,heuristic,Box6,1,24752000.0,24752000.0,13.058024999992313,True,optimal,best_calculation
510,4,Box4,1,13260000.0,13260000.0,188.17,False,Box4,1,13260000.0,13260000.0,0.7867719999978817,False,heuristic,Box4,1,13260000.0,13260000.0,11.234307999984594,True,optimal,best_calculation
511,6,Box5,1,20774000.0,20774000.0,173.39,False,Box5,1,20774000.0,20774000.0,1.8029480000052445,False,heuristic,Box5,1,20774000.0,20774000.0,33.62060800000677,True,optimal,best_calculation
512,9,Box2,1,5278500.0,5278500.0,158.22,False,Box2,1,5278500.0,5278500.0,0.921219999980849,False,heuristic,Box2,1,5278500.0,5278500.0,29.976715999993075,True,optimal,best_calculation
513,3,Box8,1,14616000.0,14616000.0,171.58,False,Box8,1,14616000.0,14616000.0,0.1362759999778973,False,heuristic,Box8,1,14616000.0,14616000.0,2.9119170000058148,True,optimal,best_calculation
514,7,Box4,1,13260000.0,13260000.0,169.6,False,Box4,1,13260000.0,13260000.0,0.7251209999878938,False,heuristic,Box4,1,13260000.0,13260000.0,21.650508000021773,True,optimal,best_calculation
515,6,Box4,1,13260000.0,13260000.0,161.32,False,Box4,1,13260000.0,13260000.0,1.5004550000128347,False,heuristic,Box4,1,13260000.0,13260000.0,22.98597500001165,True,optimal,best_calculation
516,11,Box5,1,20774000.0,20774000.0,176.65,False,Box5,1,20774000.0,20774000.0,1.4894880000042576,False,heuristic,Box5,1,20774000.0,20774000.0,48.935841000002256,True,optimal,best_calculation
517,7,Box6,1,24752000.0,24752000.0,167.55,False,Box6,1,24752000.0,24752000.0,2.8612890000090374,False,heuristic,Box6,1,24752000.0,24752000.0,35.38440299999479,True,optimal,best_calculation
518,9,Box4,1,13260000.0,13260000.0,172.08,False,Box4,1,13260000.0,13260000.0,0.9500779999882525,False,heuristic,Box4,1,13260000.0,13260000.0,30.46032500000706,True,optimal,best_calculation
519,6,Box9,1,42504000.0,42504000.0,287.62,False,Box9,1,42504000.0,42504000.0,1.0812900000019,False,heuristic,Box6,1,24752000.0,24752000.0,16.0214209999765,True,optimal,best_calculation
520,9,Box8,1,14616000.0,14616000.0,166.2,False,Box8,1,14616000.0,14616000.0,5.24453899998889,False,heuristic,Box8,1,14616000.0,14616000.0,37.01118600000086,True,optimal,best_calculation
521,8,Box8,1,14616000.0,14616000.0,293.1,False,Box8,1,14616000.0,14616000.0,1.0116480000021966,False,heuristic,Box8,1,14616000.0,14616000.0,24.36195399999974,True,optimal,best_calculation
522,1,Box2,1,5278500.0,5278500.0,156.0,False,Box2,1,5278500.0,5278500.0,0.08824899998671754,False,heuristic,Box2,1,5278500.0,5278500.0,0.7176379999975779,True,optimal,best_calculation
523,5,Box5,1,20774000.0,20774000.0,163.64,False,Box5,1,20774000.0,20774000.0,1.094124000019292,False,heuristic,Box5,1,20774000.0,20774000.0,31.33534600002008,True,optimal,best_calculation
524,7,Box9,1,42504000.0,42504000.0,166.25,False,Box9,1,42504000.0,42504000.0,0.6401009999876806,False,heuristic,Box9,1,42504000.0,42504000.0,14.346001000006936,True,optimal,best_calculation
525,8,Box2,1,5278500.0,5278500.0,180.39,False,Box2,1,5278500.0,5278500.0,0.7094160000065131,False,heuristic,Box2,1,5278500.0,5278500.0,23.28739300000393,True,optimal,best_calculation
526,4,Box2,1,5278500.0,5278500.0,168.17,False,Box2,1,5278500.0,5278500.0,0.2790150000180347,False,heuristic,Box2,1,5278500.0,5278500.0,5.8328579999908925,True,optimal,best_calculation
527,3,Box4,1,13260000.0,13260000.0,170.59,False,Box4,1,13260000.0,13260000.0,0.6667330000027505,False,heuristic,Box4,1,13260000.0,13260000.0,7.280382000004693,True,optimal,best_calculation
528,5,Box8,1,14616000.0,14616000.0,166.37,False,Box8,1,14616000.0,14616000.0,1.91124099998774,False,heuristic,Box8,1,14616000.0,14616000.0,13.061274999984107,True,optimal,best_calculation
529,7,Box6,1,24752000.0,24752000.0,180.75,False,Box6,1,24752000.0,24752000.0,0.6444210000040584,False,heuristic,Box6,1,24752000.0,24752000.0,20.986648000018704,True,optimal,best_calculation
530,6,Box4,1,13260000.0,13260000.0,186.3,False,Box5,1,20774000.0,20774000.0,1.8205570000020543,False,heuristic,Box4,1,13260000.0,13260000.0,14.125648000003821,True,optimal,best_calculation
531,8,Box2,1,5278500.0,5278500.0,181.59,False,Box2,1,5278500.0,5278500.0,0.6555779999928291,False,heuristic,Box2,1,5278500.0,5278500.0,23.042041000024938,True,optimal,best_calculation
532,7,Box2,1,5278500.0,5278500.0,156.36,False,Box2,1,5278500.0,5278500.0,0.669251999994458,False,heuristic,Box2,1,5278500.0,5278500.0,18.01944199999639,True,optimal,best_calculation
533,9,"Box9,Box4",2,55764000.0,42504000.0,245.38,False,"Box6,Box9",2,67256000.0,42504000.0,1.3037919999874248,False,heuristic,"Box6,Box6",2,49504000.0,24752000.0,92.29041800000459,True,optimal,best_calculation
534,8,Box9,1,42504000.0,42504000.0,176.37,False,Box9,1,42504000.0,42504000.0,1.0735649999844554,False,heuristic,Box9,1,42504000.0,42504000.0,23.9268999999922,True,optimal,best_calculation
535,4,Box6,1,24752000.0,24752000.0,218.91,False,Box6,1,24752000.0,24752000.0,0.9814390000144613,False,heuristic,Box6,1,24752000.0,24752000.0,13.360503000001245,True,optimal,best_calculation
536,4,Box6,1,24752000.0,24752000.0,157.57,False,Box6,1,24752000.0,24752000.0,0.910212999997384,False,heuristic,Box6,1,24752000.0,24752000.0,13.999706000021206,True,optimal,best_calculation
537,4,Box4,1,13260000.0,13260000.0,177.62,False,Box4,1,13260000.0,13260000.0,0.27836800001068696,False,heuristic,Box4,1,13260000.0,13260000.0,6.4049879999856785,True,optimal,best_calculation
538,10,Box8,1,14616000.0,14616000.0,306.25,False,Box8,1,14616000.0,14616000.0,1.48472099999708,False,heuristic,Box8,1,14616000.0,14616000.0,45.045119999997496,True,optimal,best_calculation
539,9,Box9,1,42504000.0,42504000.0,230.47,False,Box9,1,42504000.0,42504000.0,1.4331110000114222,False,heuristic,Box9,1,42504000.0,42504000.0,29.24029299998665,True,optimal,best_calculation
540,7,Box4,1,13260000.0,13260000.0,174.05,False,Box4,1,13260000.0,13260000.0,0.7115299999895797,False,heuristic,Box4,1,13260000.0,13260000.0,18.028628999985585,True,optimal,best_calculation
541,8,Box4,1,13260000.0,13260000.0,175.79,False,Box4,1,13260000.0,13260000.0,0.8068169999830843,False,heuristic,Box4,1,13260000.0,13260000.0,26.466475999995964,True,optimal,best_calculation
542,4,Box2,1,5278500.0,5278500.0,169.65,False,Box2,1,5278500.0,5278500.0,0.2841790000047695,False,heuristic,Box2,1,5278500.0,5278500.0,5.916401000007454,True,optimal,best_calculation
543,3,Box8,1,14616000.0,14616000.0,155.0,False,Box8,1,14616000.0,14616000.0,0.5767920000039339,False,heuristic,Box8,1,14616000.0,14616000.0,6.609596999993528,True,optimal,best_calculation
544,8,Box2,1,5278500.0,5278500.0,178.29,False,Box2,1,5278500.0,5278500.0,0.8659009999973932,False,heuristic,Box2,1,5278500.0,5278500.0,21.289083999988634,True,optimal,best_calculation
545,2,Box2,1,5278500.0,5278500.0,182.42,False,Box2,1,5278500.0,5278500.0,0.15155699998103955,False,heuristic,Box2,1,5278500.0,5278500.0,1.7857800000058432,True,optimal,best_calculation
546,2,Box4,1,13260000.0,13260000.0,169.25,False,Box4,1,13260000.0,13260000.0,0.13749300001109077,False,heuristic,Box4,1,13260000.0,13260000.0,1.7596680000053766,True,optimal,best_calculation
547,10,Box9,1,42504000.0,42504000.0,177.27,False,Box9,1,42504000.0,42504000.0,1.654697000020633,False,heuristic,Box9,1,42504000.0,42504000.0,34.93080999999165,True,optimal,best_calculation
548,6,Box2,1,5278500.0,5278500.0,165.12,False,Box2,1,5278500.0,5278500.0,0.4292149999969297,False,heuristic,Box2,1,5278500.0,5278500.0,13.154780999997229,True,optimal,best_calculation
549,8,Box8,1,14616000.0,14616000.0,623.9,False,Box5,1,20774000.0,20774000.0,2.7086970000027577,False,heuristic,Box8,1,14616000.0,14616000.0,26.31114999999795,True,optimal,best_calculation
550,10,Box9,1,42504000.0,42504000.0,194.61,False,Box9,1,42504000.0,42504000.0,3.0450809999820194,False,heuristic,Box6,1,24752000.0,24752000.0,32.42459500000905,True,optimal,best_calculation
551,3,Box2,1,5278500.0,5278500.0,184.59,False,Box2,1,5278500.0,5278500.0,0.21725199999877987,False,heuristic,Box2,1,5278500.0,5278500.0,4.129590000019334,True,optimal,best_calculation
552,2,Box8,1,14616000.0,14616000.0,186.6,False,Box8,1,14616000.0,14616000.0,0.09534899999152913,False,heuristic,Box8,1,14616000.0,14616000.0,1.7207120000080067,True,optimal,best_calculation
553,5,Box5,1,20774000.0,20774000.0,170.77,False,Box5,1,20774000.0,20774000.0,1.1785419999910118,False,heuristic,Box5,1,20774000.0,20774000.0,15.366806000002953,True,optimal,best_calculation
554,8,Box6,1,24752000.0,24752000.0,305.5,False,Box9,1,42504000.0,42504000.0,1.4209810000238576,False,heuristic,Box6,1,24752000.0,24752000.0,23.608244000001832,True,optimal,best_calculation
555,9,Box4,1,13260000.0,13260000.0,176.72,False,Box4,1,13260000.0,13260000.0,0.9464329999957499,False,heuristic,Box4,1,13260000.0,13260000.0,32.91366999999923,True,optimal,best_calculation
556,8,Box8,1,14616000.0,14616000.0,199.01,False,Box8,1,14616000.0,14616000.0,1.1647580000158086,False,heuristic,Box8,1,14616000.0,14616000.0,24.779934000008552,True,optimal,best_calculation
557,6,Box9,1,42504000.0,42504000.0,199.39,False,Box9,1,42504000.0,42504000.0,1.2382570000113446,False,heuristic,Box6,1,24752000.0,24752000.0,24.888982999982545,True,optimal,best_calculation
558,7,Box4,1,13260000.0,13260000.0,188.46,False,Box4,1,13260000.0,13260000.0,0.902478999989853,False,heuristic,Box4,1,13260000.0,13260000.0,21.281554000012193,True,optimal,best_calculation
559,5,Box8,1,14616000.0,14616000.0,186.94,False,Box8,1,14616000.0,14616000.0,0.3440819999980249,False,heuristic,Box8,1,14616000.0,14616000.0,9.665581999996675,True,optimal,best_calculation
560,7,Box2,1,5278500.0,5278500.0,162.09,False,Box2,1,5278500.0,5278500.0,0.6980250000196975,False,heuristic,Box2,1,5278500.0,5278500.0,16.977373000003126,True,optimal,best_calculation
561,6,"Box9,Box5",2,63278000.0,42504000.0,256.84,False,"Box9,Box5",2,63278000.0,42504000.0,0.7287250000160839,False,heuristic,"Box5,Box9",2,63278000.0,42504000.0,196.58260500000324,True,optimal,best_calculation
562,6,Box2,1,5278500.0,5278500.0,190.28,False,Box2,1,5278500.0,5278500.0,0.45641700000942365,False,heuristic,Box2,1,5278500.0,5278500.0,13.724015999997619,True,optimal,best_calculation
563,6,Box4,1,13260000.0,13260000.0,163.37,False,Box4,1,13260000.0,13260000.0,0.5091499999991811,False,heuristic,Box4,1,13260000.0,13260000.0,16.57455200000868,True,optimal,best_calculation
564,11,Box5,1,20774000.0,20774000.0,325.62,False,Box5,1,20774000.0,20774000.0,1.9445590000088941,False,heuristic,Box5,1,20774000.0,20774000.0,40.707776999994394,True,optimal,best_calculation
565,4,Box2,1,5278500.0,5278500.0,189.18,False,Box2,1,5278500.0,5278500.0,0.29915700000060497,False,heuristic,Box2,1,5278500.0,5278500.0,5.845430999983137,True,optimal,best_calculation
566,4,Box2,1,5278500.0,5278500.0,195.27,False,Box2,1,5278500.0,5278500.0,0.2824649999979556,False,heuristic,Box2,1,5278500.0,5278500.0,5.841047000018307,True,optimal,best_calculation
567,4,Box4,1,13260000.0,13260000.0,188.25,False,Box4,1,13260000.0,13260000.0,0.8051490000013928,False,heuristic,Box4,1,13260000.0,13260000.0,10.975899000015943,True,optimal,best_calculation
568,2,Box4,1,13260000.0,13260000.0,181.14,False,Box4,1,13260000.0,13260000.0,0.4693079999924521,False,heuristic,Box4,1,13260000.0,13260000.0,2.7651649999995698,True,optimal,best_calculation
569,4,Box4,1,13260000.0,13260000.0,209.75,False,Box8,1,14616000.0,14616000.0,0.9940950000100202,False,heuristic,Box4,1,13260000.0,13260000.0,6.206852999980583,True,optimal,best_calculation
570,6,Box9,1,42504000.0,42504000.0,166.31,False,Box9,1,42504000.0,42504000.0,0.5911449999871365,False,heuristic,Box9,1,42504000.0,42504000.0,16.679748000001382,True,optimal,best_calculation
571,5,Box4,1,13260000.0,13260000.0,174.65,False,Box4,1,13260000.0,13260000.0,0.3964020000069013,False,heuristic,Box4,1,13260000.0,13260000.0,10.024490999995805,True,optimal,best_calculation
572,4,Box4,1,13260000.0,13260000.0,164.75,False,Box4,1,13260000.0,13260000.0,0.8235539999930097,False,heuristic,Box4,1,13260000.0,13260000.0,11.339928000012378,True,optimal,best_calculation
573,2,Box4,1,13260000.0,13260000.0,176.3,False,Box4,1,13260000.0,13260000.0,0.12430099999960476,False,heuristic,Box4,1,13260000.0,13260000.0,1.4643000000091888,True,optimal,best_calculation
574,6,Box5,1,20774000.0,20774000.0,168.76,False,Box5,1,20774000.0,20774000.0,0.4893949999882352,False,heuristic,Box5,1,20774000.0,20774000.0,14.001100999990967,True,optimal,best_calculation
575,4,Box8,1,14616000.0,14616000.0,304.52,False,Box8,1,14616000.0,14616000.0,0.3034199999945031,False,heuristic,Box8,1,14616000.0,14616000.0,6.572125000019469,True,optimal,best_calculation
576,4,Box2,1,5278500.0,5278500.0,179.97,False,Box2,1,5278500.0,5278500.0,0.26211800002329255,False,heuristic,Box2,1,5278500.0,5278500.0,6.02590500000133,True,optimal,best_calculation
577,9,"Box9,Box4",2,55764000.0,42504000.0,414.56,True,"Box6,Box9",2,67256000.0,42504000.0,0.8612230000153431,False,heuristic,"Box4,Box9",2,55764000.0,42504000.0,106.68524100000809,True,optimal,best_calculation
578,9,Box2,1,5278500.0,5278500.0,166.92,False,Box2,1,5278500.0,5278500.0,1.095574999993687,False,heuristic,Box2,1,5278500.0,5278500.0,29.922109000011687,True,optimal,best_calculation
579,7,Box6,1,24752000.0,24752000.0,186.76,False,Box9,1,42504000.0,42504000.0,1.775900000012598,False,heuristic,Box6,1,24752000.0,24752000.0,29.952125000022534,True,optimal,best_calculation
580,10,Box8,1,14616000.0,14616000.0,305.21,False,Box8,1,14616000.0,14616000.0,1.115884000000733,False,heuristic,Box8,1,14616000.0,14616000.0,40.27263099999345,True,optimal,best_calculation
581,8,Box8,1,14616000.0,14616000.0,197.15,False,Box8,1,14616000.0,14616000.0,1.1564520000035827,False,heuristic,Box8,1,14616000.0,14616000.0,24.508437999998023,True,optimal,best_calculation
582,4,Box2,1,5278500.0,5278500.0,169.88,False,Box2,1,5278500.0,5278500.0,0.29522099998757767,False,heuristic,Box2,1,5278500.0,5278500.0,5.855983999992986,True,optimal,best_calculation
583,2,Box2,1,5278500.0,5278500.0,215.54,False,Box2,1,5278500.0,5278500.0,0.13930699998354612,False,heuristic,Box2,1,5278500.0,5278500.0,1.6960959999892111,True,optimal,best_calculation
584,2,Box4,1,13260000.0,13260000.0,172.35,False,Box4,1,13260000.0,13260000.0,0.12788899999804926,False,heuristic,Box4,1,13260000.0,13260000.0,1.5736789999891698,True,optimal,best_calculation
585,8,Box8,1,14616000.0,14616000.0,214.28,False,Box8,1,14616000.0,14616000.0,0.5201029999852835,False,heuristic,Box8,1,14616000.0,14616000.0,19.724166999992576,True,optimal,best_calculation
586,6,Box6,1,24752000.0,24752000.0,165.2,False,Box6,1,24752000.0,24752000.0,1.9509759999891685,False,heuristic,Box8,1,14616000.0,14616000.0,16.385769000009986,True,optimal,best_calculation
587,8,Box4,1,13260000.0,13260000.0,181.5,False,Box4,1,13260000.0,13260000.0,1.0986509999781902,False,heuristic,Box4,1,13260000.0,13260000.0,25.783949000015127,True,optimal,best_calculation
588,4,Box8,1,14616000.0,14616000.0,193.0,False,Box8,1,14616000.0,14616000.0,1.0629979999805528,False,heuristic,Box8,1,14616000.0,14616000.0,7.903297000012799,True,optimal,best_calculation
589,16,Box4,1,13260000.0,13260000.0,175.6,False,Box4,1,13260000.0,13260000.0,2.68516900001714,False,heuristic,Box4,1,13260000.0,13260000.0,89.22651599999654,True,optimal,best_calculation
590,7,Box5,1,20774000.0,20774000.0,199.54,False,Box5,1,20774000.0,20774000.0,0.5962790000069162,False,heuristic,Box5,1,20774000.0,20774000.0,18.504997999997386,True,optimal,best_calculation
591,4,Box4,1,13260000.0,13260000.0,546.67,False,Box4,1,13260000.0,13260000.0,0.33747599999855993,False,heuristic,Box4,1,13260000.0,13260000.0,8.643186999989894,True,optimal,best_calculation
592,7,Box8,1,14616000.0,14616000.0,186.24,False,Box8,1,14616000.0,14616000.0,2.4743080000177997,False,heuristic,Box8,1,14616000.0,14616000.0,21.562314999982846,True,optimal,best_calculation
593,5,Box9,1,42504000.0,42504000.0,194.29,False,Box9,1,42504000.0,42504000.0,0.9728690000088136,False,heuristic,Box9,1,42504000.0,42504000.0,21.576933000005738,True,optimal,best_calculation
594,9,Box9,1,42504000.0,42504000.0,427.92,False,Box9,1,42504000.0,42504000.0,1.2422140000012405,False,heuristic,Box9,1,42504000.0,42504000.0,28.886496000012585,True,optimal,best_calculation
595,6,Box4,1,13260000.0,13260000.0,158.02,False,Box4,1,13260000.0,13260000.0,0.45223800000826486,False,heuristic,Box4,1,13260000.0,13260000.0,16.72371399999406,True,optimal,best_calculation
596,8,Box9,1,42504000.0,42504000.0,200.78,False,Box9,1,42504000.0,42504000.0,1.164631999984067,False,heuristic,Box9,1,42504000.0,42504000.0,21.60126600000467,True,optimal,best_calculation
597,7,Box5,1,20774000.0,20774000.0,173.37,False,Box5,1,20774000.0,20774000.0,0.8562799999936033,False,heuristic,Box5,1,20774000.0,20774000.0,22.163039000020035,True,optimal,best_calculation
598,8,Box4,1,13260000.0,13260000.0,193.66,False,Box4,1,13260000.0,13260000.0,0.8126939999897331,False,heuristic,Box4,1,13260000.0,13260000.0,23.484052999975802,True,optimal,best_calculation
599,6,Box6,1,24752000.0,24752000.0,176.29,False,Box9,1,42504000.0,42504000.0,1.0496820000014395,False,heuristic,Box6,1,24752000.0,24752000.0,14.63765100001524,True,optimal,best_calculation
600,10,Box9,1,42504000.0,42504000.0,204.09,False,Box9,1,42504000.0,42504000.0,1.771012000006067,False,heuristic,Box9,1,42504000.0,42504000.0,34.95174799999745,True,optimal,best_calculation
601,10,Box5,1,20774000.0,20774000.0,177.84,False,Box5,1,20774000.0,20774000.0,1.2424070000065512,False,heuristic,Box5,1,20774000.0,20774000.0,38.70557899998062,True,optimal,best_calculation
602,2,Box2,1,5278500.0,5278500.0,194.71,False,Box2,1,5278500.0,5278500.0,0.15661900002328366,False,heuristic,Box2,1,5278500.0,5278500.0,2.3670230000050196,True,optimal,best_calculation
603,6,Box2,1,5278500.0,5278500.0,175.34,False,Box2,1,5278500.0,5278500.0,0.42160399999602305,False,heuristic,Box2,1,5278500.0,5278500.0,13.541380999981811,True,optimal,best_calculation
604,7,Box5,1,20774000.0,20774000.0,180.59,False,Box5,1,20774000.0,20774000.0,0.8180309999943347,False,heuristic,Box5,1,20774000.0,20774000.0,20.340756999985388,True,optimal,best_calculation
605,4,Box5,1,20774000.0,20774000.0,168.48,False,Box5,1,20774000.0,20774000.0,0.2715299999920262,False,heuristic,Box5,1,20774000.0,20774000.0,6.6350069999998595,True,optimal,best_calculation
606,5,Box6,1,24752000.0,24752000.0,165.94,False,Box6,1,24752000.0,24752000.0,1.647767000008571,False,heuristic,Box6,1,24752000.0,24752000.0,17.119923999985076,True,optimal,best_calculation
607,8,Box9,1,42504000.0,42504000.0,181.25,False,Box9,1,42504000.0,42504000.0,0.75161099999832,False,heuristic,Box9,1,42504000.0,42504000.0,24.01107500000421,True,optimal,best_calculation
608,7,Box9,1,42504000.0,42504000.0,320.82,False,Box9,1,42504000.0,42504000.0,0.7035980000011932,False,heuristic,Box9,1,42504000.0,42504000.0,15.702848000017866,True,optimal,best_calculation
609,7,Box4,1,13260000.0,13260000.0,167.9,False,Box4,1,13260000.0,13260000.0,0.8523030000162635,False,heuristic,Box4,1,13260000.0,13260000.0,21.772478000002593,True,optimal,best_calculation
610,13,Box9,1,42504000.0,42504000.0,185.47,False,Box9,1,42504000.0,42504000.0,2.6245340000059514,False,heuristic,Box9,1,42504000.0,42504000.0,60.824238000009245,True,optimal,best_calculation
611,19,Box9,1,42504000.0,42504000.0,211.35,False,Box9,1,42504000.0,42504000.0,6.146960999984685,False,heuristic,Box9,1,42504000.0,42504000.0,121.64007299998048,True,optimal,best_calculation
612,5,Box4,1,13260000.0,13260000.0,205.63,False,Box4,1,13260000.0,13260000.0,0.46434500001169,False,heuristic,Box4,1,13260000.0,13260000.0,11.469048000009252,True,optimal,best_calculation
613,6,Box8,1,14616000.0,14616000.0,176.12,False,Box8,1,14616000.0,14616000.0,0.46609200001057616,False,heuristic,Box8,1,14616000.0,14616000.0,15.84293400000547,True,optimal,best_calculation
614,9,Box6,1,24752000.0,24752000.0,310.63,False,Box9,1,42504000.0,42504000.0,2.481762999991588,False,heuristic,Box6,1,24752000.0,24752000.0,29.230515999984163,True,optimal,best_calculation
615,5,Box8,1,14616000.0,14616000.0,180.99,False,Box8,1,14616000.0,14616000.0,1.7139969999959703,False,heuristic,Box8,1,14616000.0,14616000.0,13.092755000002398,True,optimal,best_calculation
616,11,Box8,1,14616000.0,14616000.0,171.71,False,Box8,1,14616000.0,14616000.0,5.989258999989033,False,heuristic,Box8,1,14616000.0,14616000.0,52.98851699998863,True,optimal,best_calculation
617,11,Box6,1,24752000.0,24752000.0,175.58,False,Box9,1,42504000.0,42504000.0,5.731903000025795,False,heuristic,Box6,1,24752000.0,24752000.0,71.9486970000105,True,optimal,best_calculation
618,8,Box8,1,14616000.0,14616000.0,204.17,False,Box8,1,14616000.0,14616000.0,0.7662289999927907,False,heuristic,Box8,1,14616000.0,14616000.0,26.486478000009583,True,optimal,best_calculation
619,6,Box5,1,20774000.0,20774000.0,168.2,False,Box5,1,20774000.0,20774000.0,1.6616249999970023,False,heuristic,Box5,1,20774000.0,20774000.0,22.837570999996615,True,optimal,best_calculation
620,9,Box5,1,20774000.0,20774000.0,295.36,False,Box5,1,20774000.0,20774000.0,1.097047000001794,False,heuristic,Box5,1,20774000.0,20774000.0,26.449604000021054,True,optimal,best_calculation
621,8,Box5,1,20774000.0,20774000.0,165.9,False,Box6,1,24752000.0,24752000.0,3.517015999989326,False,heuristic,Box5,1,20774000.0,20774000.0,25.247155999977622,True,optimal,best_calculation
622,4,Box2,1,5278500.0,5278500.0,175.38,False,Box2,1,5278500.0,5278500.0,0.30042200000934827,False,heuristic,Box2,1,5278500.0,5278500.0,5.830779000007169,True,optimal,best_calculation
623,3,Box2,1,5278500.0,5278500.0,180.73,False,Box2,1,5278500.0,5278500.0,0.1714809999953104,False,heuristic,Box2,1,5278500.0,5278500.0,3.0332089999944856,True,optimal,best_calculation
624,5,Box4,1,13260000.0,13260000.0,168.08,False,Box4,1,13260000.0,13260000.0,0.4815559999826746,False,heuristic,Box4,1,13260000.0,13260000.0,11.199132000001555,True,optimal,best_calculation
625,6,Box2,1,5278500.0,5278500.0,173.13,False,Box2,1,5278500.0,5278500.0,0.4946219999908408,False,heuristic,Box2,1,5278500.0,5278500.0,13.383694999987483,True,optimal,best_calculation
626,4,Box8,1,14616000.0,14616000.0,199.7,False,Box8,1,14616000.0,14616000.0,0.8326329999874815,False,heuristic,Box8,1,14616000.0,14616000.0,13.440897999998924,True,optimal,best_calculation
627,9,Box6,1,24752000.0,24752000.0,200.14,False,Box9,1,42504000.0,42504000.0,2.996251000013217,False,heuristic,Box6,1,24752000.0,24752000.0,35.4809939999825,True,optimal,best_calculation
628,5,Box4,1,13260000.0,13260000.0,174.63,False,Box4,1,13260000.0,13260000.0,1.394342999986975,False,heuristic,Box4,1,13260000.0,13260000.0,18.09572700000217,True,optimal,best_calculation
629,7,Box6,1,24752000.0,24752000.0,174.8,False,Box9,1,42504000.0,42504000.0,1.6002879999916786,False,heuristic,Box6,1,24752000.0,24752000.0,18.343355999974165,True,optimal,best_calculation
630,5,Box8,1,14616000.0,14616000.0,184.12,False,Box8,1,14616000.0,14616000.0,0.30607299999019233,False,heuristic,Box8,1,14616000.0,14616000.0,10.69343099999287,True,optimal,best_calculation
631,7,Box4,1,13260000.0,13260000.0,319.81,False,Box4,1,13260000.0,13260000.0,0.712462999985064,False,heuristic,Box4,1,13260000.0,13260000.0,18.994332000033864,True,optimal,best_calculation
632,9,Box9,1,42504000.0,42504000.0,163.35,False,Box9,1,42504000.0,42504000.0,1.4698070000349617,False,heuristic,Box9,1,42504000.0,42504000.0,30.390856999986227,True,optimal,best_calculation
633,5,Box4,1,13260000.0,13260000.0,522.44,False,Box4,1,13260000.0,13260000.0,1.2503629999969235,False,heuristic,Box4,1,13260000.0,13260000.0,17.06183799996097,True,optimal,best_calculation
634,6,Box2,1,5278500.0,5278500.0,166.76,False,Box2,1,5278500.0,5278500.0,0.44396500004495465,False,heuristic,Box2,1,5278500.0,5278500.0,13.303032000010262,True,optimal,best_calculation
635,6,Box5,1,20774000.0,20774000.0,192.96,False,Box5,1,20774000.0,20774000.0,0.5165040000179033,False,heuristic,Box5,1,20774000.0,20774000.0,14.008004999993773,True,optimal,best_calculation
636,10,Box9,1,42504000.0,42504000.0,185.72,False,Box9,1,42504000.0,42504000.0,1.6375129999914861,False,heuristic,Box9,1,42504000.0,42504000.0,36.44129000002749,True,optimal,best_calculation
637,11,Box5,1,20774000.0,20774000.0,177.32,False,Box5,1,20774000.0,20774000.0,1.6766389999816056,False,heuristic,Box5,1,20774000.0,20774000.0,38.23393099997929,True,optimal,best_calculation
638,4,Box6,1,24752000.0,24752000.0,168.75,False,Box6,1,24752000.0,24752000.0,0.9160719999954381,False,heuristic,Box6,1,24752000.0,24752000.0,13.161478000029092,True,optimal,best_calculation
639,2,Box8,1,14616000.0,14616000.0,192.48,False,Box8,1,14616000.0,14616000.0,0.40306599998984893,False,heuristic,Box8,1,14616000.0,14616000.0,3.1959620000066025,True,optimal,best_calculation
640,7,Box8,1,14616000.0,14616000.0,189.98,False,Box8,1,14616000.0,14616000.0,0.8089529999892875,False,heuristic,Box8,1,14616000.0,14616000.0,26.068917000031888,True,optimal,best_calculation
641,10,Box6,1,24752000.0,24752000.0,367.72,False,Box6,1,24752000.0,24752000.0,2.403589000039119,False,heuristic,Box6,1,24752000.0,24752000.0,37.46529800002918,True,optimal,best_calculation
642,4,Box2,1,5278500.0,5278500.0,191.51,False,Box2,1,5278500.0,5278500.0,0.2754399999957968,False,heuristic,Box2,1,5278500.0,5278500.0,6.6722520000439545,True,optimal,best_calculation
643,9,Box5,1,20774000.0,20774000.0,191.4,False,Box5,1,20774000.0,20774000.0,1.3066459999890867,False,heuristic,Box5,1,20774000.0,20774000.0,32.04067099994745,True,optimal,best_calculation
644,7,Box9,1,42504000.0,42504000.0,164.9,False,Box9,1,42504000.0,42504000.0,1.980150000008507,False,heuristic,Box9,1,42504000.0,42504000.0,36.143022999965524,True,optimal,best_calculation
645,4,Box2,1,5278500.0,5278500.0,187.34,False,Box2,1,5278500.0,5278500.0,0.2933220000045367,False,heuristic,Box2,1,5278500.0,5278500.0,5.902211000034185,True,optimal,best_calculation
646,5,Box9,1,42504000.0,42504000.0,186.64,False,Box9,1,42504000.0,42504000.0,0.7279370000219387,False,heuristic,Box9,1,42504000.0,42504000.0,16.932514000018273,True,optimal,best_calculation
647,6,Box2,1,5278500.0,5278500.0,187.95,False,Box2,1,5278500.0,5278500.0,0.4295059999890327,False,heuristic,Box2,1,5278500.0,5278500.0,14.619336000009753,True,optimal,best_calculation
648,11,Box9,1,42504000.0,42504000.0,194.91,False,Box9,1,42504000.0,42504000.0,2.38371300002882,False,heuristic,Box9,1,42504000.0,42504000.0,45.3043869999874,True,optimal,best_calculation
649,10,Box5,1,20774000.0,20774000.0,208.66,False,Box9,1,42504000.0,42504000.0,4.115587000001142,False,heuristic,Box5,1,20774000.0,20774000.0,36.18166000001111,True,optimal,best_calculation
650,8,Box2,1,5278500.0,5278500.0,174.86,False,Box2,1,5278500.0,5278500.0,0.9412619999693561,False,heuristic,Box2,1,5278500.0,5278500.0,21.159869999962666,True,optimal,best_calculation
651,8,Box2,1,5278500.0,5278500.0,193.36,False,Box2,1,5278500.0,5278500.0,0.9205850000171267,False,heuristic,Box2,1,5278500.0,5278500.0,22.447827999997116,True,optimal,best_calculation
652,12,Box5,1,20774000.0,20774000.0,324.43,False,Box5,1,20774000.0,20774000.0,2.3277669999970385,False,heuristic,Box5,1,20774000.0,20774000.0,47.60151099998211,True,optimal,best_calculation
653,3,Box8,1,14616000.0,14616000.0,164.56,False,Box8,1,14616000.0,14616000.0,0.22888300003387485,False,heuristic,Box8,1,14616000.0,14616000.0,4.466765000017858,True,optimal,best_calculation
654,7,Box4,1,13260000.0,13260000.0,181.88,False,Box4,1,13260000.0,13260000.0,0.6000539999604371,False,heuristic,Box4,1,13260000.0,13260000.0,19.033534999948643,True,optimal,best_calculation
655,5,Box5,1,20774000.0,20774000.0,191.91,False,Box5,1,20774000.0,20774000.0,0.37964699998838114,False,heuristic,Box5,1,20774000.0,20774000.0,11.69535500002894,True,optimal,best_calculation
656,5,Box8,1,14616000.0,14616000.0,189.51,False,Box8,1,14616000.0,14616000.0,0.5423900000209869,False,heuristic,Box8,1,14616000.0,14616000.0,11.838457000010294,True,optimal,best_calculation
657,5,Box5,1,20774000.0,20774000.0,185.66,False,Box5,1,20774000.0,20774000.0,1.3139410000349017,False,heuristic,Box5,1,20774000.0,20774000.0,15.531662999990203,True,optimal,best_calculation
658,6,Box8,1,14616000.0,14616000.0,194.62,False,Box6,1,24752000.0,24752000.0,1.814109000008557,False,heuristic,Box8,1,14616000.0,14616000.0,14.526386999989427,True,optimal,best_calculation
659,7,Box8,1,14616000.0,14616000.0,184.84,False,Box8,1,14616000.0,14616000.0,0.6645949999892764,False,heuristic,Box8,1,14616000.0,14616000.0,17.861562000007325,True,optimal,best_calculation
660,9,Box9,1,42504000.0,42504000.0,214.98,False,Box9,1,42504000.0,42504000.0,1.8031800000244402,False,heuristic,Box9,1,42504000.0,42504000.0,29.46016500004589,True,optimal,best_calculation
661,4,Box4,1,13260000.0,13260000.0,205.88,False,Box4,1,13260000.0,13260000.0,0.7896349999896302,False,heuristic,Box4,1,13260000.0,13260000.0,10.754507999990892,True,optimal,best_calculation
662,3,Box8,1,14616000.0,14616000.0,194.82,False,Box8,1,14616000.0,14616000.0,0.17338100002461942,False,heuristic,Box8,1,14616000.0,14616000.0,4.184264000002713,True,optimal,best_calculation
663,6,Box6,1,24752000.0,24752000.0,196.06,False,Box6,1,24752000.0,24752000.0,1.7953880000050049,False,heuristic,Box6,1,24752000.0,24752000.0,29.508969000005436,True,optimal,best_calculation
664,6,Box4,1,13260000.0,13260000.0,194.37,False,Box4,1,13260000.0,13260000.0,0.5030899999951544,False,heuristic,Box4,1,13260000.0,13260000.0,15.749621999987085,True,optimal,best_calculation
665,5,Box4,1,13260000.0,13260000.0,198.38,False,Box4,1,13260000.0,13260000.0,1.5432359999749679,False,heuristic,Box4,1,13260000.0,13260000.0,17.880926000032105,True,optimal,best_calculation
666,7,Box5,1,20774000.0,20774000.0,193.64,False,Box5,1,20774000.0,20774000.0,0.671565000004648,False,heuristic,Box5,1,20774000.0,20774000.0,17.834842000013396,True,optimal,best_calculation
667,10,Box5,1,20774000.0,20774000.0,193.51,False,Box6,1,24752000.0,24752000.0,2.397571000017251,False,heuristic,Box8,1,14616000.0,14616000.0,35.43480000001864,True,optimal,best_calculation
668,4,Box6,1,24752000.0,24752000.0,205.51,False,Box6,1,24752000.0,24752000.0,0.9426479999774529,False,heuristic,Box6,1,24752000.0,24752000.0,13.001844999962486,True,optimal,best_calculation
669,5,Box4,1,13260000.0,13260000.0,264.23,False,Box4,1,13260000.0,13260000.0,1.3303110000038032,False,heuristic,Box4,1,13260000.0,13260000.0,18.227787000000717,True,optimal,best_calculation
670,5,Box4,1,13260000.0,13260000.0,302.24,False,Box4,1,13260000.0,13260000.0,0.46771099999887156,False,heuristic,Box4,1,13260000.0,13260000.0,12.990762000015366,True,optimal,best_calculation
671,11,Box4,1,13260000.0,13260000.0,237.49,False,Box4,1,13260000.0,13260000.0,1.7857189999972434,False,heuristic,Box4,1,13260000.0,13260000.0,49.828948000026685,True,optimal,best_calculation
672,5,Box4,1,13260000.0,13260000.0,197.59,False,Box4,1,13260000.0,13260000.0,1.424595000003137,False,heuristic,Box4,1,13260000.0,13260000.0,17.68025899997383,True,optimal,best_calculation
673,1,Box2,1,5278500.0,5278500.0,190.72,False,Box2,1,5278500.0,5278500.0,0.11544599999524507,False,heuristic,Box2,1,5278500.0,5278500.0,0.756790999957957,True,optimal,best_calculation
674,4,Box2,1,5278500.0,5278500.0,555.94,False,Box2,1,5278500.0,5278500.0,0.2929820000190375,False,heuristic,Box2,1,5278500.0,5278500.0,6.706558000018958,True,optimal,best_calculation
675,4,Box2,1,5278500.0,5278500.0,177.95,False,Box2,1,5278500.0,5278500.0,0.2969230000076095,False,heuristic,Box2,1,5278500.0,5278500.0,5.835468999976001,True,optimal,best_calculation
676,4,Box2,1,5278500.0,5278500.0,173.28,False,Box2,1,5278500.0,5278500.0,0.2927059999819903,False,heuristic,Box2,1,5278500.0,5278500.0,5.84827199998017,True,optimal,best_calculation
677,9,"Box9,Box9",2,85008000.0,42504000.0,243.83,False,"Box6,Box9,Box5",3,88030000.0,42504000.0,2.362102999995841,False,heuristic,"Box9,Box9",2,85008000.0,42504000.0,329.503858999999,True,optimal,best_calculation
678,4,Box9,1,42504000.0,42504000.0,179.98,False,Box9,1,42504000.0,42504000.0,0.33076300002221615,False,heuristic,Box9,1,42504000.0,42504000.0,7.826410999996369,True,optimal,best_calculation
679,7,Box8,1,14616000.0,14616000.0,196.15,False,Box8,1,14616000.0,14616000.0,0.7568460000015875,False,heuristic,Box8,1,14616000.0,14616000.0,20.722423999984585,True,optimal,best_calculation
680,8,Box9,1,42504000.0,42504000.0,340.18,True,"Box6,Box6",2,49504000.0,24752000.0,0.5106859999841618,False,heuristic,"Box6,Box6",2,49504000.0,24752000.0,74.20854800000143,True,optimal,best_calculation
681,5,Box6,1,24752000.0,24752000.0,173.36,False,Box6,1,24752000.0,24752000.0,1.4207180000198605,False,heuristic,Box6,1,24752000.0,24752000.0,11.806105999994543,True,optimal,best_calculation
682,5,Box4,1,13260000.0,13260000.0,174.49,False,Box4,1,13260000.0,13260000.0,0.4509089999942262,False,heuristic,Box4,1,13260000.0,13260000.0,11.674972999969668,True,optimal,best_calculation
683,5,Box2,1,5278500.0,5278500.0,231.06,False,Box2,1,5278500.0,5278500.0,0.354343000026347,False,heuristic,Box2,1,5278500.0,5278500.0,9.902423999960774,True,optimal,best_calculation
684,7,Box9,1,42504000.0,42504000.0,182.06,False,Box9,1,42504000.0,42504000.0,0.9982239999999365,False,heuristic,Box9,1,42504000.0,42504000.0,19.969479999986106,True,optimal,best_calculation
685,6,Box9,1,42504000.0,42504000.0,179.81,False,Box9,1,42504000.0,42504000.0,1.2358070000004773,False,heuristic,Box6,1,24752000.0,24752000.0,24.808373000041684,True,optimal,best_calculation
686,9,Box6,1,24752000.0,24752000.0,331.2,False,Box9,1,42504000.0,42504000.0,2.4063820000037595,False,heuristic,Box6,1,24752000.0,24752000.0,31.883336000021245,True,optimal,best_calculation
687,4,Box4,1,13260000.0,13260000.0,169.56,False,Box4,1,13260000.0,13260000.0,0.29194899997264656,False,heuristic,Box4,1,13260000.0,13260000.0,7.167378000019653,True,optimal,best_calculation
688,7,Box8,1,14616000.0,14616000.0,176.38,False,Box8,1,14616000.0,14616000.0,0.8499889999598054,False,heuristic,Box8,1,14616000.0,14616000.0,19.64767499998743,True,optimal,best_calculation
689,7,"Box9,Box4",2,55764000.0,42504000.0,474.31,True,"Box9,Box9",2,85008000.0,42504000.0,0.8085640000103922,False,heuristic,"Box4,Box9",2,55764000.0,42504000.0,29.03527299997677,True,optimal,best_calculation
690,4,Box4,1,13260000.0,13260000.0,173.37,False,Box4,1,13260000.0,13260000.0,0.3117530000054103,False,heuristic,Box4,1,13260000.0,13260000.0,8.37723099999721,True,optimal,best_calculation
691,4,Box8,1,14616000.0,14616000.0,194.75,False,Box8,1,14616000.0,14616000.0,0.33688900003880917,False,heuristic,Box8,1,14616000.0,14616000.0,6.190478000007715,True,optimal,best_calculation
692,5,Box4,1,13260000.0,13260000.0,188.85,False,Box4,1,13260000.0,13260000.0,0.4237019999777658,False,heuristic,Box4,1,13260000.0,13260000.0,11.607292999997298,True,optimal,best_calculation
693,2,Box2,1,5278500.0,5278500.0,191.44,False,Box2,1,5278500.0,5278500.0,0.15475499998274245,False,heuristic,Box2,1,5278500.0,5278500.0,1.7030210000257284,True,optimal,best_calculation
694,5,Box4,1,13260000.0,13260000.0,191.84,False,Box4,1,13260000.0,13260000.0,1.4254110000138098,False,heuristic,Box4,1,13260000.0,13260000.0,16.02022299999817,True,optimal,best_calculation
695,8,Box6,1,24752000.0,24752000.0,174.12,False,Box5,1,20774000.0,20774000.0,0.7689980000122887,False,heuristic,Box5,1,20774000.0,20774000.0,25.93117699996128,True,optimal,best_calculation
696,5,Box4,1,13260000.0,13260000.0,187.55,False,Box4,1,13260000.0,13260000.0,1.2387790000047971,False,heuristic,Box2,1,5278500.0,5278500.0,9.950118999995539,True,optimal,best_calculation
697,5,Box8,1,14616000.0,14616000.0,184.33,False,Box8,1,14616000.0,14616000.0,0.5455230000279698,False,heuristic,Box8,1,14616000.0,14616000.0,11.55794899995044,True,optimal,best_calculation
698,10,Box5,1,20774000.0,20774000.0,173.57,False,Box5,1,20774000.0,20774000.0,1.3171350000220627,False,heuristic,Box5,1,20774000.0,20774000.0,38.23306300000695,True,optimal,best_calculation
699,10,Box4,1,13260000.0,13260000.0,209.14,False,Box8,1,14616000.0,14616000.0,4.650812999955178,False,heuristic,Box4,1,13260000.0,13260000.0,42.93537699999206,True,optimal,best_calculation
700,4,Box2,1,5278500.0,5278500.0,184.18,False,Box2,1,5278500.0,5278500.0,0.3001210000093124,False,heuristic,Box2,1,5278500.0,5278500.0,5.882962999976371,True,optimal,best_calculation
701,5,Box8,1,14616000.0,14616000.0,198.86,False,Box8,1,14616000.0,14616000.0,0.5309950000196295,False,heuristic,Box8,1,14616000.0,14616000.0,10.967856999968717,True,optimal,best_calculation
702,7,Box4,1,13260000.0,13260000.0,196.09,False,Box4,1,13260000.0,13260000.0,0.58518000003005,False,heuristic,Box4,1,13260000.0,13260000.0,18.20538600003374,True,optimal,best_calculation
703,8,Box9,1,42504000.0,42504000.0,371.82,True,"Box9,Box4",2,55764000.0,42504000.0,0.5025929999646905,False,heuristic,"Box4,Box9",2,55764000.0,42504000.0,38.040007000006426,True,optimal,best_calculation
704,7,Box9,1,42504000.0,42504000.0,290.71,False,Box9,1,42504000.0,42504000.0,0.8138600000506813,False,heuristic,Box9,1,42504000.0,42504000.0,18.43070499995747,True,optimal,best_calculation
705,7,Box4,1,13260000.0,13260000.0,180.66,False,Box4,1,13260000.0,13260000.0,0.7825860000139073,False,heuristic,Box4,1,13260000.0,13260000.0,19.561069000019415,True,optimal,best_calculation
706,8,Box5,1,20774000.0,20774000.0,193.49,False,Box5,1,20774000.0,20774000.0,0.8869889999800762,False,heuristic,Box5,1,20774000.0,20774000.0,27.32766899998751,True,optimal,best_calculation
707,7,Box4,1,13260000.0,13260000.0,187.64,False,Box4,1,13260000.0,13260000.0,0.9487929999636435,False,heuristic,Box4,1,13260000.0,13260000.0,20.56208700003026,True,optimal,best_calculation
708,1,Box2,1,5278500.0,5278500.0,191.32,False,Box2,1,5278500.0,5278500.0,0.08629600000631399,False,heuristic,Box2,1,5278500.0,5278500.0,0.6310349999694154,True,optimal,best_calculation
709,3,Box9,1,42504000.0,42504000.0,194.75,False,Box9,1,42504000.0,42504000.0,0.26303300001018215,False,heuristic,Box9,1,42504000.0,42504000.0,5.146376999960012,True,optimal,best_calculation
710,5,Box4,1,13260000.0,13260000.0,192.11,False,Box4,1,13260000.0,13260000.0,0.4548489999933736,False,heuristic,Box4,1,13260000.0,13260000.0,11.117431999991823,True,optimal,best_calculation
711,5,Box2,1,5278500.0,5278500.0,191.77,False,Box4,1,13260000.0,13260000.0,1.5919910000548043,False,heuristic,Box2,1,5278500.0,5278500.0,9.705419999988862,True,optimal,best_calculation
712,7,Box4,1,13260000.0,13260000.0,198.49,False,Box8,1,14616000.0,14616000.0,2.091093999979421,False,heuristic,Box4,1,13260000.0,13260000.0,22.436254000012923,True,optimal,best_calculation
713,11,Box8,1,14616000.0,14616000.0,2614.53,False,Box8,1,14616000.0,14616000.0,2.1052120000035757,False,heuristic,Box8,1,14616000.0,14616000.0,53.55509100002109,True,optimal,best_calculation
714,7,Box9,1,42504000.0,42504000.0,185.84,False,Box9,1,42504000.0,42504000.0,0.5241859999500775,False,heuristic,Box9,1,42504000.0,42504000.0,18.958331000021644,True,optimal,best_calculation
715,8,Box9,1,42504000.0,42504000.0,316.97,False,Box9,1,42504000.0,42504000.0,1.085130999967987,False,heuristic,Box9,1,42504000.0,42504000.0,24.148287999992135,True,optimal,best_calculation
716,7,Box5,1,20774000.0,20774000.0,174.72,False,Box5,1,20774000.0,20774000.0,0.8500540000113688,False,heuristic,Box5,1,20774000.0,20774000.0,24.33851699998968,True,optimal,best_calculation
717,3,Box9,1,42504000.0,42504000.0,176.16,False,Box9,1,42504000.0,42504000.0,0.40268600002946187,False,heuristic,Box9,1,42504000.0,42504000.0,6.638166000016099,True,optimal,best_calculation
718,4,Box4,1,13260000.0,13260000.0,172.33,False,Box4,1,13260000.0,13260000.0,0.2762679999932516,False,heuristic,Box4,1,13260000.0,13260000.0,7.6023660000146265,True,optimal,best_calculation
719,4,Box4,1,13260000.0,13260000.0,187.3,False,Box4,1,13260000.0,13260000.0,0.7954829999903268,False,heuristic,Box4,1,13260000.0,13260000.0,10.758741000017835,True,optimal,best_calculation
720,5,Box2,1,5278500.0,5278500.0,179.15,False,Box2,1,5278500.0,5278500.0,0.46967700001232515,False,heuristic,Box2,1,5278500.0,5278500.0,9.736467000038829,True,optimal,best_calculation
721,2,Box2,1,5278500.0,5278500.0,181.05,False,Box2,1,5278500.0,5278500.0,0.1611409999782154,False,heuristic,Box2,1,5278500.0,5278500.0,1.8656510000027993,True,optimal,best_calculation
722,4,Box2,1,5278500.0,5278500.0,198.91,False,Box2,1,5278500.0,5278500.0,0.24688900003866365,False,heuristic,Box2,1,5278500.0,5278500.0,4.923364999967816,True,optimal,best_calculation
723,7,Box4,1,13260000.0,13260000.0,202.0,False,Box4,1,13260000.0,13260000.0,0.7513840000115124,False,heuristic,Box4,1,13260000.0,13260000.0,19.857016000003114,True,optimal,best_calculation
724,5,Box4,1,13260000.0,13260000.0,202.22,False,Box4,1,13260000.0,13260000.0,0.4227780000292114,False,heuristic,Box4,1,13260000.0,13260000.0,11.767168000005768,True,optimal,best_calculation
725,7,Box6,1,24752000.0,24752000.0,167.99,False,Box6,1,24752000.0,24752000.0,0.5887850000476647,False,heuristic,Box6,1,24752000.0,24752000.0,18.96262400003934,True,optimal,best_calculation
726,9,Box6,1,24752000.0,24752000.0,203.7,False,Box9,1,42504000.0,42504000.0,2.5241859999596272,False,heuristic,Box6,1,24752000.0,24752000.0,45.54806400000189,True,optimal,best_calculation
727,7,Box4,1,13260000.0,13260000.0,161.42,False,Box4,1,13260000.0,13260000.0,0.791901000013695,False,heuristic,Box4,1,13260000.0,13260000.0,20.511274999989837,True,optimal,best_calculation
728,3,Box2,1,5278500.0,5278500.0,184.25,False,Box2,1,5278500.0,5278500.0,0.2554239999881247,False,heuristic,Box2,1,5278500.0,5278500.0,4.906436999988273,True,optimal,best_calculation
729,6,Box2,1,5278500.0,5278500.0,167.86,False,Box2,1,5278500.0,5278500.0,0.5256359999634697,False,heuristic,Box2,1,5278500.0,5278500.0,13.74385600001915,True,optimal,best_calculation
730,5,Box9,1,42504000.0,42504000.0,178.61,False,Box9,1,42504000.0,42504000.0,1.1586929999793938,False,heuristic,Box9,1,42504000.0,42504000.0,23.32299800002602,True,optimal,best_calculation
731,7,Box5,1,20774000.0,20774000.0,181.63,False,Box5,1,20774000.0,20774000.0,3.3130730000152653,False,heuristic,Box5,1,20774000.0,20774000.0,23.979762000010396,True,optimal,best_calculation
732,15,Box8,1,14616000.0,14616000.0,211.77,False,Box5,1,20774000.0,20774000.0,10.153860000002624,False,heuristic,Box8,1,14616000.0,14616000.0,86.5834219999897,True,optimal,best_calculation
733,5,Box4,1,13260000.0,13260000.0,427.45,False,Box4,1,13260000.0,13260000.0,1.2315939999894,False,heuristic,Box4,1,13260000.0,13260000.0,25.44740000001866,True,optimal,best_calculation
734,5,Box8,1,14616000.0,14616000.0,169.11,False,"Box4,Box2,Box2",3,23817000.0,13260000.0,1.2933870000324532,False,heuristic,Box8,1,14616000.0,14616000.0,19.756642000004376,True,optimal,best_calculation
735,4,Box2,1,5278500.0,5278500.0,197.16,False,Box2,1,5278500.0,5278500.0,0.2841840000087359,False,heuristic,Box2,1,5278500.0,5278500.0,6.171370000004117,True,optimal,best_calculation
736,1,Box2,1,5278500.0,5278500.0,180.94,False,Box2,1,5278500.0,5278500.0,0.0883050000197727,False,heuristic,Box2,1,5278500.0,5278500.0,0.580489999947531,True,optimal,best_calculation
737,6,Box2,1,5278500.0,5278500.0,182.11,False,Box2,1,5278500.0,5278500.0,0.4475100000149723,False,heuristic,Box2,1,5278500.0,5278500.0,13.721159999988686,True,optimal,best_calculation
738,8,Box6,1,24752000.0,24752000.0,209.8,False,Box5,1,20774000.0,20774000.0,0.6429649999972753,False,heuristic,Box5,1,20774000.0,20774000.0,23.614465999969525,True,optimal,best_calculation
739,8,Box6,1,24752000.0,24752000.0,211.12,False,Box9,1,42504000.0,42504000.0,2.3363720000020294,False,heuristic,Box6,1,24752000.0,24752000.0,37.769983000032425,True,optimal,best_calculation
740,11,Box5,1,20774000.0,20774000.0,197.99,False,Box5,1,20774000.0,20774000.0,6.84563499999058,False,heuristic,Box5,1,20774000.0,20774000.0,54.5459829999686,True,optimal,best_calculation
741,4,Box8,1,14616000.0,14616000.0,177.96,False,Box8,1,14616000.0,14616000.0,0.3765679999787608,False,heuristic,Box8,1,14616000.0,14616000.0,6.79935799996656,True,optimal,best_calculation
742,1,Box2,1,5278500.0,5278500.0,185.31,False,Box2,1,5278500.0,5278500.0,0.1215049999814255,False,heuristic,Box2,1,5278500.0,5278500.0,0.6580849999977545,True,optimal,best_calculation
743,8,Box2,1,5278500.0,5278500.0,189.85,False,Box2,1,5278500.0,5278500.0,0.9041689999662594,False,heuristic,Box2,1,5278500.0,5278500.0,21.05169300000398,True,optimal,best_calculation
744,5,Box4,1,13260000.0,13260000.0,190.14,False,Box4,1,13260000.0,13260000.0,0.35180300000092757,False,heuristic,Box4,1,13260000.0,13260000.0,9.759105000000545,True,optimal,best_calculation
745,2,Box8,1,14616000.0,14616000.0,678.6,False,Box8,1,14616000.0,14616000.0,0.43865999998615735,False,heuristic,Box8,1,14616000.0,14616000.0,2.939997999988009,True,optimal,best_calculation
746,11,Box4,1,13260000.0,13260000.0,179.86,False,Box4,1,13260000.0,13260000.0,2.4902540000084628,False,heuristic,Box4,1,13260000.0,13260000.0,41.89074599997866,True,optimal,best_calculation
747,5,Box4,1,13260000.0,13260000.0,202.94,False,Box4,1,13260000.0,13260000.0,0.5478530000004866,False,heuristic,Box4,1,13260000.0,13260000.0,10.889993999967373,True,optimal,best_calculation
748,5,Box4,1,13260000.0,13260000.0,204.59,False,Box4,1,13260000.0,13260000.0,1.3327300000014475,False,heuristic,Box4,1,13260000.0,13260000.0,17.651415999978326,True,optimal,best_calculation
749,6,Box8,1,14616000.0,14616000.0,186.45,False,Box8,1,14616000.0,14616000.0,0.5780489999551719,False,heuristic,Box8,1,14616000.0,14616000.0,14.45184499999641,True,optimal,best_calculation
750,9,Box9,1,42504000.0,42504000.0,196.62,False,Box9,1,42504000.0,42504000.0,0.8636119999891889,False,heuristic,Box9,1,42504000.0,42504000.0,30.916957999977512,True,optimal,best_calculation
751,4,Box2,1,5278500.0,5278500.0,169.37,False,Box2,1,5278500.0,5278500.0,0.2983169999879465,False,heuristic,Box2,1,5278500.0,5278500.0,5.9126520000063465,True,optimal,best_calculation
752,3,Box4,1,13260000.0,13260000.0,169.78,False,Box4,1,13260000.0,13260000.0,0.8148779999714861,False,heuristic,Box4,1,13260000.0,13260000.0,8.058475000041199,True,optimal,best_calculation
753,6,Box2,1,5278500.0,5278500.0,177.44,False,Box2,1,5278500.0,5278500.0,0.44033900002204973,False,heuristic,Box2,1,5278500.0,5278500.0,12.355609000053391,True,optimal,best_calculation
754,5,Box4,1,13260000.0,13260000.0,192.56,False,Box4,1,13260000.0,13260000.0,0.40518999998084837,False,heuristic,Box4,1,13260000.0,13260000.0,9.62075500001447,True,optimal,best_calculation
755,6,Box2,1,5278500.0,5278500.0,194.55,False,Box2,1,5278500.0,5278500.0,0.4273400000442962,False,heuristic,Box2,1,5278500.0,5278500.0,12.925579000011567,True,optimal,best_calculation
756,7,Box8,1,14616000.0,14616000.0,191.78,False,Box8,1,14616000.0,14616000.0,3.6298409999631076,False,heuristic,Box8,1,14616000.0,14616000.0,23.854147999998077,True,optimal,best_calculation
757,15,Box5,1,20774000.0,20774000.0,190.53,False,Box5,1,20774000.0,20774000.0,2.9151800000022376,False,heuristic,Box5,1,20774000.0,20774000.0,68.0818170000066,True,optimal,best_calculation
758,11,Box4,1,13260000.0,13260000.0,208.64,False,Box4,1,13260000.0,13260000.0,1.6469450000045072,False,heuristic,Box4,1,13260000.0,13260000.0,43.916324000008444,True,optimal,best_calculation
759,4,Box6,1,24752000.0,24752000.0,187.77,False,Box6,1,24752000.0,24752000.0,0.17646000003423978,False,heuristic,Box6,1,24752000.0,24752000.0,5.82125999994787,True,optimal,best_calculation
760,3,Box2,1,5278500.0,5278500.0,169.63,False,Box2,1,5278500.0,5278500.0,0.21071300000130577,False,heuristic,Box2,1,5278500.0,5278500.0,3.8278480000144555,True,optimal,best_calculation
761,5,Box6,1,24752000.0,24752000.0,177.38,False,Box6,1,24752000.0,24752000.0,1.3625000000274667,False,heuristic,Box6,1,24752000.0,24752000.0,19.379088999983196,True,optimal,best_calculation
762,4,Box2,1,5278500.0,5278500.0,178.72,False,Box2,1,5278500.0,5278500.0,0.2930190000256516,False,heuristic,Box2,1,5278500.0,5278500.0,7.354555000006258,True,optimal,best_calculation
763,6,Box5,1,20774000.0,20774000.0,207.92,False,Box5,1,20774000.0,20774000.0,1.1798129999647244,False,heuristic,Box5,1,20774000.0,20774000.0,35.563064000029954,True,optimal,best_calculation
764,4,Box5,1,20774000.0,20774000.0,193.64,False,Box5,1,20774000.0,20774000.0,0.2895730000318508,False,heuristic,Box5,1,20774000.0,20774000.0,7.37562199998365,True,optimal,best_calculation
765,5,Box8,1,14616000.0,14616000.0,221.02,False,Box8,1,14616000.0,14616000.0,0.44339600003695523,False,heuristic,Box8,1,14616000.0,14616000.0,10.423106000018834,True,optimal,best_calculation
766,7,Box8,1,14616000.0,14616000.0,172.28,False,Box8,1,14616000.0,14616000.0,0.6439299999669856,False,heuristic,Box8,1,14616000.0,14616000.0,19.230119000042123,True,optimal,best_calculation
767,6,Box2,1,5278500.0,5278500.0,188.96,False,Box2,1,5278500.0,5278500.0,0.43233699994971175,False,heuristic,Box2,1,5278500.0,5278500.0,13.291854999977204,True,optimal,best_calculation
768,14,Box8,1,14616000.0,14616000.0,185.01,False,Box8,1,14616000.0,14616000.0,9.382460000040282,False,heuristic,Box8,1,14616000.0,14616000.0,77.79707899999266,True,optimal,best_calculation
769,7,Box2,1,5278500.0,5278500.0,180.49,False,Box2,1,5278500.0,5278500.0,0.8952890000273328,False,heuristic,Box2,1,5278500.0,5278500.0,19.587262000015926,True,optimal,best_calculation
770,11,Box6,1,24752000.0,24752000.0,186.04,False,Box6,1,24752000.0,24752000.0,1.690337000013642,False,heuristic,Box6,1,24752000.0,24752000.0,46.41124099998706,True,optimal,best_calculation
771,10,Box6,1,24752000.0,24752000.0,182.43,False,Box6,1,24752000.0,24752000.0,1.207190000002356,False,heuristic,Box6,1,24752000.0,24752000.0,37.28368199995202,True,optimal,best_calculation
772,4,"Box9,Box5",2,63278000.0,42504000.0,250.27,False,"Box9,Box5",2,63278000.0,42504000.0,0.4714949999993223,False,heuristic,"Box5,Box9",2,63278000.0,42504000.0,84.93877999995902,True,optimal,best_calculation
773,9,Box6,1,24752000.0,24752000.0,172.7,False,Box6,1,24752000.0,24752000.0,1.2899669999910657,False,heuristic,Box6,1,24752000.0,24752000.0,32.62691699995912,True,optimal,best_calculation
774,5,Box8,1,14616000.0,14616000.0,207.63,False,Box8,1,14616000.0,14616000.0,1.801602999989882,False,heuristic,Box8,1,14616000.0,14616000.0,13.093287000003784,True,optimal,best_calculation
775,9,Box6,1,24752000.0,24752000.0,177.5,False,Box6,1,24752000.0,24752000.0,1.2096190000079332,False,heuristic,Box6,1,24752000.0,24752000.0,31.48579199995538,True,optimal,best_calculation
776,8,Box9,1,42504000.0,42504000.0,327.39,False,Box9,1,42504000.0,42504000.0,0.8917779999819686,False,heuristic,Box9,1,42504000.0,42504000.0,22.046223000018017,True,optimal,best_calculation
777,11,Box8,1,14616000.0,14616000.0,177.17,False,Box8,1,14616000.0,14616000.0,9.214733000021624,False,heuristic,Box8,1,14616000.0,14616000.0,56.98390600002767,True,optimal,best_calculation
778,7,Box6,1,24752000.0,24752000.0,182.78,False,Box6,1,24752000.0,24752000.0,0.8917549999978291,False,heuristic,Box6,1,24752000.0,24752000.0,17.78623500001686,True,optimal,best_calculation
779,7,Box4,1,13260000.0,13260000.0,190.98,False,Box4,1,13260000.0,13260000.0,0.8247310000228936,False,heuristic,Box4,1,13260000.0,13260000.0,18.43634099998326,True,optimal,best_calculation
780,7,Box5,1,20774000.0,20774000.0,175.68,False,Box6,1,24752000.0,24752000.0,2.406762999953571,False,heuristic,Box5,1,20774000.0,20774000.0,23.869678999972166,True,optimal,best_calculation
781,8,Box5,1,20774000.0,20774000.0,183.8,False,Box5,1,20774000.0,20774000.0,4.038566000019728,False,heuristic,Box5,1,20774000.0,20774000.0,28.187727000045015,True,optimal,best_calculation
782,10,Box9,1,42504000.0,42504000.0,190.17,False,Box9,1,42504000.0,42504000.0,1.1282670000127837,False,heuristic,Box9,1,42504000.0,42504000.0,37.113673999954244,True,optimal,best_calculation
783,16,Box6,1,24752000.0,24752000.0,209.12,False,Box6,1,24752000.0,24752000.0,4.048697999962769,False,heuristic,Box6,1,24752000.0,24752000.0,97.96730099998285,True,optimal,best_calculation
784,4,"Box9,Box5",2,63278000.0,42504000.0,250.7,False,"Box9,Box5",2,63278000.0,42504000.0,0.4692700000532568,False,heuristic,"Box5,Box9",2,63278000.0,42504000.0,78.8957120000191,True,optimal,best_calculation
785,5,Box6,1,24752000.0,24752000.0,182.25,False,Box6,1,24752000.0,24752000.0,1.2418560000355683,False,heuristic,Box6,1,24752000.0,24752000.0,16.73087499995063,True,optimal,best_calculation
786,7,Box4,1,13260000.0,13260000.0,183.49,False,Box4,1,13260000.0,13260000.0,1.0972599999945487,False,heuristic,Box4,1,13260000.0,13260000.0,20.169468999995388,True,optimal,best_calculation
787,11,Box9,1,42504000.0,42504000.0,466.15,False,Box9,1,42504000.0,42504000.0,2.196566999998595,False,heuristic,Box9,1,42504000.0,42504000.0,45.06861100003334,True,optimal,best_calculation
788,3,Box2,1,5278500.0,5278500.0,195.22,False,Box2,1,5278500.0,5278500.0,0.2404389999810519,False,heuristic,Box2,1,5278500.0,5278500.0,4.527263999989373,True,optimal,best_calculation
789,7,Box5,1,20774000.0,20774000.0,185.42,False,Box5,1,20774000.0,20774000.0,0.6440239999960795,False,heuristic,Box5,1,20774000.0,20774000.0,22.202273999994304,True,optimal,best_calculation
790,6,Box2,1,5278500.0,5278500.0,169.45,False,Box2,1,5278500.0,5278500.0,0.5224450000014258,False,heuristic,Box2,1,5278500.0,5278500.0,14.034025999990263,True,optimal,best_calculation
791,5,Box4,1,13260000.0,13260000.0,172.62,False,Box4,1,13260000.0,13260000.0,1.3780989999645499,False,heuristic,Box4,1,13260000.0,13260000.0,18.570562999968843,True,optimal,best_calculation
792,11,Box5,1,20774000.0,20774000.0,167.59,False,Box5,1,20774000.0,20774000.0,0.894078999976955,False,heuristic,Box5,1,20774000.0,20774000.0,33.58513000000585,True,optimal,best_calculation
793,7,Box5,1,20774000.0,20774000.0,189.32,False,Box5,1,20774000.0,20774000.0,0.9477120000269679,False,heuristic,Box5,1,20774000.0,20774000.0,19.123908999972627,True,optimal,best_calculation
794,11,Box8,1,14616000.0,14616000.0,170.02,False,Box8,1,14616000.0,14616000.0,1.5487420000113161,False,heuristic,Box8,1,14616000.0,14616000.0,44.55511399999068,True,optimal,best_calculation
795,6,Box8,1,14616000.0,14616000.0,172.98,False,Box8,1,14616000.0,14616000.0,1.9770989999869926,False,heuristic,Box8,1,14616000.0,14616000.0,17.5510170000166,True,optimal,best_calculation
796,14,Box5,1,20774000.0,20774000.0,191.72,False,Box5,1,20774000.0,20774000.0,2.617197999995824,False,heuristic,Box5,1,20774000.0,20774000.0,77.17753299999686,True,optimal,best_calculation
797,1,Box4,1,13260000.0,13260000.0,157.67,False,Box4,1,13260000.0,13260000.0,0.09810099999185695,False,heuristic,Box4,1,13260000.0,13260000.0,0.989136999976381,True,optimal,best_calculation
798,3,Box4,1,13260000.0,13260000.0,175.52,False,Box4,1,13260000.0,13260000.0,0.6856250000168984,False,heuristic,Box4,1,13260000.0,13260000.0,8.362234000003355,True,optimal,best_calculation
799,7,Box4,1,13260000.0,13260000.0,165.33,False,Box5,1,20774000.0,20774000.0,3.2153359999824715,False,heuristic,Box4,1,13260000.0,13260000.0,35.820149000016954,True,optimal,best_calculation
800,5,Box4,1,13260000.0,13260000.0,167.1,False,Box4,1,13260000.0,13260000.0,0.7262550000177725,False,heuristic,Box4,1,13260000.0,13260000.0,15.205021999975088,True,optimal,best_calculation
801,7,Box2,1,5278500.0,5278500.0,166.64,False,Box2,1,5278500.0,5278500.0,0.833319000037136,False,heuristic,Box2,1,5278500.0,5278500.0,19.469560999993973,True,optimal,best_calculation
802,6,Box8,1,14616000.0,14616000.0,198.56,False,Box8,1,14616000.0,14616000.0,3.3998199999700773,False,heuristic,Box8,1,14616000.0,14616000.0,27.798630000006597,True,optimal,best_calculation
803,6,Box4,1,13260000.0,13260000.0,180.72,False,Box4,1,13260000.0,13260000.0,1.0009879999870464,False,heuristic,Box4,1,13260000.0,13260000.0,21.526456999993115,True,optimal,best_calculation
804,7,Box9,1,42504000.0,42504000.0,155.41,False,Box9,1,42504000.0,42504000.0,0.47351100005244007,False,heuristic,Box9,1,42504000.0,42504000.0,17.083664999972825,True,optimal,best_calculation
805,7,Box6,1,24752000.0,24752000.0,492.61,False,Box6,1,24752000.0,24752000.0,0.8606780000377512,False,heuristic,Box6,1,24752000.0,24752000.0,19.17549299997745,True,optimal,best_calculation
806,9,Box9,1,42504000.0,42504000.0,342.18,True,"Box6,Box9",2,67256000.0,42504000.0,0.8787620000134666,False,heuristic,"Box6,Box6",2,49504000.0,24752000.0,101.28583199997365,True,optimal,best_calculation
807,11,Box9,1,42504000.0,42504000.0,199.93,False,Box9,1,42504000.0,42504000.0,2.4273029999903883,False,heuristic,Box9,1,42504000.0,42504000.0,43.641487000002144,True,optimal,best_calculation
808,4,Box2,1,5278500.0,5278500.0,192.41,False,Box2,1,5278500.0,5278500.0,0.30801799999835566,False,heuristic,Box2,1,5278500.0,5278500.0,6.757574999994631,True,optimal,best_calculation
809,4,Box4,1,13260000.0,13260000.0,179.41,False,Box4,1,13260000.0,13260000.0,0.8837700000299265,False,heuristic,Box4,1,13260000.0,13260000.0,10.959709000019302,True,optimal,best_calculation
810,4,Box4,1,13260000.0,13260000.0,171.74,False,Box4,1,13260000.0,13260000.0,1.2917259999767339,False,heuristic,Box4,1,13260000.0,13260000.0,12.280486999998175,True,optimal,best_calculation
811,11,Box9,1,42504000.0,42504000.0,167.1,False,Box9,1,42504000.0,42504000.0,2.7639500000304906,False,heuristic,Box9,1,42504000.0,42504000.0,40.35087299996576,True,optimal,best_calculation
812,4,Box2,1,5278500.0,5278500.0,196.57,False,Box2,1,5278500.0,5278500.0,0.2659709999761617,False,heuristic,Box2,1,5278500.0,5278500.0,6.6519689999609,True,optimal,best_calculation
813,4,Box8,1,14616000.0,14616000.0,174.89,False,Box8,1,14616000.0,14616000.0,0.37883499999225023,False,heuristic,Box8,1,14616000.0,14616000.0,8.050431000015124,True,optimal,best_calculation
814,5,Box6,1,24752000.0,24752000.0,181.18,False,Box9,1,42504000.0,42504000.0,0.9433640000224841,False,heuristic,Box6,1,24752000.0,24752000.0,10.41381499999261,True,optimal,best_calculation
815,6,Box8,1,14616000.0,14616000.0,166.6,False,Box8,1,14616000.0,14616000.0,2.5330550000148833,False,heuristic,Box8,1,14616000.0,14616000.0,16.667953000023772,True,optimal,best_calculation
816,5,Box2,1,5278500.0,5278500.0,182.43,False,Box4,1,13260000.0,13260000.0,1.209076999998615,False,heuristic,Box2,1,5278500.0,5278500.0,8.671817999982068,True,optimal,best_calculation
817,10,Box8,1,14616000.0,14616000.0,188.4,False,Box5,1,20774000.0,20774000.0,3.672763999986728,False,heuristic,Box8,1,14616000.0,14616000.0,41.1500829999909,True,optimal,best_calculation
818,7,Box2,1,5278500.0,5278500.0,182.25,False,Box2,1,5278500.0,5278500.0,0.7486169999992853,False,heuristic,Box2,1,5278500.0,5278500.0,19.82689300001539,True,optimal,best_calculation
819,7,Box6,1,24752000.0,24752000.0,162.45,False,Box6,1,24752000.0,24752000.0,0.6814319999648433,False,heuristic,Box6,1,24752000.0,24752000.0,20.19378699998242,True,optimal,best_calculation
820,8,Box4,1,13260000.0,13260000.0,194.61,False,Box4,1,13260000.0,13260000.0,1.0033079999516303,False,heuristic,Box4,1,13260000.0,13260000.0,25.43032799997036,True,optimal,best_calculation
821,32,"Box9,Box9",2,85008000.0,42504000.0,471.26,True,"Box4,Box9,Box9",3,98268000.0,42504000.0,41.91952399997945,False,heuristic,"Box4,Box9,Box9",3,98268000.0,42504000.0,559.875422999994,False,time_limit,fast_fallback
822,4,Box6,1,24752000.0,24752000.0,173.08,False,Box6,1,24752000.0,24752000.0,0.9347210000214545,False,heuristic,Box6,1,24752000.0,24752000.0,13.29098299999032,True,optimal,best_calculation
823,5,Box6,1,24752000.0,24752000.0,221.62,False,Box6,1,24752000.0,24752000.0,1.4715350000074068,False,heuristic,Box6,1,24752000.0,24752000.0,21.156870000027084,True,optimal,best_calculation
824,9,Box5,1,20774000.0,20774000.0,291.26,False,Box5,1,20774000.0,20774000.0,1.2361839999925905,False,heuristic,Box5,1,20774000.0,20774000.0,30.78950200000463,True,optimal,best_calculation
825,6,Box9,1,42504000.0,42504000.0,175.75,False,Box9,1,42504000.0,42504000.0,1.3982840000039687,False,heuristic,Box9,1,42504000.0,42504000.0,37.25161200003413,True,optimal,best_calculation
826,8,Box9,1,42504000.0,42504000.0,196.37,False,Box9,1,42504000.0,42504000.0,1.0467309999739882,False,heuristic,Box9,1,42504000.0,42504000.0,27.6529569999866,True,optimal,best_calculation
827,10,Box9,1,42504000.0,42504000.0,165.41,False,Box9,1,42504000.0,42504000.0,1.463635999982671,False,heuristic,Box9,1,42504000.0,42504000.0,36.79054399998449,True,optimal,best_calculation
828,12,Box5,1,20774000.0,20774000.0,360.36,False,Box5,1,20774000.0,20774000.0,2.3271459999705257,False,heuristic,Box5,1,20774000.0,20774000.0,55.20588299998508,True,optimal,best_calculation
829,8,Box2,1,5278500.0,5278500.0,164.03,False,Box2,1,5278500.0,5278500.0,0.9721929999955137,False,heuristic,Box2,1,5278500.0,5278500.0,21.2323979999951,True,optimal,best_calculation
830,8,Box2,1,5278500.0,5278500.0,171.25,False,Box2,1,5278500.0,5278500.0,0.8947310000166908,False,heuristic,Box2,1,5278500.0,5278500.0,21.85392100000172,True,optimal,best_calculation
831,2,Box8,1,14616000.0,14616000.0,185.41,False,Box8,1,14616000.0,14616000.0,0.11052199999994627,False,heuristic,Box8,1,14616000.0,14616000.0,2.179248999993888,True,optimal,best_calculation
832,4,Box5,1,20774000.0,20774000.0,165.15,False,Box6,1,24752000.0,24752000.0,1.0415620000117087,False,heuristic,Box5,1,20774000.0,20774000.0,9.33838299999934,True,optimal,best_calculation
833,3,Box4,1,13260000.0,13260000.0,169.48,False,Box4,1,13260000.0,13260000.0,0.6802979999633862,False,heuristic,Box4,1,13260000.0,13260000.0,7.852601000024606,True,optimal,best_calculation
834,4,Box9,1,42504000.0,42504000.0,169.49,False,Box9,1,42504000.0,42504000.0,0.8301359999904889,False,heuristic,Box9,1,42504000.0,42504000.0,15.742925999973068,True,optimal,best_calculation
835,5,Box4,1,13260000.0,13260000.0,178.5,False,Box4,1,13260000.0,13260000.0,1.0200389999681647,False,heuristic,Box4,1,13260000.0,13260000.0,14.70940500001916,True,optimal,best_calculation
836,6,Box9,1,42504000.0,42504000.0,176.52,False,"Box6,Box8",2,39368000.0,24752000.0,0.8904250000227876,False,heuristic,Box9,1,42504000.0,42504000.0,24.619730999972944,True,optimal,best_calculation
837,5,Box9,1,42504000.0,42504000.0,166.35,False,Box9,1,42504000.0,42504000.0,1.0720540000193068,False,heuristic,Box6,1,24752000.0,24752000.0,19.61162800000693,True,optimal,best_calculation
838,5,Box8,1,14616000.0,14616000.0,191.22,False,Box8,1,14616000.0,14616000.0,1.4750320000302963,False,heuristic,Box8,1,14616000.0,14616000.0,12.191233000010016,True,optimal,best_calculation
839,17,"Box9,Box8",2,57120000.0,42504000.0,447.68,True,"Box9,Box4",2,55764000.0,42504000.0,1.685102999999799,False,heuristic,"Box4,Box9",2,55764000.0,42504000.0,348.1342180000411,True,optimal,best_calculation
840,14,Box6,1,24752000.0,24752000.0,182.9,False,Box9,1,42504000.0,42504000.0,7.69676699997035,False,heuristic,Box6,1,24752000.0,24752000.0,78.52194800000234,True,optimal,best_calculation
841,6,Box8,1,14616000.0,14616000.0,186.81,False,Box8,1,14616000.0,14616000.0,1.814671999966322,False,heuristic,Box8,1,14616000.0,14616000.0,16.920878000007633,True,optimal,best_calculation
842,5,Box2,1,5278500.0,5278500.0,171.1,False,Box2,1,5278500.0,5278500.0,0.3355620000320414,False,heuristic,Box2,1,5278500.0,5278500.0,9.41454300004807,True,optimal,best_calculation
843,8,Box4,1,13260000.0,13260000.0,172.11,False,Box4,1,13260000.0,13260000.0,0.756369999976414,False,heuristic,Box4,1,13260000.0,13260000.0,26.139945000011267,True,optimal,best_calculation
844,9,Box5,1,20774000.0,20774000.0,180.44,False,Box5,1,20774000.0,20774000.0,1.2762570000290907,False,heuristic,Box5,1,20774000.0,20774000.0,28.10697600000367,True,optimal,best_calculation
845,7,Box6,1,24752000.0,24752000.0,198.13,False,Box6,1,24752000.0,24752000.0,0.7065270000339297,False,heuristic,Box6,1,24752000.0,24752000.0,22.04547700000603,True,optimal,best_calculation
846,7,Box5,1,20774000.0,20774000.0,165.76,False,Box5,1,20774000.0,20774000.0,0.6348489999936646,False,heuristic,Box5,1,20774000.0,20774000.0,18.087955999988026,True,optimal,best_calculation
847,9,Box5,1,20774000.0,20774000.0,167.34,False,Box8,1,14616000.0,14616000.0,1.0087809999959063,False,heuristic,Box8,1,14616000.0,14616000.0,33.92531899999085,True,optimal,best_calculation
848,4,Box4,1,13260000.0,13260000.0,185.63,False,Box4,1,13260000.0,13260000.0,0.8633769999732976,False,heuristic,Box4,1,13260000.0,13260000.0,10.951530999989245,True,optimal,best_calculation
849,5,Box4,1,13260000.0,13260000.0,257.51,False,Box4,1,13260000.0,13260000.0,1.2230280000267157,False,heuristic,Box4,1,13260000.0,13260000.0,25.582873000018935,True,optimal,best_calculation
850,5,Box2,1,5278500.0,5278500.0,174.05,False,Box2,1,5278500.0,5278500.0,0.4781089999710275,False,heuristic,Box2,1,5278500.0,5278500.0,10.418838000020969,True,optimal,best_calculation
851,7,Box8,1,14616000.0,14616000.0,193.04,False,Box8,1,14616000.0,14616000.0,3.127860999995846,False,heuristic,Box8,1,14616000.0,14616000.0,20.9421730000372,True,optimal,best_calculation
852,6,Box8,1,14616000.0,14616000.0,176.05,False,Box5,1,20774000.0,20774000.0,1.4855200000170043,False,heuristic,Box8,1,14616000.0,14616000.0,15.318070000034822,True,optimal,best_calculation
853,11,Box6,1,24752000.0,24752000.0,164.88,False,Box5,1,20774000.0,20774000.0,1.2605759999928523,False,heuristic,Box5,1,20774000.0,20774000.0,45.034211000029245,True,optimal,best_calculation
854,4,Box2,1,5278500.0,5278500.0,191.25,False,Box2,1,5278500.0,5278500.0,0.3473740000004,False,heuristic,Box2,1,5278500.0,5278500.0,8.323966000034488,True,optimal,best_calculation
855,5,Box4,1,13260000.0,13260000.0,180.96,False,Box4,1,13260000.0,13260000.0,0.4312219999746958,False,heuristic,Box4,1,13260000.0,13260000.0,10.652337000010448,True,optimal,best_calculation
856,7,Box8,1,14616000.0,14616000.0,166.33,False,Box8,1,14616000.0,14616000.0,1.0879190000423478,False,heuristic,Box8,1,14616000.0,14616000.0,20.8218880000004,True,optimal,best_calculation
857,3,Box2,1,5278500.0,5278500.0,218.19,False,Box2,1,5278500.0,5278500.0,0.2677369999446455,False,heuristic,Box2,1,5278500.0,5278500.0,4.960254000025088,True,optimal,best_calculation
858,6,Box6,1,24752000.0,24752000.0,214.91,False,Box6,1,24752000.0,24752000.0,0.3988749999734864,False,heuristic,Box6,1,24752000.0,24752000.0,11.755128000004333,True,optimal,best_calculation
859,11,Box5,1,20774000.0,20774000.0,177.35,False,Box5,1,20774000.0,20774000.0,2.1307279999973616,False,heuristic,Box5,1,20774000.0,20774000.0,51.711216999990484,True,optimal,best_calculation
860,7,Box9,1,42504000.0,42504000.0,282.03,False,Box9,1,42504000.0,42504000.0,0.9462769999686316,False,heuristic,Box9,1,42504000.0,42504000.0,18.53080600000112,True,optimal,best_calculation
861,23,"Box9,Box2",2,47782500.0,42504000.0,424.73,True,"Box9,Box4",2,55764000.0,42504000.0,5.293102999985422,False,heuristic,"Box4,Box9",2,55764000.0,42504000.0,701.9547099999954,True,optimal,best_calculation
862,8,Box4,1,13260000.0,13260000.0,167.15,False,Box4,1,13260000.0,13260000.0,0.7614159999889125,False,heuristic,Box4,1,13260000.0,13260000.0,26.220225999963986,True,optimal,best_calculation
863,2,Box2,1,5278500.0,5278500.0,169.76,False,Box2,1,5278500.0,5278500.0,0.13239600002634688,False,heuristic,Box2,1,5278500.0,5278500.0,1.6649120000238327,True,optimal,best_calculation
864,6,Box9,1,42504000.0,42504000.0,170.1,False,Box9,1,42504000.0,42504000.0,0.2749810000182151,False,heuristic,Box9,1,42504000.0,42504000.0,10.099214999968353,True,optimal,best_calculation
865,5,Box2,1,5278500.0,5278500.0,167.85,False,Box2,1,5278500.0,5278500.0,0.3512449999902856,False,heuristic,Box2,1,5278500.0,5278500.0,8.962940000003528,True,optimal,best_calculation
866,8,Box4,1,13260000.0,13260000.0,179.41,False,Box4,1,13260000.0,13260000.0,0.981858999978158,False,heuristic,Box4,1,13260000.0,13260000.0,28.99570599998924,True,optimal,best_calculation
867,10,Box8,1,14616000.0,14616000.0,175.45,False,Box8,1,14616000.0,14616000.0,6.38860500004057,False,heuristic,Box8,1,14616000.0,14616000.0,48.58402300004627,True,optimal,best_calculation
868,13,Box5,1,20774000.0,20774000.0,172.55,False,Box5,1,20774000.0,20774000.0,8.129462999988846,False,heuristic,Box8,1,14616000.0,14616000.0,92.12779500001034,True,optimal,best_calculation
869,5,Box4,1,13260000.0,13260000.0,527.16,False,Box4,1,13260000.0,13260000.0,0.39399500002446075,False,heuristic,Box4,1,13260000.0,13260000.0,10.988346000033289,True,optimal,best_calculation
870,10,Box4,1,13260000.0,13260000.0,168.45,False,Box4,1,13260000.0,13260000.0,1.5006020000214448,False,heuristic,Box4,1,13260000.0,13260000.0,38.790549999987434,True,optimal,best_calculation
871,6,Box2,1,5278500.0,5278500.0,162.58,False,Box2,1,5278500.0,5278500.0,0.6952329999876383,False,heuristic,Box2,1,5278500.0,5278500.0,13.468968000040604,True,optimal,best_calculation
872,7,Box4,1,13260000.0,13260000.0,165.59,False,Box4,1,13260000.0,13260000.0,0.7209199999920202,False,heuristic,Box4,1,13260000.0,13260000.0,20.32794400003013,True,optimal,best_calculation
873,7,Box4,1,13260000.0,13260000.0,156.86,False,Box4,1,13260000.0,13260000.0,0.9151720000204477,False,heuristic,Box4,1,13260000.0,13260000.0,21.436421999965205,True,optimal,best_calculation
874,12,Box5,1,20774000.0,20774000.0,311.04,False,Box5,1,20774000.0,20774000.0,1.8479519999914373,False,heuristic,Box5,1,20774000.0,20774000.0,46.099023000010675,True,optimal,best_calculation
875,7,Box8,1,14616000.0,14616000.0,178.7,False,Box8,1,14616000.0,14616000.0,3.4965909999868927,False,heuristic,Box8,1,14616000.0,14616000.0,23.257854999997107,True,optimal,best_calculation
876,6,Box2,1,5278500.0,5278500.0,173.92,False,Box2,1,5278500.0,5278500.0,0.5350569999791333,False,heuristic,Box2,1,5278500.0,5278500.0,14.544124999986252,True,optimal,best_calculation
877,6,Box8,1,14616000.0,14616000.0,195.12,False,"Box4,Box8",2,27876000.0,14616000.0,0.9782059999565718,False,heuristic,Box8,1,14616000.0,14616000.0,16.103668000027938,True,optimal,best_calculation
878,11,Box9,1,42504000.0,42504000.0,329.05,False,Box9,1,42504000.0,42504000.0,2.371857000014188,False,heuristic,Box9,1,42504000.0,42504000.0,43.18004999998948,True,optimal,best_calculation
879,10,Box9,1,42504000.0,42504000.0,347.96,False,Box9,1,42504000.0,42504000.0,1.8706980000047224,False,heuristic,Box9,1,42504000.0,42504000.0,37.06541000002517,True,optimal,best_calculation
880,21,Box6,1,24752000.0,24752000.0,347.37,False,Box6,1,24752000.0,24752000.0,6.828588000018954,False,heuristic,Box6,1,24752000.0,24752000.0,136.19499499998255,True,optimal,best_calculation
881,2,Box4,1,13260000.0,13260000.0,177.59,False,Box4,1,13260000.0,13260000.0,0.16115900001523187,False,heuristic,Box4,1,13260000.0,13260000.0,3.140379000001303,True,optimal,best_calculation
882,5,Box4,1,13260000.0,13260000.0,208.86,False,Box4,1,13260000.0,13260000.0,1.1686619999977665,False,heuristic,Box4,1,13260000.0,13260000.0,15.994376999969973,True,optimal,best_calculation
883,5,Box4,1,13260000.0,13260000.0,193.92,False,Box4,1,13260000.0,13260000.0,1.2826750000272114,False,heuristic,Box4,1,13260000.0,13260000.0,15.400403000001006,True,optimal,best_calculation
884,4,Box8,1,14616000.0,14616000.0,167.01,False,Box8,1,14616000.0,14616000.0,0.3323999999906846,False,heuristic,Box8,1,14616000.0,14616000.0,8.048540000004323,True,optimal,best_calculation
885,6,Box5,1,20774000.0,20774000.0,317.9,False,Box5,1,20774000.0,20774000.0,2.0321540000054483,False,heuristic,Box4,1,13260000.0,13260000.0,17.997405000016897,True,optimal,best_calculation
886,8,Box4,1,13260000.0,13260000.0,172.69,False,Box4,1,13260000.0,13260000.0,1.0878349999643433,False,heuristic,Box4,1,13260000.0,13260000.0,27.867316000026676,True,optimal,best_calculation
887,10,"Box9,Box8",2,57120000.0,42504000.0,400.56,True,"Box9,Box6",2,67256000.0,42504000.0,1.245601999983137,False,heuristic,"Box5,Box9",2,63278000.0,42504000.0,50.385865000009744,True,optimal,best_calculation
888,20,Box9,1,42504000.0,42504000.0,246.38,False,Box9,1,42504000.0,42504000.0,3.2187830000225404,False,heuristic,Box9,1,42504000.0,42504000.0,123.88148999997384,True,optimal,best_calculation
889,1,Box2,1,5278500.0,5278500.0,154.21,False,Box2,1,5278500.0,5278500.0,0.137009000013677,False,heuristic,Box2,1,5278500.0,5278500.0,0.7910399999673245,True,optimal,best_calculation
890,3,Box4,1,13260000.0,13260000.0,183.9,False,Box4,1,13260000.0,13260000.0,0.29032099996584293,False,heuristic,Box4,1,13260000.0,13260000.0,5.2865409999753865,True,optimal,best_calculation
891,7,Box4,1,13260000.0,13260000.0,256.68,False,Box4,1,13260000.0,13260000.0,0.638765000019248,False,heuristic,Box4,1,13260000.0,13260000.0,19.171708999977,True,optimal,best_calculation
892,5,Box4,1,13260000.0,13260000.0,196.54,False,Box4,1,13260000.0,13260000.0,0.45811100000037186,False,heuristic,Box4,1,13260000.0,13260000.0,8.439984999995431,True,optimal,best_calculation
893,5,Box4,1,13260000.0,13260000.0,211.46,False,Box4,1,13260000.0,13260000.0,1.3059990000101607,False,heuristic,Box4,1,13260000.0,13260000.0,17.946400000028007,True,optimal,best_calculation
894,10,Box8,1,14616000.0,14616000.0,194.45,False,Box8,1,14616000.0,14616000.0,1.2196970000104557,False,heuristic,Box8,1,14616000.0,14616000.0,35.49639099998103,True,optimal,best_calculation
895,12,Box6,1,24752000.0,24752000.0,226.57,False,Box6,1,24752000.0,24752000.0,2.364559999989524,False,heuristic,Box6,1,24752000.0,24752000.0,53.51354499998706,True,optimal,best_calculation
896,11,"Box9,Box4",2,55764000.0,42504000.0,515.93,True,"Box9,Box4",2,55764000.0,42504000.0,0.8288340000035532,False,heuristic,"Box4,Box9",2,55764000.0,42504000.0,67.21455399997467,True,optimal,best_calculation
897,9,Box8,1,14616000.0,14616000.0,228.44,False,Box8,1,14616000.0,14616000.0,1.5745050000077754,False,heuristic,Box8,1,14616000.0,14616000.0,33.33443899998656,True,optimal,best_calculation
898,7,Box8,1,14616000.0,14616000.0,197.83,False,Box8,1,14616000.0,14616000.0,0.7348980000188021,False,heuristic,Box8,1,14616000.0,14616000.0,19.501654000009694,True,optimal,best_calculation
899,11,Box8,1,14616000.0,14616000.0,195.2,False,Box8,1,14616000.0,14616000.0,2.116585999999643,False,heuristic,Box8,1,14616000.0,14616000.0,47.29236500003253,True,optimal,best_calculation
900,23,"Box9,Box5",2,63278000.0,42504000.0,463.39,True,"Box9,Box9",2,85008000.0,42504000.0,5.341787000020304,False,heuristic,"Box9,Box9",2,85008000.0,42504000.0,186.518776000014,False,time_limit,fast_fallback
901,7,Box4,1,13260000.0,13260000.0,178.27,False,Box4,1,13260000.0,13260000.0,0.691805000030854,False,heuristic,Box4,1,13260000.0,13260000.0,19.317134999994323,True,optimal,best_calculation
902,16,Box5,1,20774000.0,20774000.0,460.61,False,Box5,1,20774000.0,20774000.0,4.203861999997116,False,heuristic,Box5,1,20774000.0,20774000.0,84.46261100004904,True,optimal,best_calculation
903,5,Box4,1,13260000.0,13260000.0,652.76,False,Box4,1,13260000.0,13260000.0,0.39325500000586544,False,heuristic,Box4,1,13260000.0,13260000.0,9.842611000010493,True,optimal,best_calculation
904,3,Box4,1,13260000.0,13260000.0,196.25,False,Box4,1,13260000.0,13260000.0,0.17744300004096658,False,heuristic,Box4,1,13260000.0,13260000.0,4.5179069999790045,True,optimal,best_calculation
905,3,Box2,1,5278500.0,5278500.0,191.73,False,Box2,1,5278500.0,5278500.0,0.22070799997209178,False,heuristic,Box2,1,5278500.0,5278500.0,4.562555999996221,True,optimal,best_calculation
906,4,Box5,1,20774000.0,20774000.0,177.35,False,Box5,1,20774000.0,20774000.0,1.003738000008525,False,heuristic,Box5,1,20774000.0,20774000.0,7.19961400000102,True,optimal,best_calculation
907,4,Box5,1,20774000.0,20774000.0,177.79,False,"Box4,Box8",2,27876000.0,14616000.0,0.6908540000267749,False,heuristic,Box5,1,20774000.0,20774000.0,10.347260999992614,True,optimal,best_calculation
908,8,Box8,1,14616000.0,14616000.0,185.49,False,Box8,1,14616000.0,14616000.0,0.7335519999855933,False,heuristic,Box8,1,14616000.0,14616000.0,22.29629499998964,True,optimal,best_calculation
909,4,Box4,1,13260000.0,13260000.0,166.67,False,Box4,1,13260000.0,13260000.0,0.3493989999583391,False,heuristic,Box4,1,13260000.0,13260000.0,8.73449999994591,True,optimal,best_calculation
910,8,Box9,1,42504000.0,42504000.0,359.95,True,"Box9,Box6",2,67256000.0,42504000.0,0.657710999973915,False,heuristic,"Box8,Box9",2,57120000.0,42504000.0,76.17409699997779,True,optimal,best_calculation
911,8,Box4,1,13260000.0,13260000.0,159.94,False,Box4,1,13260000.0,13260000.0,1.4260920000310762,False,heuristic,Box4,1,13260000.0,13260000.0,27.92905100000098,True,optimal,best_calculation
912,10,Box5,1,20774000.0,20774000.0,172.8,False,Box5,1,20774000.0,20774000.0,1.576359000011962,False,heuristic,Box5,1,20774000.0,20774000.0,39.21359899999288,True,optimal,best_calculation
913,8,Box5,1,20774000.0,20774000.0,169.09,False,Box5,1,20774000.0,20774000.0,0.9576450000281511,False,heuristic,Box5,1,20774000.0,20774000.0,24.79045600000518,True,optimal,best_calculation
914,13,Box9,1,42504000.0,42504000.0,209.84,False,Box9,1,42504000.0,42504000.0,2.80035099996212,False,heuristic,Box9,1,42504000.0,42504000.0,61.3747589999889,True,optimal,best_calculation
915,7,Box6,1,24752000.0,24752000.0,180.24,False,Box6,1,24752000.0,24752000.0,0.5772279999973762,False,heuristic,Box6,1,24752000.0,24752000.0,19.660208000004786,True,optimal,best_calculation
916,7,Box5,1,20774000.0,20774000.0,174.82,False,Box6,1,24752000.0,24752000.0,2.783679000003758,False,heuristic,Box5,1,20774000.0,20774000.0,22.775726000020313,True,optimal,best_calculation
917,5,Box2,1,5278500.0,5278500.0,171.96,False,Box2,1,5278500.0,5278500.0,0.35389600003554733,False,heuristic,Box2,1,5278500.0,5278500.0,9.388223999962975,True,optimal,best_calculation
918,3,Box2,1,5278500.0,5278500.0,170.02,False,Box2,1,5278500.0,5278500.0,0.19650699999829158,False,heuristic,Box2,1,5278500.0,5278500.0,3.49327099996799,True,optimal,best_calculation
919,5,Box2,1,5278500.0,5278500.0,188.7,False,Box2,1,5278500.0,5278500.0,0.318259999971815,False,heuristic,Box2,1,5278500.0,5278500.0,7.100476000005074,True,optimal,best_calculation
920,6,Box4,1,13260000.0,13260000.0,184.23,False,Box4,1,13260000.0,13260000.0,0.4346240000359103,False,heuristic,Box4,1,13260000.0,13260000.0,14.962787999991178,True,optimal,best_calculation
921,7,Box4,1,13260000.0,13260000.0,171.01,False,Box4,1,13260000.0,13260000.0,0.8962920000499253,False,heuristic,Box4,1,13260000.0,13260000.0,20.649023000032685,True,optimal,best_calculation
922,6,Box5,1,20774000.0,20774000.0,172.82,False,Box5,1,20774000.0,20774000.0,1.308518999962871,False,heuristic,Box5,1,20774000.0,20774000.0,29.767577999962214,True,optimal,best_calculation
923,7,Box4,1,13260000.0,13260000.0,166.79,False,Box4,1,13260000.0,13260000.0,0.9713379999993776,False,heuristic,Box4,1,13260000.0,13260000.0,24.010776000011447,True,optimal,best_calculation
924,5,Box4,1,13260000.0,13260000.0,183.75,False,Box4,1,13260000.0,13260000.0,1.60979699995778,False,heuristic,Box4,1,13260000.0,13260000.0,18.17708800001583,True,optimal,best_calculation
925,6,Box2,1,5278500.0,5278500.0,192.34,False,Box4,1,13260000.0,13260000.0,1.6124420000096507,False,heuristic,Box2,1,5278500.0,5278500.0,13.08231100000512,True,optimal,best_calculation
926,8,Box9,1,42504000.0,42504000.0,310.07,False,Box9,1,42504000.0,42504000.0,1.1501419999717655,False,heuristic,Box9,1,42504000.0,42504000.0,23.440554999979213,True,optimal,best_calculation
927,7,Box8,1,14616000.0,14616000.0,184.35,False,Box8,1,14616000.0,14616000.0,2.439643000002434,False,heuristic,Box8,1,14616000.0,14616000.0,19.528328999967925,True,optimal,best_calculation
928,8,Box9,1,42504000.0,42504000.0,203.59,False,Box9,1,42504000.0,42504000.0,1.036310999950274,False,heuristic,Box9,1,42504000.0,42504000.0,22.22989099999495,True,optimal,best_calculation
929,10,Box9,1,42504000.0,42504000.0,188.8,False,Box9,1,42504000.0,42504000.0,1.7022149999661451,False,heuristic,Box9,1,42504000.0,42504000.0,35.7686809999791,True,optimal,best_calculation
930,10,Box5,1,20774000.0,20774000.0,191.11,False,Box6,1,24752000.0,24752000.0,5.124195000007603,False,heuristic,Box5,1,20774000.0,20774000.0,46.60557799996923,True,optimal,best_calculation
931,9,Box5,1,20774000.0,20774000.0,339.94,False,Box5,1,20774000.0,20774000.0,1.2122589999989941,False,heuristic,Box5,1,20774000.0,20774000.0,31.16830400000481,True,optimal,best_calculation
932,4,Box2,1,5278500.0,5278500.0,193.9,False,Box4,1,13260000.0,13260000.0,1.191114999983256,False,heuristic,Box2,1,5278500.0,5278500.0,7.937181999977838,True,optimal,best_calculation
933,5,Box2,1,5278500.0,5278500.0,170.54,False,Box2,1,5278500.0,5278500.0,0.3882440000211318,False,heuristic,Box2,1,5278500.0,5278500.0,8.494892000044274,True,optimal,best_calculation
934,3,Box8,1,14616000.0,14616000.0,193.65,False,Box8,1,14616000.0,14616000.0,0.1403569999638421,False,heuristic,Box8,1,14616000.0,14616000.0,4.121365999992577,True,optimal,best_calculation
935,4,Box2,1,5278500.0,5278500.0,193.59,False,Box2,1,5278500.0,5278500.0,0.2731760000074246,False,heuristic,Box2,1,5278500.0,5278500.0,7.483422000007067,True,optimal,best_calculation
936,7,Box4,1,13260000.0,13260000.0,171.66,False,Box4,1,13260000.0,13260000.0,0.7193559999905119,False,heuristic,Box4,1,13260000.0,13260000.0,19.007156999975905,True,optimal,best_calculation
937,5,Box4,1,13260000.0,13260000.0,182.42,False,Box4,1,13260000.0,13260000.0,0.3420759999812617,False,heuristic,Box4,1,13260000.0,13260000.0,9.84933799998089,True,optimal,best_calculation
938,5,Box8,1,14616000.0,14616000.0,214.85,False,Box8,1,14616000.0,14616000.0,1.7490360000351757,False,heuristic,Box8,1,14616000.0,14616000.0,12.94914299995753,True,optimal,best_calculation
939,7,Box8,1,14616000.0,14616000.0,193.3,False,Box8,1,14616000.0,14616000.0,0.6679140000187545,False,heuristic,Box8,1,14616000.0,14616000.0,22.71683399999347,True,optimal,best_calculation
940,10,Box8,1,14616000.0,14616000.0,192.07,False,Box5,1,20774000.0,20774000.0,5.100235999975666,False,heuristic,Box8,1,14616000.0,14616000.0,49.21907300001749,True,optimal,best_calculation
941,15,Box5,1,20774000.0,20774000.0,176.79,False,Box9,1,42504000.0,42504000.0,8.346680000045126,False,heuristic,Box5,1,20774000.0,20774000.0,91.68996300002163,True,optimal,best_calculation
942,3,Box2,1,5278500.0,5278500.0,578.79,False,Box2,1,5278500.0,5278500.0,0.25392300000248724,False,heuristic,Box2,1,5278500.0,5278500.0,4.433695000045645,True,optimal,best_calculation
943,6,Box6,1,24752000.0,24752000.0,176.96,False,Box6,1,24752000.0,24752000.0,0.3691400000320755,False,heuristic,Box6,1,24752000.0,24752000.0,12.499777999948947,True,optimal,best_calculation
944,6,Box6,1,24752000.0,24752000.0,155.25,False,Box6,1,24752000.0,24752000.0,1.704598999992868,False,heuristic,Box5,1,20774000.0,20774000.0,18.52478900002552,True,optimal,best_calculation
945,5,Box5,1,20774000.0,20774000.0,186.68,False,Box6,1,24752000.0,24752000.0,1.1279409999929157,False,heuristic,Box5,1,20774000.0,20774000.0,20.009709000021303,True,optimal,best_calculation
946,3,Box5,1,20774000.0,20774000.0,169.31,False,Box5,1,20774000.0,20774000.0,0.5950820000180101,False,heuristic,Box5,1,20774000.0,20774000.0,5.660039000019879,True,optimal,best_calculation
947,7,Box8,1,14616000.0,14616000.0,186.57,False,Box8,1,14616000.0,14616000.0,3.807783000013387,False,heuristic,Box8,1,14616000.0,14616000.0,23.773989999995138,True,optimal,best_calculation
948,10,Box9,1,42504000.0,42504000.0,177.96,False,Box9,1,42504000.0,42504000.0,1.5085080000289963,False,heuristic,Box9,1,42504000.0,42504000.0,38.1807589999994,True,optimal,best_calculation
949,8,Box8,1,14616000.0,14616000.0,198.86,False,Box8,1,14616000.0,14616000.0,3.3285769999906734,False,heuristic,Box8,1,14616000.0,14616000.0,26.48652199997059,True,optimal,best_calculation
950,10,Box8,1,14616000.0,14616000.0,180.83,False,Box8,1,14616000.0,14616000.0,1.3276660000087759,False,heuristic,Box8,1,14616000.0,14616000.0,41.819829000019126,True,optimal,best_calculation
951,6,Box5,1,20774000.0,20774000.0,171.47,False,Box5,1,20774000.0,20774000.0,1.58560399995622,False,heuristic,Box5,1,20774000.0,20774000.0,125.38918399997101,True,optimal,best_calculation
952,5,Box4,1,13260000.0,13260000.0,177.74,False,Box4,1,13260000.0,13260000.0,0.4900249999764128,False,heuristic,Box4,1,13260000.0,13260000.0,11.144586000000345,True,optimal,best_calculation
953,5,Box5,1,20774000.0,20774000.0,197.9,False,"Box4,Box4,Box8",3,41136000.0,14616000.0,0.995868000018163,False,heuristic,Box5,1,20774000.0,20774000.0,23.230893999993896,True,optimal,best_calculation
954,5,Box4,1,13260000.0,13260000.0,200.19,False,Box4,1,13260000.0,13260000.0,1.6843359999825225,False,heuristic,Box4,1,13260000.0,13260000.0,21.98714100001098,True,optimal,best_calculation
955,4,Box4,1,13260000.0,13260000.0,194.51,False,Box4,1,13260000.0,13260000.0,0.3072559999850455,False,heuristic,Box4,1,13260000.0,13260000.0,7.663940999975694,True,optimal,best_calculation
956,5,Box4,1,13260000.0,13260000.0,177.04,False,Box8,1,14616000.0,14616000.0,1.3217470000199683,False,heuristic,Box4,1,13260000.0,13260000.0,11.196093000023666,True,optimal,best_calculation
957,7,Box6,1,24752000.0,24752000.0,298.63,False,Box9,1,42504000.0,42504000.0,2.0464460000084728,False,heuristic,Box6,1,24752000.0,24752000.0,21.938542999976107,True,optimal,best_calculation
958,9,Box6,1,24752000.0,24752000.0,182.46,False,Box9,1,42504000.0,42504000.0,2.5825530000247454,False,heuristic,Box6,1,24752000.0,24752000.0,33.23215999995455,True,optimal,best_calculation
959,9,Box8,1,14616000.0,14616000.0,187.58,False,Box8,1,14616000.0,14616000.0,0.9987430000251152,False,heuristic,Box8,1,14616000.0,14616000.0,33.122169000023405,True,optimal,best_calculation
960,14,"Box9,Box4",2,55764000.0,42504000.0,435.14,True,"Box6,Box9",2,67256000.0,42504000.0,2.3995480000280622,False,heuristic,"Box6,Box6",2,49504000.0,24752000.0,258.979633000024,True,optimal,best_calculation
961,11,Box9,1,42504000.0,42504000.0,195.9,False,Box9,1,42504000.0,42504000.0,2.075902000001406,False,heuristic,Box9,1,42504000.0,42504000.0,38.82711500000369,True,optimal,best_calculation
962,5,Box9,1,42504000.0,42504000.0,179.73,False,Box9,1,42504000.0,42504000.0,0.3705130000071222,False,heuristic,Box9,1,42504000.0,42504000.0,12.18333900004609,True,optimal,best_calculation
963,5,Box4,1,13260000.0,13260000.0,178.13,False,Box4,1,13260000.0,13260000.0,0.48624000004338086,False,heuristic,Box4,1,13260000.0,13260000.0,12.341437000031874,True,optimal,best_calculation
964,3,Box5,1,20774000.0,20774000.0,166.61,False,Box5,1,20774000.0,20774000.0,0.7426469999813889,False,heuristic,Box5,1,20774000.0,20774000.0,5.103312000017013,True,optimal,best_calculation
965,7,Box8,1,14616000.0,14616000.0,203.74,False,Box8,1,14616000.0,14616000.0,1.1441680000530141,False,heuristic,Box8,1,14616000.0,14616000.0,18.81306500001756,True,optimal,best_calculation
966,4,Box2,1,5278500.0,5278500.0,224.77,False,Box4,1,13260000.0,13260000.0,0.9729139999876679,False,heuristic,Box2,1,5278500.0,5278500.0,6.324366999990616,True,optimal,best_calculation
967,7,Box8,1,14616000.0,14616000.0,187.29,False,Box8,1,14616000.0,14616000.0,1.2970349999932296,False,heuristic,Box8,1,14616000.0,14616000.0,21.055085999989842,True,optimal,best_calculation
968,6,Box2,1,5278500.0,5278500.0,203.67,False,Box4,1,13260000.0,13260000.0,1.8633270000236735,False,heuristic,Box2,1,5278500.0,5278500.0,14.149744000008013,True,optimal,best_calculation
969,4,Box2,1,5278500.0,5278500.0,186.0,False,Box2,1,5278500.0,5278500.0,0.2426279999667713,False,heuristic,Box2,1,5278500.0,5278500.0,6.285618999982034,True,optimal,best_calculation
970,3,Box9,1,42504000.0,42504000.0,168.06,False,Box9,1,42504000.0,42504000.0,0.27024299998856804,False,heuristic,Box9,1,42504000.0,42504000.0,5.492552000021078,True,optimal,best_calculation
971,4,Box4,1,13260000.0,13260000.0,200.82,False,Box4,1,13260000.0,13260000.0,0.41942100000369464,False,heuristic,Box4,1,13260000.0,13260000.0,9.076218000018343,True,optimal,best_calculation
972,6,Box8,1,14616000.0,14616000.0,188.64,False,Box8,1,14616000.0,14616000.0,0.5806570000004285,False,heuristic,Box8,1,14616000.0,14616000.0,14.673421999987113,True,optimal,best_calculation
973,8,Box8,1,14616000.0,14616000.0,177.85,False,Box8,1,14616000.0,14616000.0,0.9713139999689702,False,heuristic,Box8,1,14616000.0,14616000.0,27.484869999966577,True,optimal,best_calculation
974,9,Box4,1,13260000.0,13260000.0,199.62,False,Box4,1,13260000.0,13260000.0,0.8089940000104434,False,heuristic,Box4,1,13260000.0,13260000.0,35.21388899997646,True,optimal,best_calculation
975,10,Box9,1,42504000.0,42504000.0,206.67,False,Box9,1,42504000.0,42504000.0,1.0000169999671016,False,heuristic,Box9,1,42504000.0,42504000.0,30.18183599999702,True,optimal,best_calculation
976,3,Box8,1,14616000.0,14616000.0,167.21,False,Box8,1,14616000.0,14616000.0,0.45824899996205204,False,heuristic,Box8,1,14616000.0,14616000.0,4.018847999986974,True,optimal,best_calculation
977,6,Box2,1,5278500.0,5278500.0,187.03,False,Box2,1,5278500.0,5278500.0,0.6776680000371016,False,heuristic,Box2,1,5278500.0,5278500.0,14.125851000017065,True,optimal,best_calculation
978,4,Box9,1,42504000.0,42504000.0,177.23,False,Box9,1,42504000.0,42504000.0,0.7680359999540087,False,heuristic,Box9,1,42504000.0,42504000.0,11.677466000037384,True,optimal,best_calculation
979,4,Box8,1,14616000.0,14616000.0,177.37,False,Box8,1,14616000.0,14616000.0,0.33006799998247516,False,heuristic,Box8,1,14616000.0,14616000.0,7.621950999975979,True,optimal,best_calculation
980,9,Box5,1,20774000.0,20774000.0,175.51,False,Box5,1,20774000.0,20774000.0,1.0481130000243866,False,heuristic,Box5,1,20774000.0,20774000.0,30.758810000008907,True,optimal,best_calculation
981,10,Box9,1,42504000.0,42504000.0,601.22,False,Box9,1,42504000.0,42504000.0,1.5444620000266696,False,heuristic,Box9,1,42504000.0,42504000.0,31.07998999996653,True,optimal,best_calculation
982,6,Box8,1,14616000.0,14616000.0,181.41,False,Box8,1,14616000.0,14616000.0,0.5025620000083109,False,heuristic,Box8,1,14616000.0,14616000.0,13.718299999993633,True,optimal,best_calculation
983,7,Box9,1,42504000.0,42504000.0,192.07,False,Box9,1,42504000.0,42504000.0,0.6813310000097772,False,heuristic,Box9,1,42504000.0,42504000.0,15.651881999986017,True,optimal,best_calculation
984,5,Box4,1,13260000.0,13260000.0,197.09,False,Box4,1,13260000.0,13260000.0,1.2917660000084652,False,heuristic,Box4,1,13260000.0,13260000.0,16.883446000008462,True,optimal,best_calculation
985,6,Box4,1,13260000.0,13260000.0,188.47,False,Box4,1,13260000.0,13260000.0,0.5426829999919391,False,heuristic,Box4,1,13260000.0,13260000.0,13.627845999963029,True,optimal,best_calculation
986,17,Box8,1,14616000.0,14616000.0,177.93,False,Box8,1,14616000.0,14616000.0,3.264715000000251,False,heuristic,Box8,1,14616000.0,14616000.0,105.25048099998457,True,optimal,best_calculation
987,14,Box9,1,42504000.0,42504000.0,179.88,False,Box9,1,42504000.0,42504000.0,2.5562579999700574,False,heuristic,Box9,1,42504000.0,42504000.0,63.01525399999264,True,optimal,best_calculation
988,8,Box6,1,24752000.0,24752000.0,319.89,False,Box6,1,24752000.0,24752000.0,1.1235569999712425,False,heuristic,Box6,1,24752000.0,24752000.0,23.668967000048724,True,optimal,best_calculation
989,13,"Box9,Box4",2,55764000.0,42504000.0,419.5,True,"Box9,Box6",2,67256000.0,42504000.0,1.7498569999929714,False,heuristic,"Box4,Box9",2,55764000.0,42504000.0,140.92540900003314,True,optimal,best_calculation
990,3,Box2,1,5278500.0,5278500.0,174.89,False,Box2,1,5278500.0,5278500.0,0.22109299999328869,False,heuristic,Box2,1,5278500.0,5278500.0,4.430202999969879,True,optimal,best_calculation
991,4,Box4,1,13260000.0,13260000.0,166.48,False,Box4,1,13260000.0,13260000.0,0.8524250000050415,False,heuristic,Box4,1,13260000.0,13260000.0,12.275972999987061,True,optimal,best_calculation
992,2,Box2,1,5278500.0,5278500.0,168.56,False,Box2,1,5278500.0,5278500.0,0.1276480000456104,False,heuristic,Box2,1,5278500.0,5278500.0,2.2005339999964235,True,optimal,best_calculation
993,3,Box2,1,5278500.0,5278500.0,176.79,False,Box2,1,5278500.0,5278500.0,0.19115399999236615,False,heuristic,Box2,1,5278500.0,5278500.0,3.3662689999687245,True,optimal,best_calculation
994,5,Box4,1,13260000.0,13260000.0,190.34,False,Box4,1,13260000.0,13260000.0,1.1879809999868485,False,heuristic,Box4,1,13260000.0,13260000.0,18.517400000007456,True,optimal,best_calculation
995,3,Box8,1,14616000.0,14616000.0,205.68,False,Box8,1,14616000.0,14616000.0,0.20535499999141393,False,heuristic,Box8,1,14616000.0,14616000.0,3.8381219999905625,True,optimal,best_calculation
996,3,Box4,1,13260000.0,13260000.0,170.34,False,Box4,1,13260000.0,13260000.0,0.6551070000000436,False,heuristic,Box4,1,13260000.0,13260000.0,7.152179999991404,True,optimal,best_calculation
997,5,Box4,1,13260000.0,13260000.0,191.54,False,Box4,1,13260000.0,13260000.0,1.3144139999781146,False,heuristic,Box4,1,13260000.0,13260000.0,15.873647999967488,True,optimal,best_calculation
998,4,Box8,1,14616000.0,14616000.0,179.05,False,Box8,1,14616000.0,14616000.0,0.2375550000124349,False,heuristic,Box8,1,14616000.0,14616000.0,6.389717999979894,True,optimal,best_calculation
999,7,Box8,1,14616000.0,14616000.0,206.91,False,Box8,1,14616000.0,14616000.0,0.8185929999626751,False,heuristic,Box8,1,14616000.0,14616000.0,19.536366000011185,True,optimal,best_calculation
1000,7,Box9,1,42504000.0,42504000.0,178.46,False,Box9,1,42504000.0,42504000.0,0.7880880000357138,False,heuristic,Box9,1,42504000.0,42504000.0,21.468214000037733,True,optimal,best_calculation
1001,7,Box5,1,20774000.0,20774000.0,162.3,False,Box6,1,24752000.0,24752000.0,2.0864790000132416,False,heuristic,Box5,1,20774000.0,20774000.0,20.521346000009544,True,optimal,best_calculation
1002,7,Box5,1,20774000.0,20774000.0,185.5,False,Box5,1,20774000.0,20774000.0,0.8734150000009322,False,heuristic,Box5,1,20774000.0,20774000.0,21.207250000031763,True,optimal,best_calculation
1003,5,Box2,1,5278500.0,5278500.0,174.82,False,Box2,1,5278500.0,5278500.0,0.38010600002280626,False,heuristic,Box2,1,5278500.0,5278500.0,10.378880000018853,True,optimal,best_calculation
1004,9,Box9,1,42504000.0,42504000.0,206.14,False,Box9,1,42504000.0,42504000.0,1.4984239999762394,False,heuristic,Box9,1,42504000.0,42504000.0,28.73408800002153,True,optimal,best_calculation
1005,8,Box9,1,42504000.0,42504000.0,179.6,False,Box9,1,42504000.0,42504000.0,1.1074379999627126,False,heuristic,Box9,1,42504000.0,42504000.0,23.431700000003275,True,optimal,best_calculation
1006,8,Box6,1,24752000.0,24752000.0,185.3,False,Box9,1,42504000.0,42504000.0,1.9560999999725937,False,heuristic,Box6,1,24752000.0,24752000.0,50.84175899997945,True,optimal,best_calculation
1007,8,Box9,1,42504000.0,42504000.0,327.58,False,Box9,1,42504000.0,42504000.0,0.9925439999847185,False,heuristic,Box9,1,42504000.0,42504000.0,20.64271500000814,True,optimal,best_calculation
1008,7,Box8,1,14616000.0,14616000.0,177.66,False,Box8,1,14616000.0,14616000.0,0.973581000039303,False,heuristic,Box8,1,14616000.0,14616000.0,20.539175000010346,True,optimal,best_calculation
1009,11,Box9,1,42504000.0,42504000.0,174.53,False,"Box9,Box9",2,85008000.0,42504000.0,1.537814000016624,False,heuristic,Box9,1,42504000.0,42504000.0,46.33593500000188,True,optimal,best_calculation
1010,4,Box5,1,20774000.0,20774000.0,168.6,False,Box5,1,20774000.0,20774000.0,0.2511200000299141,False,heuristic,Box5,1,20774000.0,20774000.0,6.968963000019812,True,optimal,best_calculation
1011,2,Box4,1,13260000.0,13260000.0,173.89,False,Box4,1,13260000.0,13260000.0,0.13422699998955068,False,heuristic,Box4,1,13260000.0,13260000.0,2.406616000030226,True,optimal,best_calculation
1012,5,Box4,1,13260000.0,13260000.0,177.9,False,Box4,1,13260000.0,13260000.0,1.2045930000113003,False,heuristic,Box4,1,13260000.0,13260000.0,16.565142000047217,True,optimal,best_calculation
1013,6,Box4,1,13260000.0,13260000.0,168.98,False,Box4,1,13260000.0,13260000.0,0.45318200000110664,False,heuristic,Box4,1,13260000.0,13260000.0,15.492670000014641,True,optimal,best_calculation
1014,6,Box6,1,24752000.0,24752000.0,329.73,False,Box8,1,14616000.0,14616000.0,0.5599390000270432,False,heuristic,Box8,1,14616000.0,14616000.0,14.500248999979704,True,optimal,best_calculation
1015,8,Box9,1,42504000.0,42504000.0,189.77,False,Box9,1,42504000.0,42504000.0,1.1179109999943648,False,heuristic,Box9,1,42504000.0,42504000.0,21.070131000044512,True,optimal,best_calculation
1016,5,Box5,1,20774000.0,20774000.0,194.85,False,Box5,1,20774000.0,20774000.0,1.0030049999727453,False,heuristic,Box5,1,20774000.0,20774000.0,22.355822999998054,True,optimal,best_calculation
1017,7,Box5,1,20774000.0,20774000.0,184.5,False,Box6,1,24752000.0,24752000.0,2.8552989999752754,False,heuristic,Box5,1,20774000.0,20774000.0,23.8349640000024,True,optimal,best_calculation
1018,10,Box9,1,42504000.0,42504000.0,199.18,False,Box9,1,42504000.0,42504000.0,1.613823000013781,False,heuristic,Box9,1,42504000.0,42504000.0,39.57192899997608,True,optimal,best_calculation
1019,10,Box9,1,42504000.0,42504000.0,199.4,False,Box9,1,42504000.0,42504000.0,1.5084789999946224,False,heuristic,Box9,1,42504000.0,42504000.0,41.885925000030966,True,optimal,best_calculation
1020,8,Box6,1,24752000.0,24752000.0,467.36,False,Box6,1,24752000.0,24752000.0,1.1017299999593888,False,heuristic,Box6,1,24752000.0,24752000.0,23.35624300002337,True,optimal,best_calculation
1021,7,Box4,1,13260000.0,13260000.0,173.16,False,Box4,1,13260000.0,13260000.0,0.8289060000379322,False,heuristic,Box4,1,13260000.0,13260000.0,22.23840800002108,True,optimal,best_calculation
1022,4,Box4,1,13260000.0,13260000.0,265.52,False,Box4,1,13260000.0,13260000.0,0.28159999999388674,False,heuristic,Box4,1,13260000.0,13260000.0,6.6852979999794115,True,optimal,best_calculation
1023,4,Box8,1,14616000.0,14616000.0,221.83,False,"Box4,Box2",2,18538500.0,13260000.0,1.031009999962862,False,heuristic,Box8,1,14616000.0,14616000.0,11.878082000009726,True,optimal,best_calculation
1024,4,Box5,1,20774000.0,20774000.0,228.47,False,Box5,1,20774000.0,20774000.0,0.30361799997535854,False,heuristic,Box5,1,20774000.0,20774000.0,9.04156899997588,True,optimal,best_calculation
1025,6,Box8,1,14616000.0,14616000.0,339.47,False,Box8,1,14616000.0,14616000.0,1.789406999989751,False,heuristic,Box4,1,13260000.0,13260000.0,16.90083900001582,True,optimal,best_calculation
1026,6,Box8,1,14616000.0,14616000.0,286.0,False,Box8,1,14616000.0,14616000.0,2.11996400003045,False,heuristic,Box8,1,14616000.0,14616000.0,16.8146409999963,True,optimal,best_calculation
1027,6,Box4,1,13260000.0,13260000.0,189.9,False,Box4,1,13260000.0,13260000.0,0.4458810000187441,False,heuristic,Box4,1,13260000.0,13260000.0,15.837949000001572,True,optimal,best_calculation
1028,17,Box9,1,42504000.0,42504000.0,213.33,False,"Box9,Box2",2,47782500.0,42504000.0,6.084224999995058,False,heuristic,Box9,1,42504000.0,42504000.0,102.67944099996384,True,optimal,best_calculation
1029,11,Box6,1,24752000.0,24752000.0,172.99,False,Box6,1,24752000.0,24752000.0,1.9285590000208686,False,heuristic,Box6,1,24752000.0,24752000.0,41.86678499996788,True,optimal,best_calculation
1030,1,Box2,1,5278500.0,5278500.0,184.1,False,Box2,1,5278500.0,5278500.0,0.09406999998873289,False,heuristic,Box2,1,5278500.0,5278500.0,0.7896469999764122,True,optimal,best_calculation
1031,1,Box2,1,5278500.0,5278500.0,172.18,False,Box2,1,5278500.0,5278500.0,0.13176399994563326,False,heuristic,Box2,1,5278500.0,5278500.0,0.7173279999506121,True,optimal,best_calculation
1032,7,Box5,1,20774000.0,20774000.0,172.97,False,Box5,1,20774000.0,20774000.0,0.7967909999706535,False,heuristic,Box5,1,20774000.0,20774000.0,19.692195999994055,True,optimal,best_calculation
1033,5,Box4,1,13260000.0,13260000.0,188.34,False,Box4,1,13260000.0,13260000.0,0.3730889999928877,False,heuristic,Box4,1,13260000.0,13260000.0,8.856705000027887,True,optimal,best_calculation
1034,5,Box4,1,13260000.0,13260000.0,199.96,False,Box4,1,13260000.0,13260000.0,0.4731070000048021,False,heuristic,Box4,1,13260000.0,13260000.0,12.060375999965345,True,optimal,best_calculation
1035,5,Box4,1,13260000.0,13260000.0,171.43,False,Box4,1,13260000.0,13260000.0,1.3678509999976995,False,heuristic,Box4,1,13260000.0,13260000.0,19.315731000006053,True,optimal,best_calculation
1036,5,Box4,1,13260000.0,13260000.0,190.01,False,Box4,1,13260000.0,13260000.0,0.45809800002416523,False,heuristic,Box4,1,13260000.0,13260000.0,12.250361000042176,True,optimal,best_calculation
1037,8,Box4,1,13260000.0,13260000.0,190.48,False,Box4,1,13260000.0,13260000.0,0.9953260000088449,False,heuristic,Box4,1,13260000.0,13260000.0,25.2950909999754,True,optimal,best_calculation
1038,7,Box5,1,20774000.0,20774000.0,171.32,False,Box5,1,20774000.0,20774000.0,2.6695319999703315,False,heuristic,Box5,1,20774000.0,20774000.0,28.819908999992094,True,optimal,best_calculation
1039,9,Box6,1,24752000.0,24752000.0,179.44,False,Box6,1,24752000.0,24752000.0,1.023990000021513,False,heuristic,Box6,1,24752000.0,24752000.0,28.98360399996136,True,optimal,best_calculation
1040,5,Box4,1,13260000.0,13260000.0,184.29,False,Box4,1,13260000.0,13260000.0,0.38672299996278525,False,heuristic,Box4,1,13260000.0,13260000.0,11.585733999993408,True,optimal,best_calculation
1041,6,Box9,1,42504000.0,42504000.0,297.37,False,Box9,1,42504000.0,42504000.0,1.3628560000142897,False,heuristic,Box6,1,24752000.0,24752000.0,33.343636999973114,True,optimal,best_calculation
1042,16,Box9,1,42504000.0,42504000.0,186.45,False,Box9,1,42504000.0,42504000.0,5.743929000004755,False,heuristic,Box9,1,42504000.0,42504000.0,90.40063600002668,True,optimal,best_calculation
1043,6,Box5,1,20774000.0,20774000.0,172.89,False,Box5,1,20774000.0,20774000.0,2.8339510000137125,False,heuristic,Box5,1,20774000.0,20774000.0,15.732286000002205,True,optimal,best_calculation
1044,3,Box8,1,14616000.0,14616000.0,175.28,False,Box8,1,14616000.0,14616000.0,0.12148199999728604,False,heuristic,Box8,1,14616000.0,14616000.0,2.95701499999268,True,optimal,best_calculation
1045,6,Box4,1,13260000.0,13260000.0,198.73,False,Box4,1,13260000.0,13260000.0,1.9974470000079236,False,heuristic,Box4,1,13260000.0,13260000.0,24.888432000011562,True,optimal,best_calculation
1046,14,Box9,1,42504000.0,42504000.0,249.57,False,Box9,1,42504000.0,42504000.0,3.0307760000027884,False,heuristic,Box9,1,42504000.0,42504000.0,66.92486100001815,True,optimal,best_calculation
1047,6,Box5,1,20774000.0,20774000.0,182.7,False,Box5,1,20774000.0,20774000.0,1.5541569999868443,False,heuristic,Box5,1,20774000.0,20774000.0,122.12606899998946,True,optimal,best_calculation
1048,17,Box9,1,42504000.0,42504000.0,190.28,False,Box9,1,42504000.0,42504000.0,8.593354999959502,False,heuristic,Box9,1,42504000.0,42504000.0,103.03772099996422,True,optimal,best_calculation
1049,5,Box4,1,13260000.0,13260000.0,181.73,False,Box4,1,13260000.0,13260000.0,1.2230380000346486,False,heuristic,Box4,1,13260000.0,13260000.0,16.89751799995065,True,optimal,best_calculation
1050,4,Box2,1,5278500.0,5278500.0,174.86,False,Box2,1,5278500.0,5278500.0,0.3287870000008297,False,heuristic,Box2,1,5278500.0,5278500.0,6.841594999968947,True,optimal,best_calculation
1051,5,Box4,1,13260000.0,13260000.0,187.66,False,Box4,1,13260000.0,13260000.0,0.5215330000396534,False,heuristic,Box4,1,13260000.0,13260000.0,13.906046999977661,True,optimal,best_calculation
1052,6,Box8,1,14616000.0,14616000.0,167.72,False,Box8,1,14616000.0,14616000.0,1.6093259999934162,False,heuristic,Box8,1,14616000.0,14616000.0,14.723288000027424,True,optimal,best_calculation
1053,11,Box9,1,42504000.0,42504000.0,181.38,False,Box9,1,42504000.0,42504000.0,2.0888949999857687,False,heuristic,Box9,1,42504000.0,42504000.0,49.75661800000353,True,optimal,best_calculation
1054,8,Box5,1,20774000.0,20774000.0,323.81,False,Box5,1,20774000.0,20774000.0,1.0587570000097912,False,heuristic,Box5,1,20774000.0,20774000.0,25.858691999985695,True,optimal,best_calculation
1055,9,"Box9,Box4",2,55764000.0,42504000.0,427.29,True,"Box9,Box9",2,85008000.0,42504000.0,0.5488839999543416,False,heuristic,"Box6,Box9",2,67256000.0,42504000.0,62.34696299998177,True,optimal,best_calculation
1056,1,Box2,1,5278500.0,5278500.0,394.81,False,Box2,1,5278500.0,5278500.0,0.09616399995593383,False,heuristic,Box2,1,5278500.0,5278500.0,0.9196190000011484,True,optimal,best_calculation
1057,4,Box4,1,13260000.0,13260000.0,187.85,False,Box4,1,13260000.0,13260000.0,0.7916000000136592,False,heuristic,Box4,1,13260000.0,13260000.0,10.768390999999156,True,optimal,best_calculation
1058,4,Box2,1,5278500.0,5278500.0,176.22,False,Box2,1,5278500.0,5278500.0,0.23558099996989768,False,heuristic,Box2,1,5278500.0,5278500.0,5.6640680000441535,True,optimal,best_calculation
1059,10,Box6,1,24752000.0,24752000.0,323.24,False,Box6,1,24752000.0,24752000.0,1.6966560000355457,False,heuristic,Box6,1,24752000.0,24752000.0,38.3820090000313,True,optimal,best_calculation
1060,3,Box4,1,13260000.0,13260000.0,180.09,False,Box4,1,13260000.0,13260000.0,0.6578620000254887,False,heuristic,Box4,1,13260000.0,13260000.0,6.966992000002392,True,optimal,best_calculation
1061,4,Box2,1,5278500.0,5278500.0,190.57,False,Box2,1,5278500.0,5278500.0,0.3790060000028461,False,heuristic,Box2,1,5278500.0,5278500.0,6.962247999979354,True,optimal,best_calculation
1062,4,Box4,1,13260000.0,13260000.0,167.46,False,Box4,1,13260000.0,13260000.0,1.1130030000003899,False,heuristic,Box4,1,13260000.0,13260000.0,12.969130999977097,True,optimal,best_calculation
1063,5,Box8,1,14616000.0,14616000.0,184.44,False,Box8,1,14616000.0,14616000.0,0.5218340000396893,False,heuristic,Box8,1,14616000.0,14616000.0,11.986261000004106,True,optimal,best_calculation
1064,5,Box2,1,5278500.0,5278500.0,188.7,False,Box4,1,13260000.0,13260000.0,1.6285529999890969,False,heuristic,Box2,1,5278500.0,5278500.0,12.553786000012224,True,optimal,best_calculation
1065,8,Box9,1,42504000.0,42504000.0,166.49,False,Box9,1,42504000.0,42504000.0,1.0709300000257826,False,heuristic,Box9,1,42504000.0,42504000.0,26.58854600002769,True,optimal,best_calculation
1066,7,Box5,1,20774000.0,20774000.0,188.57,False,Box5,1,20774000.0,20774000.0,2.6430690000438517,False,heuristic,Box5,1,20774000.0,20774000.0,28.811312000016187,True,optimal,best_calculation
1067,7,Box8,1,14616000.0,14616000.0,189.07,False,Box8,1,14616000.0,14616000.0,1.0523220000209221,False,heuristic,Box8,1,14616000.0,14616000.0,20.214145000011285,True,optimal,best_calculation
1068,5,Box4,1,13260000.0,13260000.0,258.19,False,Box4,1,13260000.0,13260000.0,0.4872509999813701,False,heuristic,Box4,1,13260000.0,13260000.0,12.13341400000445,True,optimal,best_calculation
1069,12,Box2,1,5278500.0,5278500.0,170.74,False,Box2,1,5278500.0,5278500.0,2.5857940000264534,False,heuristic,Box2,1,5278500.0,5278500.0,48.464754999997695,True,optimal,best_calculation
1070,6,Box9,1,42504000.0,42504000.0,185.31,False,Box9,1,42504000.0,42504000.0,1.2702619999913622,False,heuristic,Box9,1,42504000.0,42504000.0,49.218272000018715,True,optimal,best_calculation
1071,8,Box5,1,20774000.0,20774000.0,191.28,False,Box5,1,20774000.0,20774000.0,1.0108380000133366,False,heuristic,Box5,1,20774000.0,20774000.0,23.75964999998814,True,optimal,best_calculation
1072,6,Box4,1,13260000.0,13260000.0,168.68,False,Box4,1,13260000.0,13260000.0,0.5926409999688076,False,heuristic,Box4,1,13260000.0,13260000.0,16.2698419999856,True,optimal,best_calculation
1073,6,Box6,1,24752000.0,24752000.0,172.64,False,Box6,1,24752000.0,24752000.0,1.6435320000027787,False,heuristic,Box6,1,24752000.0,24752000.0,28.26014300001134,True,optimal,best_calculation
1074,4,Box2,1,5278500.0,5278500.0,167.53,False,Box2,1,5278500.0,5278500.0,0.38316100000201914,False,heuristic,Box2,1,5278500.0,5278500.0,7.889306000038232,True,optimal,best_calculation
1075,8,Box4,1,13260000.0,13260000.0,302.73,False,Box4,1,13260000.0,13260000.0,1.4347420000149214,False,heuristic,Box4,1,13260000.0,13260000.0,24.614625999959117,True,optimal,best_calculation
1076,11,Box9,1,42504000.0,42504000.0,195.35,False,Box9,1,42504000.0,42504000.0,2.715287000000899,False,heuristic,Box9,1,42504000.0,42504000.0,47.94459800001505,True,optimal,best_calculation
1077,4,Box2,1,5278500.0,5278500.0,193.91,False,Box2,1,5278500.0,5278500.0,0.2756089999707001,False,heuristic,Box2,1,5278500.0,5278500.0,7.365227000036612,True,optimal,best_calculation
1078,11,Box6,1,24752000.0,24752000.0,336.61,False,Box6,1,24752000.0,24752000.0,1.7988419999710459,False,heuristic,Box6,1,24752000.0,24752000.0,40.84799299999986,True,optimal,best_calculation
1079,5,Box8,1,14616000.0,14616000.0,170.16,False,Box8,1,14616000.0,14616000.0,1.269723999996586,False,heuristic,Box8,1,14616000.0,14616000.0,11.701673999994,True,optimal,best_calculation
1080,7,Box6,1,24752000.0,24752000.0,315.8,False,Box6,1,24752000.0,24752000.0,0.7023979999871699,False,heuristic,Box6,1,24752000.0,24752000.0,20.60262300000204,True,optimal,best_calculation
1081,13,"Box9,Box8",2,57120000.0,42504000.0,435.6,True,"Box9,Box9",2,85008000.0,42504000.0,1.2506030000167812,False,heuristic,"Box6,Box9",2,67256000.0,42504000.0,226.59482900002104,True,optimal,best_calculation
1082,3,Box2,1,5278500.0,5278500.0,164.48,False,Box2,1,5278500.0,5278500.0,0.2617160000113472,False,heuristic,Box2,1,5278500.0,5278500.0,5.523179999954664,True,optimal,best_calculation
1083,3,Box8,1,14616000.0,14616000.0,196.12,False,Box8,1,14616000.0,14616000.0,0.1508039999862376,False,heuristic,Box8,1,14616000.0,14616000.0,4.10285200001681,True,optimal,best_calculation
1084,5,Box8,1,14616000.0,14616000.0,192.73,False,Box8,1,14616000.0,14616000.0,1.575551000030373,False,heuristic,Box8,1,14616000.0,14616000.0,11.920280999959232,True,optimal,best_calculation
1085,4,Box4,1,13260000.0,13260000.0,179.68,False,Box4,1,13260000.0,13260000.0,1.0143850000190469,False,heuristic,Box4,1,13260000.0,13260000.0,15.323217999991812,True,optimal,best_calculation
1086,6,Box8,1,14616000.0,14616000.0,171.39,False,Box8,1,14616000.0,14616000.0,0.4966380000155368,False,heuristic,Box8,1,14616000.0,14616000.0,16.57646600000362,True,optimal,best_calculation
1087,3,Box2,1,5278500.0,5278500.0,169.88,False,Box2,1,5278500.0,5278500.0,0.1883870000369825,False,heuristic,Box2,1,5278500.0,5278500.0,3.1009769999741366,True,optimal,best_calculation
1088,3,Box2,1,5278500.0,5278500.0,164.68,False,Box2,1,5278500.0,5278500.0,0.20554299999275827,False,heuristic,Box2,1,5278500.0,5278500.0,4.238252999982706,True,optimal,best_calculation
1089,4,Box4,1,13260000.0,13260000.0,181.83,False,Box4,1,13260000.0,13260000.0,1.2735750000274493,False,heuristic,Box4,1,13260000.0,13260000.0,11.611931999993885,True,optimal,best_calculation
1090,5,Box2,1,5278500.0,5278500.0,185.53,False,Box2,1,5278500.0,5278500.0,0.35391199998002776,False,heuristic,Box2,1,5278500.0,5278500.0,9.318838000012875,True,optimal,best_calculation
1091,14,Box9,1,42504000.0,42504000.0,330.84,False,Box9,1,42504000.0,42504000.0,3.708668999991005,False,heuristic,Box9,1,42504000.0,42504000.0,65.9891239999979,True,optimal,best_calculation
1092,7,Box9,1,42504000.0,42504000.0,169.07,False,Box9,1,42504000.0,42504000.0,1.8904809999753525,False,heuristic,Box6,1,24752000.0,24752000.0,19.60121400003345,True,optimal,best_calculation
1093,13,Box4,1,13260000.0,13260000.0,411.23,False,Box4,1,13260000.0,13260000.0,1.73045000002503,False,heuristic,Box4,1,13260000.0,13260000.0,56.47973300000331,True,optimal,best_calculation
1094,9,Box5,1,20774000.0,20774000.0,193.0,False,Box6,1,24752000.0,24752000.0,3.8441359999978886,False,heuristic,Box5,1,20774000.0,20774000.0,36.617711000019426,True,optimal,best_calculation
1095,3,Box2,1,5278500.0,5278500.0,162.0,False,Box2,1,5278500.0,5278500.0,0.16355000002477027,False,heuristic,Box2,1,5278500.0,5278500.0,2.8059210000037638,True,optimal,best_calculation
1096,3,Box2,1,5278500.0,5278500.0,170.21,False,Box2,1,5278500.0,5278500.0,0.22298599998293867,False,heuristic,Box2,1,5278500.0,5278500.0,4.017943000008017,True,optimal,best_calculation
1097,5,Box2,1,5278500.0,5278500.0,176.41,False,Box2,1,5278500.0,5278500.0,0.34645499999896856,False,heuristic,Box2,1,5278500.0,5278500.0,9.31968700001562,True,optimal,best_calculation
1098,7,Box4,1,13260000.0,13260000.0,181.26,False,Box4,1,13260000.0,13260000.0,2.4854400000435817,False,heuristic,Box4,1,13260000.0,13260000.0,30.620684000041365,True,optimal,best_calculation
1099,4,Box5,1,20774000.0,20774000.0,189.47,False,Box5,1,20774000.0,20774000.0,0.25783600000295337,False,heuristic,Box5,1,20774000.0,20774000.0,6.995006000011017,True,optimal,best_calculation
1100,11,Box5,1,20774000.0,20774000.0,173.7,False,Box5,1,20774000.0,20774000.0,1.3579740000295715,False,heuristic,Box5,1,20774000.0,20774000.0,48.04450900002166,True,optimal,best_calculation
1101,2,Box2,1,5278500.0,5278500.0,164.49,False,Box2,1,5278500.0,5278500.0,0.13568299999633382,False,heuristic,Box2,1,5278500.0,5278500.0,2.252999000006639,True,optimal,best_calculation
1102,5,Box4,1,13260000.0,13260000.0,188.2,False,Box4,1,13260000.0,13260000.0,1.1651370000436145,False,heuristic,Box4,1,13260000.0,13260000.0,15.834216999962791,True,optimal,best_calculation
1103,8,Box4,1,13260000.0,13260000.0,182.57,False,Box4,1,13260000.0,13260000.0,1.550218000033965,False,heuristic,Box4,1,13260000.0,13260000.0,29.252148000011857,True,optimal,best_calculation
1104,5,Box8,1,14616000.0,14616000.0,207.98,False,Box8,1,14616000.0,14616000.0,1.5532180000263907,False,heuristic,Box8,1,14616000.0,14616000.0,13.665847000027043,True,optimal,best_calculation
1105,6,Box8,1,14616000.0,14616000.0,170.46,False,Box8,1,14616000.0,14616000.0,1.5220839999869895,False,heuristic,Box8,1,14616000.0,14616000.0,13.768312999957288,True,optimal,best_calculation
1106,7,Box6,1,24752000.0,24752000.0,421.52,False,Box6,1,24752000.0,24752000.0,0.4599149999648944,False,heuristic,Box6,1,24752000.0,24752000.0,16.056082000034166,True,optimal,best_calculation
1107,4,Box6,1,24752000.0,24752000.0,175.54,False,Box6,1,24752000.0,24752000.0,0.9325240000066515,False,heuristic,Box6,1,24752000.0,24752000.0,13.223789999983637,True,optimal,best_calculation
1108,3,Box2,1,5278500.0,5278500.0,177.86,False,Box2,1,5278500.0,5278500.0,0.22258299998156872,False,heuristic,Box2,1,5278500.0,5278500.0,4.038668000021062,True,optimal,best_calculation
1109,4,Box4,1,13260000.0,13260000.0,229.61,False,Box4,1,13260000.0,13260000.0,0.2787980000107382,False,heuristic,Box4,1,13260000.0,13260000.0,6.327988999998979,True,optimal,best_calculation
1110,3,Box2,1,5278500.0,5278500.0,181.26,False,Box2,1,5278500.0,5278500.0,0.1985910000144031,False,heuristic,Box2,1,5278500.0,5278500.0,3.692927000031432,True,optimal,best_calculation
1111,7,Box9,1,42504000.0,42504000.0,176.91,False,Box9,1,42504000.0,42504000.0,1.0853939999719842,False,heuristic,Box9,1,42504000.0,42504000.0,20.061778000012964,True,optimal,best_calculation
1112,6,Box9,1,42504000.0,42504000.0,199.09,False,Box9,1,42504000.0,42504000.0,1.5031059999728313,False,heuristic,Box9,1,42504000.0,42504000.0,41.467339999996966,True,optimal,best_calculation
1113,5,Box5,1,20774000.0,20774000.0,219.06,False,Box5,1,20774000.0,20774000.0,0.9946229999968637,False,heuristic,Box5,1,20774000.0,20774000.0,14.745433000030062,True,optimal,best_calculation
1114,11,Box9,1,42504000.0,42504000.0,189.13,False,"Box9,Box5",2,63278000.0,42504000.0,1.749033999999483,False,heuristic,Box9,1,42504000.0,42504000.0,42.476025999974354,True,optimal,best_calculation
1115,8,Box9,1,42504000.0,42504000.0,196.02,False,Box9,1,42504000.0,42504000.0,1.0773650000146517,False,heuristic,Box9,1,42504000.0,42504000.0,28.203819000054864,True,optimal,best_calculation
1116,15,"Box9,Box6",2,67256000.0,42504000.0,481.66,True,"Box9,Box9",2,85008000.0,42504000.0,4.8671870000021045,False,heuristic,"Box9,Box9",2,85008000.0,42504000.0,78.34099299998343,False,time_limit,fast_fallback
1117,10,Box9,1,42504000.0,42504000.0,189.89,False,Box9,1,42504000.0,42504000.0,1.5024549999793635,False,heuristic,Box9,1,42504000.0,42504000.0,40.380202999983794,True,optimal,best_calculation
1118,10,Box9,1,42504000.0,42504000.0,187.83,False,Box9,1,42504000.0,42504000.0,1.0998259999723814,False,heuristic,Box9,1,42504000.0,42504000.0,32.29106399999182,True,optimal,best_calculation
1119,8,Box6,1,24752000.0,24752000.0,311.49,False,Box6,1,24752000.0,24752000.0,0.45786199996200594,False,heuristic,Box6,1,24752000.0,24752000.0,18.52011300002232,True,optimal,best_calculation
1120,5,Box6,1,24752000.0,24752000.0,172.68,False,Box6,1,24752000.0,24752000.0,0.3776330000277994,False,heuristic,Box6,1,24752000.0,24752000.0,12.097552000000178,True,optimal,best_calculation
1121,5,Box4,1,13260000.0,13260000.0,199.09,False,Box4,1,13260000.0,13260000.0,1.1965150000037283,False,heuristic,Box4,1,13260000.0,13260000.0,16.401324000014483,True,optimal,best_calculation
1122,4,Box8,1,14616000.0,14616000.0,170.02,False,Box8,1,14616000.0,14616000.0,0.26697399999875415,False,heuristic,Box8,1,14616000.0,14616000.0,8.003686999984438,True,optimal,best_calculation
1123,5,Box8,1,14616000.0,14616000.0,171.08,False,"Box4,Box8",2,27876000.0,14616000.0,0.7982559999959449,False,heuristic,Box8,1,14616000.0,14616000.0,11.374963999969623,True,optimal,best_calculation
1124,5,Box4,1,13260000.0,13260000.0,170.31,False,Box4,1,13260000.0,13260000.0,1.3398070000221196,False,heuristic,Box4,1,13260000.0,13260000.0,17.416523999997935,True,optimal,best_calculation
1125,13,Box6,1,24752000.0,24752000.0,331.11,False,Box9,1,42504000.0,42504000.0,6.29176800003961,False,heuristic,Box6,1,24752000.0,24752000.0,65.33143000001473,True,optimal,best_calculation
1126,10,Box6,1,24752000.0,24752000.0,202.57,False,Box6,1,24752000.0,24752000.0,1.4990409999882104,False,heuristic,Box6,1,24752000.0,24752000.0,35.58764600001041,True,optimal,best_calculation
1127,10,Box6,1,24752000.0,24752000.0,170.82,False,Box9,1,42504000.0,42504000.0,3.2036460000313127,False,heuristic,Box6,1,24752000.0,24752000.0,39.62831900003039,True,optimal,best_calculation
1128,16,Box6,1,24752000.0,24752000.0,333.88,False,Box6,1,24752000.0,24752000.0,2.5870589999499316,False,heuristic,Box6,1,24752000.0,24752000.0,94.23627700005,True,optimal,best_calculation
1129,8,Box4,1,13260000.0,13260000.0,566.95,False,Box4,1,13260000.0,13260000.0,1.2166330000127346,False,heuristic,Box4,1,13260000.0,13260000.0,23.861316000022725,True,optimal,best_calculation
1130,4,Box2,1,5278500.0,5278500.0,271.48,False,Box2,1,5278500.0,5278500.0,0.2927610000256209,False,heuristic,Box2,1,5278500.0,5278500.0,6.415468000000146,True,optimal,best_calculation
1131,6,Box4,1,13260000.0,13260000.0,221.58,False,Box4,1,13260000.0,13260000.0,1.667166000004272,False,heuristic,Box4,1,13260000.0,13260000.0,22.414113000024827,True,optimal,best_calculation
1132,10,Box8,1,14616000.0,14616000.0,225.13,False,Box8,1,14616000.0,14616000.0,6.682033999993564,False,heuristic,Box8,1,14616000.0,14616000.0,47.764399000016056,True,optimal,best_calculation
1133,9,Box5,1,20774000.0,20774000.0,686.14,False,Box5,1,20774000.0,20774000.0,1.0432459999947241,False,heuristic,Box5,1,20774000.0,20774000.0,29.730153999992126,True,optimal,best_calculation
1134,5,Box2,1,5278500.0,5278500.0,282.58,False,Box2,1,5278500.0,5278500.0,0.27313699996511787,False,heuristic,Box2,1,5278500.0,5278500.0,7.195454999987305,True,optimal,best_calculation
1135,3,Box2,1,5278500.0,5278500.0,282.01,False,Box2,1,5278500.0,5278500.0,0.18810699998539349,False,heuristic,Box2,1,5278500.0,5278500.0,3.597135999996226,True,optimal,best_calculation
1136,14,"Box9,Box2",2,47782500.0,42504000.0,476.75,True,"Box6,Box9",2,67256000.0,42504000.0,1.5862299999866991,False,heuristic,"Box6,Box6",2,49504000.0,24752000.0,191.91961999996465,True,optimal,best_calculation
1137,5,Box4,1,13260000.0,13260000.0,214.83,False,Box4,1,13260000.0,13260000.0,1.4139730000124473,False,heuristic,Box4,1,13260000.0,13260000.0,18.774218999965342,True,optimal,best_calculation
1138,8,Box5,1,20774000.0,20774000.0,196.04,False,Box5,1,20774000.0,20774000.0,1.1250539999991815,False,heuristic,Box5,1,20774000.0,20774000.0,25.33761099999765,True,optimal,best_calculation
1139,13,Box5,1,20774000.0,20774000.0,212.48,False,Box5,1,20774000.0,20774000.0,2.3249050000231364,False,heuristic,Box5,1,20774000.0,20774000.0,59.56267500005197,True,optimal,best_calculation
1140,4,Box6,1,24752000.0,24752000.0,196.8,False,Box6,1,24752000.0,24752000.0,0.9335579999856236,False,heuristic,Box6,1,24752000.0,24752000.0,13.419167999984438,True,optimal,best_calculation
1141,6,Box2,1,5278500.0,5278500.0,197.54,False,Box2,1,5278500.0,5278500.0,0.4899890000160667,False,heuristic,Box2,1,5278500.0,5278500.0,13.911902000018017,True,optimal,best_calculation
1142,7,Box6,1,24752000.0,24752000.0,165.57,False,Box6,1,24752000.0,24752000.0,0.9295620000102645,False,heuristic,Box6,1,24752000.0,24752000.0,18.764888000021074,True,optimal,best_calculation
1143,5,Box6,1,24752000.0,24752000.0,193.98,False,Box6,1,24752000.0,24752000.0,0.28508799999826806,False,heuristic,Box6,1,24752000.0,24752000.0,11.970671000028688,True,optimal,best_calculation
1144,8,Box9,1,42504000.0,42504000.0,165.4,False,"Box9,Box5",2,63278000.0,42504000.0,1.4462249999951382,False,heuristic,Box9,1,42504000.0,42504000.0,28.491210000026967,True,optimal,best_calculation
1145,5,Box2,1,5278500.0,5278500.0,198.01,False,Box4,1,13260000.0,13260000.0,1.436291999993955,False,heuristic,Box2,1,5278500.0,5278500.0,10.64511799995671,True,optimal,best_calculation
1146,16,Box9,1,42504000.0,42504000.0,187.6,False,Box9,1,42504000.0,42504000.0,5.901762000007693,False,heuristic,Box9,1,42504000.0,42504000.0,100.1448499999924,True,optimal,best_calculation
1147,7,Box8,1,14616000.0,14616000.0,173.26,False,Box8,1,14616000.0,14616000.0,1.1549199999763005,False,heuristic,Box8,1,14616000.0,14616000.0,20.318882999958987,True,optimal,best_calculation
1148,1,Box2,1,5278500.0,5278500.0,175.24,False,Box2,1,5278500.0,5278500.0,0.11960700004465252,False,heuristic,Box2,1,5278500.0,5278500.0,0.6697489999965001,True,optimal,best_calculation
1149,5,Box4,1,13260000.0,13260000.0,201.49,False,Box4,1,13260000.0,13260000.0,1.240915000039422,False,heuristic,Box4,1,13260000.0,13260000.0,25.499234999983855,True,optimal,best_calculation
1150,4,Box4,1,13260000.0,13260000.0,174.12,False,Box4,1,13260000.0,13260000.0,1.1463060000096448,False,heuristic,Box4,1,13260000.0,13260000.0,13.450912999985576,True,optimal,best_calculation
1151,7,Box2,1,5278500.0,5278500.0,173.26,False,Box4,1,13260000.0,13260000.0,2.6758500000028107,False,heuristic,Box2,1,5278500.0,5278500.0,20.412249999992582,True,optimal,best_calculation
1152,6,Box8,1,14616000.0,14616000.0,190.0,False,Box5,1,20774000.0,20774000.0,1.1273439999968105,False,heuristic,Box8,1,14616000.0,14616000.0,19.330066999998508,True,optimal,best_calculation
1153,8,Box8,1,14616000.0,14616000.0,191.33,False,Box8,1,14616000.0,14616000.0,1.158814000007169,False,heuristic,Box8,1,14616000.0,14616000.0,27.88644600002499,True,optimal,best_calculation
1154,2,Box2,1,5278500.0,5278500.0,171.97,False,Box2,1,5278500.0,5278500.0,0.12626400001636284,False,heuristic,Box2,1,5278500.0,5278500.0,1.8927250000047025,True,optimal,best_calculation
1155,4,Box4,1,13260000.0,13260000.0,180.65,False,Box4,1,13260000.0,13260000.0,0.27896599999621685,False,heuristic,Box4,1,13260000.0,13260000.0,7.283056000005672,True,optimal,best_calculation
1156,10,Box8,1,14616000.0,14616000.0,191.36,False,Box8,1,14616000.0,14616000.0,1.4134909999938827,False,heuristic,Box8,1,14616000.0,14616000.0,40.04845800000112,True,optimal,best_calculation
1157,8,Box2,1,5278500.0,5278500.0,192.35,False,Box2,1,5278500.0,5278500.0,1.0692939999898954,False,heuristic,Box2,1,5278500.0,5278500.0,22.51213499999949,True,optimal,best_calculation
1158,4,Box4,1,13260000.0,13260000.0,183.47,False,Box4,1,13260000.0,13260000.0,0.25480499999730455,False,heuristic,Box4,1,13260000.0,13260000.0,7.404342000029374,True,optimal,best_calculation
1159,5,Box4,1,13260000.0,13260000.0,197.41,False,Box4,1,13260000.0,13260000.0,0.4362249999871892,False,heuristic,Box4,1,13260000.0,13260000.0,11.209737000001496,True,optimal,best_calculation
1160,4,Box4,1,13260000.0,13260000.0,166.69,False,Box4,1,13260000.0,13260000.0,0.8442920000106824,False,heuristic,Box4,1,13260000.0,13260000.0,11.705736000010347,True,optimal,best_calculation
1161,5,Box8,1,14616000.0,14616000.0,181.98,False,Box8,1,14616000.0,14616000.0,1.5086340000038945,False,heuristic,Box8,1,14616000.0,14616000.0,12.518053999997392,True,optimal,best_calculation
1162,12,Box8,1,14616000.0,14616000.0,168.93,False,Box8,1,14616000.0,14616000.0,6.610752999961278,False,heuristic,Box8,1,14616000.0,14616000.0,57.45740599996907,True,optimal,best_calculation
1163,7,Box8,1,14616000.0,14616000.0,181.05,False,Box8,1,14616000.0,14616000.0,2.066766999973879,False,heuristic,Box8,1,14616000.0,14616000.0,20.267530000012357,True,optimal,best_calculation
1164,9,Box9,1,42504000.0,42504000.0,472.0,False,Box9,1,42504000.0,42504000.0,1.1741359999746237,False,heuristic,Box9,1,42504000.0,42504000.0,33.31540099998165,True,optimal,best_calculation
1165,1,Box2,1,5278500.0,5278500.0,189.54,False,Box2,1,5278500.0,5278500.0,0.13621800002283635,False,heuristic,Box2,1,5278500.0,5278500.0,0.7911570000374013,True,optimal,best_calculation
1166,5,Box4,1,13260000.0,13260000.0,171.2,False,Box4,1,13260000.0,13260000.0,1.2126259999831746,False,heuristic,Box4,1,13260000.0,13260000.0,25.03169900001012,True,optimal,best_calculation
1167,5,Box5,1,20774000.0,20774000.0,189.29,False,Box6,1,24752000.0,24752000.0,1.050060000011399,False,heuristic,Box5,1,20774000.0,20774000.0,18.18646899999976,True,optimal,best_calculation
1168,7,Box5,1,20774000.0,20774000.0,178.21,False,Box5,1,20774000.0,20774000.0,0.729868999997052,False,heuristic,Box5,1,20774000.0,20774000.0,18.19415300002447,True,optimal,best_calculation
1169,6,"Box9,Box5",2,63278000.0,42504000.0,234.72,False,"Box9,Box4,Box4",3,69024000.0,42504000.0,1.0194150000302216,False,heuristic,"Box5,Box9",2,63278000.0,42504000.0,181.1218899999858,True,optimal,best_calculation
1170,5,Box9,1,42504000.0,42504000.0,200.79,False,Box9,1,42504000.0,42504000.0,1.0097289999748682,False,heuristic,Box9,1,42504000.0,42504000.0,18.324618000008286,True,optimal,best_calculation
1171,7,Box6,1,24752000.0,24752000.0,170.36,False,Box9,1,42504000.0,42504000.0,2.317720000007739,False,heuristic,Box6,1,24752000.0,24752000.0,20.356628999991244,True,optimal,best_calculation
1172,9,Box4,1,13260000.0,13260000.0,166.3,False,Box4,1,13260000.0,13260000.0,1.2385190000259172,False,heuristic,Box4,1,13260000.0,13260000.0,32.236971000031645,True,optimal,best_calculation
1173,9,Box6,1,24752000.0,24752000.0,171.92,False,Box6,1,24752000.0,24752000.0,1.4880339999763237,False,heuristic,Box6,1,24752000.0,24752000.0,27.81691199999159,True,optimal,best_calculation
1174,5,Box6,1,24752000.0,24752000.0,189.62,False,Box6,1,24752000.0,24752000.0,0.29890700000123616,False,heuristic,Box6,1,24752000.0,24752000.0,9.58107599996083,True,optimal,best_calculation
1175,3,Box2,1,5278500.0,5278500.0,214.95,False,Box2,1,5278500.0,5278500.0,0.1994689999946786,False,heuristic,Box2,1,5278500.0,5278500.0,3.802423000024646,True,optimal,best_calculation
1176,4,Box4,1,13260000.0,13260000.0,194.34,False,Box4,1,13260000.0,13260000.0,0.347094999995079,False,heuristic,Box4,1,13260000.0,13260000.0,7.487159999982396,True,optimal,best_calculation
1177,5,Box6,1,24752000.0,24752000.0,212.25,False,Box6,1,24752000.0,24752000.0,1.6332980000015596,False,heuristic,Box6,1,24752000.0,24752000.0,22.538409000048887,True,optimal,best_calculation
1178,4,Box2,1,5278500.0,5278500.0,167.12,False,Box2,1,5278500.0,5278500.0,0.283806000027198,False,heuristic,Box2,1,5278500.0,5278500.0,6.518051999989893,True,optimal,best_calculation
1179,11,Box9,1,42504000.0,42504000.0,307.9,False,Box9,1,42504000.0,42504000.0,2.0622449999905257,False,heuristic,Box9,1,42504000.0,42504000.0,49.62930200002802,True,optimal,best_calculation
1180,6,Box4,1,13260000.0,13260000.0,177.57,False,Box4,1,13260000.0,13260000.0,0.5662980000238349,False,heuristic,Box4,1,13260000.0,13260000.0,15.322780999952101,True,optimal,best_calculation
1181,6,Box9,1,42504000.0,42504000.0,334.43,False,Box9,1,42504000.0,42504000.0,1.0942960000193125,False,heuristic,Box6,1,24752000.0,24752000.0,14.88863700001275,True,optimal,best_calculation
1182,6,Box4,1,13260000.0,13260000.0,164.89,False,Box4,1,13260000.0,13260000.0,0.4335120000291681,False,heuristic,Box4,1,13260000.0,13260000.0,15.237340999988191,True,optimal,best_calculation
1183,4,Box5,1,20774000.0,20774000.0,182.98,False,Box5,1,20774000.0,20774000.0,1.159759000017857,False,heuristic,Box5,1,20774000.0,20774000.0,7.217357000001812,True,optimal,best_calculation
1184,5,Box5,1,20774000.0,20774000.0,175.6,False,Box5,1,20774000.0,20774000.0,0.43588500000169006,False,heuristic,Box5,1,20774000.0,20774000.0,10.799845999997615,True,optimal,best_calculation
1185,5,Box4,1,13260000.0,13260000.0,199.21,False,Box4,1,13260000.0,13260000.0,0.4023099999699298,False,heuristic,Box4,1,13260000.0,13260000.0,10.9558310000466,True,optimal,best_calculation
1186,6,Box8,1,14616000.0,14616000.0,176.78,False,Box8,1,14616000.0,14616000.0,1.594687000022077,False,heuristic,Box8,1,14616000.0,14616000.0,15.742859999988923,True,optimal,best_calculation
1187,7,Box9,1,42504000.0,42504000.0,187.35,False,Box9,1,42504000.0,42504000.0,0.8257179999873188,False,heuristic,Box9,1,42504000.0,42504000.0,19.84138699998539,True,optimal,best_calculation
1188,5,Box4,1,13260000.0,13260000.0,192.15,False,Box4,1,13260000.0,13260000.0,1.2336940000068353,False,heuristic,Box4,1,13260000.0,13260000.0,15.276894000010088,True,optimal,best_calculation
1189,14,Box4,1,13260000.0,13260000.0,192.79,False,Box8,1,14616000.0,14616000.0,8.992654999985916,False,heuristic,Box4,1,13260000.0,13260000.0,82.31001499996182,True,optimal,best_calculation
1190,1,Box2,1,5278500.0,5278500.0,171.37,False,Box2,1,5278500.0,5278500.0,0.13541600003463827,False,heuristic,Box2,1,5278500.0,5278500.0,1.2805590000084521,True,optimal,best_calculation
1191,2,Box9,1,42504000.0,42504000.0,167.12,False,Box9,1,42504000.0,42504000.0,0.27049399994893975,False,heuristic,Box9,1,42504000.0,42504000.0,3.2400949999669137,True,optimal,best_calculation
1192,3,Box2,1,5278500.0,5278500.0,171.52,False,Box2,1,5278500.0,5278500.0,0.190814000006867,False,heuristic,Box2,1,5278500.0,5278500.0,3.8645930000029693,True,optimal,best_calculation
1193,6,Box6,1,24752000.0,24752000.0,306.98,False,Box6,1,24752000.0,24752000.0,1.9700610000086272,False,heuristic,Box5,1,20774000.0,20774000.0,16.32293400001572,True,optimal,best_calculation
1194,7,Box8,1,14616000.0,14616000.0,186.01,False,"Box4,Box4,Box8",3,41136000.0,14616000.0,1.2783710000121573,False,heuristic,Box8,1,14616000.0,14616000.0,20.350693000011688,True,optimal,best_calculation
1195,1,Box5,1,20774000.0,20774000.0,168.12,False,Box5,1,20774000.0,20774000.0,0.07319700000607554,False,heuristic,Box5,1,20774000.0,20774000.0,0.7346689999963019,True,optimal,best_calculation
1196,4,Box6,1,24752000.0,24752000.0,178.59,False,Box6,1,24752000.0,24752000.0,0.922279000008075,False,heuristic,Box6,1,24752000.0,24752000.0,13.6045830000171,True,optimal,best_calculation
1197,2,Box4,1,13260000.0,13260000.0,180.32,False,Box4,1,13260000.0,13260000.0,0.41234799999756433,False,heuristic,Box4,1,13260000.0,13260000.0,2.939106000042102,True,optimal,best_calculation
1198,3,Box2,1,5278500.0,5278500.0,189.43,False,Box2,1,5278500.0,5278500.0,0.2619500000378139,False,heuristic,Box2,1,5278500.0,5278500.0,4.19535700001461,True,optimal,best_calculation
1199,5,Box2,1,5278500.0,5278500.0,192.6,False,Box2,1,5278500.0,5278500.0,0.34634399997912624,False,heuristic,Box2,1,5278500.0,5278500.0,8.424036000008073,True,optimal,best_calculation
1200,6,Box6,1,24752000.0,24752000.0,178.74,False,Box6,1,24752000.0,24752000.0,1.3717940000219642,False,heuristic,Box6,1,24752000.0,24752000.0,33.94841499999757,True,optimal,best_calculation
1201,5,Box4,1,13260000.0,13260000.0,173.66,False,Box4,1,13260000.0,13260000.0,1.24047399998517,False,heuristic,Box4,1,13260000.0,13260000.0,16.921965999983968,True,optimal,best_calculation
1202,6,Box4,1,13260000.0,13260000.0,469.53,False,Box4,1,13260000.0,13260000.0,1.642208000021128,False,heuristic,Box4,1,13260000.0,13260000.0,27.78634899999588,True,optimal,best_calculation
1203,4,Box4,1,13260000.0,13260000.0,191.41,False,Box4,1,13260000.0,13260000.0,0.2981439999985014,False,heuristic,Box4,1,13260000.0,13260000.0,6.92331599998397,True,optimal,best_calculation
1204,8,Box5,1,20774000.0,20774000.0,178.86,False,Box6,1,24752000.0,24752000.0,2.8092780000292805,False,heuristic,Box5,1,20774000.0,20774000.0,27.544062000004033,True,optimal,best_calculation
1205,18,Box9,1,42504000.0,42504000.0,199.73,False,Box9,1,42504000.0,42504000.0,5.583586000000196,False,heuristic,Box9,1,42504000.0,42504000.0,111.23852800000122,True,optimal,best_calculation
1206,12,Box8,1,14616000.0,14616000.0,180.15,False,Box8,1,14616000.0,14616000.0,2.748695000036605,False,heuristic,Box8,1,14616000.0,14616000.0,55.08498099999315,True,optimal,best_calculation
1207,8,Box8,1,14616000.0,14616000.0,155.66,False,Box8,1,14616000.0,14616000.0,4.065148999984558,False,heuristic,Box8,1,14616000.0,14616000.0,29.761439000026257,True,optimal,best_calculation
1208,11,Box9,1,42504000.0,42504000.0,216.68,False,Box9,1,42504000.0,42504000.0,2.343039000038516,False,heuristic,Box9,1,42504000.0,42504000.0,48.19570500001191,True,optimal,best_calculation
1209,13,Box5,1,20774000.0,20774000.0,197.98,False,Box5,1,20774000.0,20774000.0,3.046154999992723,False,heuristic,Box5,1,20774000.0,20774000.0,60.41135899999972,True,optimal,best_calculation
1210,3,Box2,1,5278500.0,5278500.0,192.91,False,Box2,1,5278500.0,5278500.0,0.21762300002592383,False,heuristic,Box2,1,5278500.0,5278500.0,3.5376040000301145,True,optimal,best_calculation
1211,8,Box5,1,20774000.0,20774000.0,190.56,False,Box5,1,20774000.0,20774000.0,0.8599550000099043,False,heuristic,Box5,1,20774000.0,20774000.0,23.391376999995828,True,optimal,best_calculation
1212,10,Box4,1,13260000.0,13260000.0,187.25,False,Box4,1,13260000.0,13260000.0,1.3864289999787616,False,heuristic,Box4,1,13260000.0,13260000.0,36.21277599995665,True,optimal,best_calculation
1213,4,Box2,1,5278500.0,5278500.0,194.68,False,Box2,1,5278500.0,5278500.0,0.24396499998147192,False,heuristic,Box2,1,5278500.0,5278500.0,6.542518999992808,True,optimal,best_calculation
1214,7,Box5,1,20774000.0,20774000.0,189.95,False,Box4,1,13260000.0,13260000.0,0.5275589999769181,False,heuristic,Box4,1,13260000.0,13260000.0,18.383868999990227,True,optimal,best_calculation
1215,2,Box2,1,5278500.0,5278500.0,198.59,False,Box4,1,13260000.0,13260000.0,0.5068159999837007,False,heuristic,Box2,1,5278500.0,5278500.0,2.1151550000126917,True,optimal,best_calculation
1216,5,Box2,1,5278500.0,5278500.0,167.21,False,Box2,1,5278500.0,5278500.0,0.4255939999779912,False,heuristic,Box2,1,5278500.0,5278500.0,10.019153000030201,True,optimal,best_calculation
1217,5,Box2,1,5278500.0,5278500.0,174.0,False,Box2,1,5278500.0,5278500.0,0.31082300000662144,False,heuristic,Box2,1,5278500.0,5278500.0,8.911702000034438,True,optimal,best_calculation
1218,7,Box9,1,42504000.0,42504000.0,189.62,False,Box9,1,42504000.0,42504000.0,2.384603999985302,False,heuristic,Box9,1,42504000.0,42504000.0,32.78703600000199,True,optimal,best_calculation
1219,6,Box4,1,13260000.0,13260000.0,162.73,False,Box4,1,13260000.0,13260000.0,1.4733870000327443,False,heuristic,Box4,1,13260000.0,13260000.0,21.285083999998733,True,optimal,best_calculation
1220,4,Box4,1,13260000.0,13260000.0,170.4,False,Box4,1,13260000.0,13260000.0,1.0490050000271367,False,heuristic,Box4,1,13260000.0,13260000.0,12.162773000000016,True,optimal,best_calculation
1221,12,Box9,1,42504000.0,42504000.0,200.08,False,Box9,1,42504000.0,42504000.0,1.0445890000028157,False,heuristic,Box9,1,42504000.0,42504000.0,42.39515599999777,True,optimal,best_calculation
1222,16,Box9,1,42504000.0,42504000.0,400.62,True,"Box6,Box9",2,67256000.0,42504000.0,3.702147000012701,False,heuristic,"Box5,Box6",2,45526000.0,24752000.0,255.2278699999988,True,optimal,best_calculation
1223,16,Box9,1,42504000.0,42504000.0,367.48,True,"Box6,Box9",2,67256000.0,42504000.0,3.6988069999779327,False,heuristic,"Box5,Box6",2,45526000.0,24752000.0,255.1065030000359,True,optimal,best_calculation
1224,16,Box9,1,42504000.0,42504000.0,365.52,True,"Box6,Box9",2,67256000.0,42504000.0,3.708931999995002,False,heuristic,"Box5,Box6",2,45526000.0,24752000.0,255.48999799997318,True,optimal,best_calculation
1225,16,Box9,1,42504000.0,42504000.0,382.3,True,"Box6,Box9",2,67256000.0,42504000.0,3.6010069999861116,False,heuristic,"Box5,Box6",2,45526000.0,24752000.0,254.91852700002937,True,optimal,best_calculation
1226,23,"Box9,Box8",2,57120000.0,42504000.0,441.41,True,"Box9,Box6",2,67256000.0,42504000.0,8.2613029999834,False,heuristic,"Box8,Box9",2,57120000.0,42504000.0,800.7871939999518,True,optimal,best_calculation
1227,16,Box9,1,42504000.0,42504000.0,361.37,True,"Box6,Box9",2,67256000.0,42504000.0,3.6624109999934262,False,heuristic,"Box5,Box6",2,45526000.0,24752000.0,260.07106899999144,True,optimal,best_calculation
1228,16,Box9,1,42504000.0,42504000.0,352.56,True,"Box6,Box9",2,67256000.0,42504000.0,3.6250109999969027,False,heuristic,"Box5,Box6",2,45526000.0,24752000.0,256.8418860000179,True,optimal,best_calculation
1229,28,"Box9,Box6",2,67256000.0,42504000.0,452.93,True,"Box9,Box9",2,85008000.0,42504000.0,8.251067999992756,False,heuristic,"Box9,Box9",2,85008000.0,42504000.0,273.9499580000029,False,time_limit,fast_fallback
1230,16,Box9,1,42504000.0,42504000.0,361.67,True,"Box6,Box9",2,67256000.0,42504000.0,3.6021479999703843,False,heuristic,"Box5,Box6",2,45526000.0,24752000.0,260.16411800003425,True,optimal,best_calculation
1231,16,Box9,1,42504000.0,42504000.0,363.72,True,"Box6,Box9",2,67256000.0,42504000.0,3.7727760000052513,False,heuristic,"Box5,Box6",2,45526000.0,24752000.0,257.106814999986,True,optimal,best_calculation
1232,16,Box9,1,42504000.0,42504000.0,376.89,True,"Box6,Box9",2,67256000.0,42504000.0,3.6167099999602215,False,heuristic,"Box5,Box6",2,45526000.0,24752000.0,258.57467899999165,True,optimal,best_calculation
1233,18,"Box9,Box2",2,47782500.0,42504000.0,716.85,True,"Box6,Box9",2,67256000.0,42504000.0,3.9221709999992527,False,heuristic,"Box6,Box6",2,49504000.0,24752000.0,361.6780780000113,True,optimal,best_calculation
1234,16,Box9,1,42504000.0,42504000.0,405.26,True,"Box6,Box9",2,67256000.0,42504000.0,3.6538699999937307,False,heuristic,"Box5,Box6",2,45526000.0,24752000.0,261.40674800001307,True,optimal,best_calculation
1235,16,Box9,1,42504000.0,42504000.0,361.14,True,"Box6,Box9",2,67256000.0,42504000.0,3.648835000035433,False,heuristic,"Box5,Box6",2,45526000.0,24752000.0,259.5492329999729,True,optimal,best_calculation
1236,16,Box9,1,42504000.0,42504000.0,378.94,True,"Box6,Box9",2,67256000.0,42504000.0,3.632785999968746,False,heuristic,"Box5,Box6",2,45526000.0,24752000.0,264.03854299996965,True,optimal,best_calculation
1237,16,Box9,1,42504000.0,42504000.0,346.34,True,"Box6,Box9",2,67256000.0,42504000.0,3.7803129999929297,False,heuristic,"Box5,Box6",2,45526000.0,24752000.0,262.04015800004754,True,optimal,best_calculation
1238,16,Box9,1,42504000.0,42504000.0,375.73,True,"Box6,Box9",2,67256000.0,42504000.0,3.7802269999929194,False,heuristic,"Box5,Box6",2,45526000.0,24752000.0,257.40623999996615,True,optimal,best_calculation
1239,16,Box9,1,42504000.0,42504000.0,388.12,True,"Box6,Box9",2,67256000.0,42504000.0,3.6727039999959743,False,heuristic,"Box5,Box6",2,45526000.0,24752000.0,259.3759880000448,True,optimal,best_calculation
1240,16,Box9,1,42504000.0,42504000.0,397.79,True,"Box6,Box9",2,67256000.0,42504000.0,3.6221789999899556,False,heuristic,"Box5,Box6",2,45526000.0,24752000.0,257.823271999996,True,optimal,best_calculation
1241,16,Box9,1,42504000.0,42504000.0,375.78,True,"Box6,Box9",2,67256000.0,42504000.0,3.675436999969861,False,heuristic,"Box5,Box6",2,45526000.0,24752000.0,257.08163000001605,True,optimal,best_calculation
1242,22,"Box9,Box8",2,57120000.0,42504000.0,430.42,True,"Box9,Box6",2,67256000.0,42504000.0,5.619323000018994,False,heuristic,"Box5,Box9",2,63278000.0,42504000.0,485.93459799997163,True,optimal,best_calculation
1243,26,"Box9,Box6",2,67256000.0,42504000.0,634.56,True,"Box9,Box9",2,85008000.0,42504000.0,7.834074000015789,False,heuristic,"Box6,Box9",2,67256000.0,42504000.0,1156.0583869999732,True,optimal,best_calculation
1244,18,"Box9,Box8",2,57120000.0,42504000.0,528.89,True,"Box6,Box9",2,67256000.0,42504000.0,5.093130999966888,False,heuristic,"Box6,Box6",2,49504000.0,24752000.0,408.74233100004176,True,optimal,best_calculation
1245,30,"Box9,Box9",2,85008000.0,42504000.0,562.86,True,"Box9,Box9",2,85008000.0,42504000.0,9.609330999978738,False,heuristic,"Box9,Box9",2,85008000.0,42504000.0,315.53344699995023,False,time_limit,fast_fallback
1246,16,Box9,1,42504000.0,42504000.0,368.63,True,"Box6,Box9",2,67256000.0,42504000.0,3.601939000020593,False,heuristic,"Box5,Box6",2,45526000.0,24752000.0,258.36761099998284,True,optimal,best_calculation
1247,16,Box9,1,42504000.0,42504000.0,372.0,True,"Box6,Box9",2,67256000.0,42504000.0,3.6923740000247562,False,heuristic,"Box5,Box6",2,45526000.0,24752000.0,255.82183099999156,True,optimal,best_calculation
1248,16,Box9,1,42504000.0,42504000.0,343.2,True,"Box6,Box9",2,67256000.0,42504000.0,3.641310999967118,False,heuristic,"Box5,Box6",2,45526000.0,24752000.0,257.73579399998425,True,optimal,best_calculation
1249,16,Box9,1,42504000.0,42504000.0,366.95,True,"Box6,Box9",2,67256000.0,42504000.0,3.6540730000069743,False,heuristic,"Box5,Box6",2,45526000.0,24752000.0,254.4951729999525,True,optimal,best_calculation
1250,16,Box9,1,42504000.0,42504000.0,371.07,True,"Box6,Box9",2,67256000.0,42504000.0,3.598656999997729,False,heuristic,"Box5,Box6",2,45526000.0,24752000.0,258.57845199999474,True,optimal,best_calculation
1251,16,Box9,1,42504000.0,42504000.0,356.93,True,"Box6,Box9",2,67256000.0,42504000.0,3.687017000004289,False,heuristic,"Box5,Box6",2,45526000.0,24752000.0,254.5024439999679,True,optimal,best_calculation
1252,16,Box9,1,42504000.0,42504000.0,382.46,True,"Box6,Box9",2,67256000.0,42504000.0,3.6712140000076943,False,heuristic,"Box5,Box6",2,45526000.0,24752000.0,262.06759699999793,True,optimal,best_calculation
1253,16,Box9,1,42504000.0,42504000.0,376.08,True,"Box6,Box9",2,67256000.0,42504000.0,3.6215400000401132,False,heuristic,"Box5,Box6",2,45526000.0,24752000.0,257.2040169999923,True,optimal,best_calculation
1254,16,Box9,1,42504000.0,42504000.0,511.33,True,"Box6,Box9",2,67256000.0,42504000.0,3.6604520000196317,False,heuristic,"Box5,Box6",2,45526000.0,24752000.0,256.61281099996813,True,optimal,best_calculation
1255,16,Box9,1,42504000.0,42504000.0,356.2,True,"Box6,Box9",2,67256000.0,42504000.0,3.6583849999942686,False,heuristic,"Box5,Box6",2,45526000.0,24752000.0,255.64943999995648,True,optimal,best_calculation
1256,16,Box9,1,42504000.0,42504000.0,381.37,True,"Box6,Box9",2,67256000.0,42504000.0,3.596524999977646,False,heuristic,"Box5,Box6",2,45526000.0,24752000.0,255.32847699997774,True,optimal,best_calculation
1257,16,Box9,1,42504000.0,42504000.0,405.92,True,"Box6,Box9",2,67256000.0,42504000.0,3.6594740000168713,False,heuristic,"Box5,Box6",2,45526000.0,24752000.0,260.7893420000096,True,optimal,best_calculation
1258,16,Box9,1,42504000.0,42504000.0,376.69,True,"Box6,Box9",2,67256000.0,42504000.0,3.6382289999892237,False,heuristic,"Box5,Box6",2,45526000.0,24752000.0,255.42165100000602,True,optimal,best_calculation
1259,16,Box9,1,42504000.0,42504000.0,363.89,True,"Box6,Box9",2,67256000.0,42504000.0,3.6455779999755578,False,heuristic,"Box5,Box6",2,45526000.0,24752000.0,256.3592509999921,True,optimal,best_calculation
1260,16,Box9,1,42504000.0,42504000.0,344.79,True,"Box6,Box9",2,67256000.0,42504000.0,3.628444999947078,False,heuristic,"Box5,Box6",2,45526000.0,24752000.0,255.98502399998324,True,optimal,best_calculation
1261,16,Box9,1,42504000.0,42504000.0,373.99,True,"Box6,Box9",2,67256000.0,42504000.0,3.8140130000101635,False,heuristic,"Box5,Box6",2,45526000.0,24752000.0,257.7433040000301,True,optimal,best_calculation
1262,16,Box9,1,42504000.0,42504000.0,336.35,True,"Box6,Box9",2,67256000.0,42504000.0,3.7217679999912434,False,heuristic,"Box5,Box6",2,45526000.0,24752000.0,266.13116800001535,True,optimal,best_calculation
1263,16,Box9,1,42504000.0,42504000.0,437.4,True,"Box6,Box9",2,67256000.0,42504000.0,3.7196920000042155,False,heuristic,"Box5,Box6",2,45526000.0,24752000.0,261.9823920000499,True,optimal,best_calculation
1264,16,Box9,1,42504000.0,42504000.0,337.49,True,"Box6,Box9",2,67256000.0,42504000.0,4.4297179999830405,False,heuristic,"Box5,Box6",2,45526000.0,24752000.0,266.37249300000576,True,optimal,best_calculation
1265,16,Box9,1,42504000.0,42504000.0,357.69,True,"Box6,Box9",2,67256000.0,42504000.0,3.804262999949515,False,heuristic,"Box5,Box6",2,45526000.0,24752000.0,260.14025400002083,True,optimal,best_calculation
1266,16,Box9,1,42504000.0,42504000.0,383.12,True,"Box6,Box9",2,67256000.0,42504000.0,3.7295359999802713,False,heuristic,"Box5,Box6",2,45526000.0,24752000.0,261.92529299999023,True,optimal,best_calculation
1267,16,Box9,1,42504000.0,42504000.0,406.96,True,"Box6,Box9",2,67256000.0,42504000.0,3.7386789999800385,False,heuristic,"Box5,Box6",2,45526000.0,24752000.0,258.63606499996195,True,optimal,best_calculation
1268,16,Box9,1,42504000.0,42504000.0,372.96,True,"Box6,Box9",2,67256000.0,42504000.0,3.81801999998288,False,heuristic,"Box5,Box6",2,45526000.0,24752000.0,261.0464269999966,True,optimal,best_calculation
1269,16,Box9,1,42504000.0,42504000.0,346.9,True,"Box6,Box9",2,67256000.0,42504000.0,3.6524390000067797,False,heuristic,"Box5,Box6",2,45526000.0,24752000.0,259.41044899997223,True,optimal,best_calculation
1270,16,Box9,1,42504000.0,42504000.0,351.66,True,"Box6,Box9",2,67256000.0,42504000.0,3.6476220000167814,False,heuristic,"Box5,Box6",2,45526000.0,24752000.0,258.3632889999876,True,optimal,best_calculation
1271,16,Box9,1,42504000.0,42504000.0,393.32,True,"Box6,Box9",2,67256000.0,42504000.0,3.7334449999661956,False,heuristic,"Box5,Box6",2,45526000.0,24752000.0,265.5406929999913,True,optimal,best_calculation
1272,16,Box9,1,42504000.0,42504000.0,352.65,True,"Box6,Box9",2,67256000.0,42504000.0,3.7549600000374994,False,heuristic,"Box5,Box6",2,45526000.0,24752000.0,259.8907959999792,True,optimal,best_calculation
1273,16,Box9,1,42504000.0,42504000.0,367.51,True,"Box6,Box9",2,67256000.0,42504000.0,3.7866440000016155,False,heuristic,"Box5,Box6",2,45526000.0,24752000.0,263.28493099998695,True,optimal,best_calculation
1274,16,Box9,1,42504000.0,42504000.0,360.0,True,"Box6,Box9",2,67256000.0,42504000.0,3.8363350000167884,False,heuristic,"Box5,Box6",2,45526000.0,24752000.0,258.5059900000033,True,optimal,best_calculation
1275,16,Box9,1,42504000.0,42504000.0,334.16,True,"Box6,Box9",2,67256000.0,42504000.0,3.620049000005565,False,heuristic,"Box5,Box6",2,45526000.0,24752000.0,262.26228699999865,True,optimal,best_calculation
1276,16,Box9,1,42504000.0,42504000.0,782.82,True,"Box6,Box9",2,67256000.0,42504000.0,3.6422680000214314,False,heuristic,"Box5,Box6",2,45526000.0,24752000.0,262.57591600000296,True,optimal,best_calculation
1277,16,Box9,1,42504000.0,42504000.0,360.71,True,"Box6,Box9",2,67256000.0,42504000.0,3.6389250000183893,False,heuristic,"Box5,Box6",2,45526000.0,24752000.0,260.13747999996895,True,optimal,best_calculation
1278,16,Box9,1,42504000.0,42504000.0,409.5,True,"Box6,Box9",2,67256000.0,42504000.0,3.6254460000009203,False,heuristic,"Box5,Box6",2,45526000.0,24752000.0,262.2339349999834,True,optimal,best_calculation
1279,16,Box9,1,42504000.0,42504000.0,409.81,True,"Box6,Box9",2,67256000.0,42504000.0,3.819800999963263,False,heuristic,"Box5,Box6",2,45526000.0,24752000.0,265.06372000000056,True,optimal,best_calculation
1280,16,Box9,1,42504000.0,42504000.0,388.96,True,"Box6,Box9",2,67256000.0,42504000.0,3.71718100001317,False,heuristic,"Box5,Box6",2,45526000.0,24752000.0,263.8154950000171,True,optimal,best_calculation
1281,16,Box9,1,42504000.0,42504000.0,365.61,True,"Box6,Box9",2,67256000.0,42504000.0,3.983630999982779,False,heuristic,"Box5,Box6",2,45526000.0,24752000.0,259.96925499998724,True,optimal,best_calculation
1282,16,Box9,1,42504000.0,42504000.0,493.97,True,"Box6,Box9",2,67256000.0,42504000.0,3.8356800000087787,False,heuristic,"Box5,Box6",2,45526000.0,24752000.0,263.98180500001445,True,optimal,best_calculation
1283,16,Box9,1,42504000.0,42504000.0,379.12,True,"Box6,Box9",2,67256000.0,42504000.0,3.66612699997404,False,heuristic,"Box5,Box6",2,45526000.0,24752000.0,262.9618440000172,True,optimal,best_calculation
1284,16,Box9,1,42504000.0,42504000.0,377.45,True,"Box6,Box9",2,67256000.0,42504000.0,3.683209000030274,False,heuristic,"Box5,Box6",2,45526000.0,24752000.0,262.7360380000141,True,optimal,best_calculation
1285,16,Box9,1,42504000.0,42504000.0,378.59,True,"Box6,Box9",2,67256000.0,42504000.0,3.6478439999996226,False,heuristic,"Box5,Box6",2,45526000.0,24752000.0,265.3927650000014,True,optimal,best_calculation
1286,1,Box2,1,5278500.0,5278500.0,176.81,False,Box2,1,5278500.0,5278500.0,0.1029700000003686,False,heuristic,Box2,1,5278500.0,5278500.0,0.9769260000211943,True,optimal,best_calculation
1287,14,Box6,1,24752000.0,24752000.0,352.0,False,Box6,1,24752000.0,24752000.0,3.3341010000071947,False,heuristic,Box6,1,24752000.0,24752000.0,71.1832570000297,True,optimal,best_calculation
1288,10,Box6,1,24752000.0,24752000.0,189.95,False,Box6,1,24752000.0,24752000.0,1.588067999989562,False,heuristic,Box6,1,24752000.0,24752000.0,37.306559000001016,True,optimal,best_calculation
1289,5,Box8,1,14616000.0,14616000.0,183.93,False,Box8,1,14616000.0,14616000.0,2.1368270000152734,False,heuristic,Box8,1,14616000.0,14616000.0,13.721522000025743,True,optimal,best_calculation
1290,1,Box2,1,5278500.0,5278500.0,190.22,False,Box2,1,5278500.0,5278500.0,0.11602000000721091,False,heuristic,Box2,1,5278500.0,5278500.0,0.664874999984022,True,optimal,best_calculation
1291,10,Box5,1,20774000.0,20774000.0,196.96,False,Box5,1,20774000.0,20774000.0,1.662907999957497,False,heuristic,Box5,1,20774000.0,20774000.0,44.79380900005481,True,optimal,best_calculation
1292,6,Box9,1,42504000.0,42504000.0,328.69,False,Box6,1,24752000.0,24752000.0,2.7167369999574476,False,heuristic,Box6,1,24752000.0,24752000.0,31.783540000049015,True,optimal,best_calculation
1293,7,Box4,1,13260000.0,13260000.0,198.74,False,Box4,1,13260000.0,13260000.0,0.7187379999891164,False,heuristic,Box4,1,13260000.0,13260000.0,18.629615000008926,True,optimal,best_calculation
1294,7,Box5,1,20774000.0,20774000.0,175.34,False,Box6,1,24752000.0,24752000.0,4.663816999993742,False,heuristic,Box5,1,20774000.0,20774000.0,29.807869000023857,True,optimal,best_calculation
1295,6,Box8,1,14616000.0,14616000.0,176.35,False,Box8,1,14616000.0,14616000.0,2.167299000007006,False,heuristic,Box8,1,14616000.0,14616000.0,30.470403999970586,True,optimal,best_calculation
1296,9,Box6,1,24752000.0,24752000.0,194.87,False,Box6,1,24752000.0,24752000.0,1.4707139999927676,False,heuristic,Box6,1,24752000.0,24752000.0,37.66186299998253,True,optimal,best_calculation
1297,3,Box2,1,5278500.0,5278500.0,162.53,False,Box2,1,5278500.0,5278500.0,0.29690700000628567,False,heuristic,Box2,1,5278500.0,5278500.0,5.824151000012989,True,optimal,best_calculation
1298,7,Box2,1,5278500.0,5278500.0,165.49,False,Box2,1,5278500.0,5278500.0,0.8167980000166608,False,heuristic,Box2,1,5278500.0,5278500.0,19.694409000010182,True,optimal,best_calculation
1299,6,Box8,1,14616000.0,14616000.0,177.54,False,Box5,1,20774000.0,20774000.0,2.083938999987822,False,heuristic,Box8,1,14616000.0,14616000.0,19.594154000003527,True,optimal,best_calculation
1300,11,Box9,1,42504000.0,42504000.0,297.49,False,Box9,1,42504000.0,42504000.0,1.8430029999763065,False,heuristic,Box9,1,42504000.0,42504000.0,46.76265899996679,True,optimal,best_calculation
1301,10,Box2,1,5278500.0,5278500.0,178.18,False,Box2,1,5278500.0,5278500.0,1.434577999987141,False,heuristic,Box2,1,5278500.0,5278500.0,35.48894700003302,True,optimal,best_calculation
1302,7,Box9,1,42504000.0,42504000.0,299.95,False,Box9,1,42504000.0,42504000.0,0.8294529999943734,False,heuristic,Box9,1,42504000.0,42504000.0,21.62545199996657,True,optimal,best_calculation
1303,2,Box4,1,13260000.0,13260000.0,160.15,False,Box4,1,13260000.0,13260000.0,0.15142199998763317,False,heuristic,Box4,1,13260000.0,13260000.0,2.462786999956279,True,optimal,best_calculation
1304,2,Box2,1,5278500.0,5278500.0,187.04,False,Box2,1,5278500.0,5278500.0,0.1209370000196941,False,heuristic,Box2,1,5278500.0,5278500.0,1.5372120000165523,True,optimal,best_calculation
1305,4,Box9,1,42504000.0,42504000.0,172.54,False,Box9,1,42504000.0,42504000.0,0.7007390000239866,False,heuristic,Box9,1,42504000.0,42504000.0,11.753983000005519,True,optimal,best_calculation
1306,6,Box4,1,13260000.0,13260000.0,429.32,False,Box8,1,14616000.0,14616000.0,2.1374139999466024,False,heuristic,Box4,1,13260000.0,13260000.0,19.18437099999437,True,optimal,best_calculation
1307,12,Box5,1,20774000.0,20774000.0,321.4,False,Box5,1,20774000.0,20774000.0,1.9223130000227684,False,heuristic,Box5,1,20774000.0,20774000.0,47.258513999963725,True,optimal,best_calculation
1308,4,Box8,1,14616000.0,14616000.0,196.0,False,Box8,1,14616000.0,14616000.0,0.4210660000012467,False,heuristic,Box8,1,14616000.0,14616000.0,9.459349999985989,True,optimal,best_calculation
1309,6,Box9,1,42504000.0,42504000.0,162.83,False,Box9,1,42504000.0,42504000.0,1.1286410000366232,False,heuristic,Box9,1,42504000.0,42504000.0,27.843335000000025,True,optimal,best_calculation
1310,9,Box8,1,14616000.0,14616000.0,182.96,False,Box8,1,14616000.0,14616000.0,5.139200000030542,False,heuristic,Box8,1,14616000.0,14616000.0,36.58295999997563,True,optimal,best_calculation
1311,8,Box4,1,13260000.0,13260000.0,165.27,False,Box4,1,13260000.0,13260000.0,0.8579599999620768,False,heuristic,Box4,1,13260000.0,13260000.0,21.15835999995852,True,optimal,best_calculation
1312,10,Box9,1,42504000.0,42504000.0,326.23,False,Box9,1,42504000.0,42504000.0,1.5202219999537192,False,heuristic,Box9,1,42504000.0,42504000.0,33.43141599998489,True,optimal,best_calculation
1313,5,Box2,1,5278500.0,5278500.0,178.16,False,Box2,1,5278500.0,5278500.0,0.4438449999497607,False,heuristic,Box2,1,5278500.0,5278500.0,9.824804000004406,True,optimal,best_calculation
1314,2,Box8,1,14616000.0,14616000.0,171.96,False,Box8,1,14616000.0,14616000.0,0.07845400000405789,False,heuristic,Box8,1,14616000.0,14616000.0,2.1330029999830913,True,optimal,best_calculation
1315,8,Box6,1,24752000.0,24752000.0,170.73,False,Box6,1,24752000.0,24752000.0,0.9920910000005279,False,heuristic,Box6,1,24752000.0,24752000.0,25.879278999980215,True,optimal,best_calculation
1316,4,Box4,1,13260000.0,13260000.0,174.45,False,Box4,1,13260000.0,13260000.0,0.9148280000204068,False,heuristic,Box2,1,5278500.0,5278500.0,7.077512000023489,True,optimal,best_calculation
1317,4,Box4,1,13260000.0,13260000.0,184.82,False,Box4,1,13260000.0,13260000.0,0.9417329999905633,False,heuristic,Box4,1,13260000.0,13260000.0,11.822778000009748,True,optimal,best_calculation
1318,7,Box8,1,14616000.0,14616000.0,160.57,False,Box8,1,14616000.0,14616000.0,3.3923220000247056,False,heuristic,Box8,1,14616000.0,14616000.0,23.44412799999418,True,optimal,best_calculation
1319,7,Box5,1,20774000.0,20774000.0,162.18,False,"Box8,Box4,Box8",3,42492000.0,14616000.0,1.3908010000136528,False,heuristic,Box8,1,14616000.0,14616000.0,21.337002000052507,True,optimal,best_calculation
1320,5,Box2,1,5278500.0,5278500.0,170.64,False,Box2,1,5278500.0,5278500.0,0.4431060000342768,False,heuristic,Box2,1,5278500.0,5278500.0,10.933461999968586,True,optimal,best_calculation
1321,16,"Box9,Box4",2,55764000.0,42504000.0,407.0,True,"Box9,Box8",2,57120000.0,42504000.0,2.166636000026756,False,heuristic,"Box4,Box9",2,55764000.0,42504000.0,258.2153230000017,True,optimal,best_calculation
1322,7,Box4,1,13260000.0,13260000.0,195.5,False,Box4,1,13260000.0,13260000.0,0.6515119999903618,False,heuristic,Box4,1,13260000.0,13260000.0,21.47953899998356,True,optimal,best_calculation
1323,7,Box4,1,13260000.0,13260000.0,172.3,False,Box4,1,13260000.0,13260000.0,0.9720570000126827,False,heuristic,Box4,1,13260000.0,13260000.0,20.121637999977793,True,optimal,best_calculation
1324,8,Box5,1,20774000.0,20774000.0,172.99,False,Box6,1,24752000.0,24752000.0,2.7596799999969335,False,heuristic,Box5,1,20774000.0,20774000.0,25.969476000000213,True,optimal,best_calculation
1325,8,Box4,1,13260000.0,13260000.0,196.12,False,Box4,1,13260000.0,13260000.0,1.32927100003144,False,heuristic,Box4,1,13260000.0,13260000.0,27.527116999976897,True,optimal,best_calculation
1326,10,Box9,1,42504000.0,42504000.0,179.77,False,Box9,1,42504000.0,42504000.0,1.4577049999502378,False,heuristic,Box9,1,42504000.0,42504000.0,37.16916600001241,True,optimal,best_calculation
1327,4,Box4,1,13260000.0,13260000.0,166.15,False,Box4,1,13260000.0,13260000.0,0.3024420000201644,False,heuristic,Box4,1,13260000.0,13260000.0,6.372773000009602,True,optimal,best_calculation
1328,4,Box2,1,5278500.0,5278500.0,189.01,False,Box2,1,5278500.0,5278500.0,0.27647599995361816,False,heuristic,Box2,1,5278500.0,5278500.0,6.829470000013771,True,optimal,best_calculation
1329,7,Box6,1,24752000.0,24752000.0,173.58,False,Box6,1,24752000.0,24752000.0,0.6909410000162097,False,heuristic,Box6,1,24752000.0,24752000.0,19.677495999985695,True,optimal,best_calculation
1330,5,Box8,1,14616000.0,14616000.0,197.29,False,Box8,1,14616000.0,14616000.0,1.3764939999987291,False,heuristic,Box8,1,14616000.0,14616000.0,9.317304000035165,True,optimal,best_calculation
1331,3,Box8,1,14616000.0,14616000.0,192.05,False,Box8,1,14616000.0,14616000.0,0.20550800002183678,False,heuristic,Box8,1,14616000.0,14616000.0,4.874249000010877,True,optimal,best_calculation
1332,5,Box8,1,14616000.0,14616000.0,180.37,False,Box8,1,14616000.0,14616000.0,0.34125100000892417,False,heuristic,Box8,1,14616000.0,14616000.0,9.133874000042397,True,optimal,best_calculation
1333,7,Box8,1,14616000.0,14616000.0,170.09,False,Box8,1,14616000.0,14616000.0,2.8049669999745674,False,heuristic,Box8,1,14616000.0,14616000.0,23.096145000010893,True,optimal,best_calculation
1334,4,Box2,1,5278500.0,5278500.0,195.54,False,Box2,1,5278500.0,5278500.0,0.31975699999975404,False,heuristic,Box2,1,5278500.0,5278500.0,7.494517999987238,True,optimal,best_calculation
1335,5,Box4,1,13260000.0,13260000.0,193.22,False,Box4,1,13260000.0,13260000.0,1.7834079999943242,False,heuristic,Box4,1,13260000.0,13260000.0,34.09966100002748,True,optimal,best_calculation
1336,4,Box8,1,14616000.0,14616000.0,164.71,False,Box8,1,14616000.0,14616000.0,0.3432389999602492,False,heuristic,Box8,1,14616000.0,14616000.0,6.174263999980667,True,optimal,best_calculation
1337,4,Box2,1,5278500.0,5278500.0,182.72,False,Box2,1,5278500.0,5278500.0,0.32914700000219455,False,heuristic,Box2,1,5278500.0,5278500.0,6.129737999970075,True,optimal,best_calculation
1338,17,Box5,1,20774000.0,20774000.0,196.29,False,Box6,1,24752000.0,24752000.0,12.507837999976346,False,heuristic,Box5,1,20774000.0,20774000.0,102.71329300002208,True,optimal,best_calculation
1339,9,Box4,1,13260000.0,13260000.0,165.03,False,Box5,1,20774000.0,20774000.0,3.0827429999931155,False,heuristic,Box4,1,13260000.0,13260000.0,29.98356400001967,True,optimal,best_calculation
1340,4,Box9,1,42504000.0,42504000.0,166.32,False,"Box9,Box4",2,55764000.0,42504000.0,0.6170379999730358,False,heuristic,Box9,1,42504000.0,42504000.0,9.736004999979286,True,optimal,best_calculation
1341,6,Box4,1,13260000.0,13260000.0,156.41,False,Box4,1,13260000.0,13260000.0,1.8128670000123748,False,heuristic,Box2,1,5278500.0,5278500.0,15.74875199997905,True,optimal,best_calculation
1342,7,Box8,1,14616000.0,14616000.0,164.55,False,"Box4,Box8",2,27876000.0,14616000.0,1.298743999996077,False,heuristic,Box8,1,14616000.0,14616000.0,22.01605999999856,True,optimal,best_calculation
1343,10,Box4,1,13260000.0,13260000.0,174.28,False,Box4,1,13260000.0,13260000.0,1.7733590000261756,False,heuristic,Box4,1,13260000.0,13260000.0,35.295980999990206,True,optimal,best_calculation
1344,7,Box9,1,42504000.0,42504000.0,588.74,True,"Box6,Box9",2,67256000.0,42504000.0,0.7483900000124777,False,heuristic,"Box2,Box9",2,47782500.0,42504000.0,46.29110499996614,True,optimal,best_calculation
1345,9,Box6,1,24752000.0,24752000.0,321.24,False,Box6,1,24752000.0,24752000.0,1.2834549999638512,False,heuristic,Box6,1,24752000.0,24752000.0,42.47026400003051,True,optimal,best_calculation
1346,2,Box4,1,13260000.0,13260000.0,169.65,False,Box4,1,13260000.0,13260000.0,0.12320999996973114,False,heuristic,Box4,1,13260000.0,13260000.0,1.8310250000013184,True,optimal,best_calculation
1347,6,Box5,1,20774000.0,20774000.0,168.3,False,Box5,1,20774000.0,20774000.0,0.566909999974996,False,heuristic,Box5,1,20774000.0,20774000.0,14.01340600000367,True,optimal,best_calculation
1348,4,Box6,1,24752000.0,24752000.0,166.05,False,Box6,1,24752000.0,24752000.0,0.9531250000236469,False,heuristic,Box6,1,24752000.0,24752000.0,13.345211000000745,True,optimal,best_calculation
1349,9,Box9,1,42504000.0,42504000.0,198.69,False,"Box4,Box6",2,38012000.0,24752000.0,1.942880999990848,False,heuristic,Box9,1,42504000.0,42504000.0,38.179734999971515,True,optimal,best_calculation
1350,9,Box9,1,42504000.0,42504000.0,316.72,False,Box9,1,42504000.0,42504000.0,1.4396539999665947,False,heuristic,Box9,1,42504000.0,42504000.0,34.05547699998124,True,optimal,best_calculation
1351,4,Box2,1,5278500.0,5278500.0,166.85,False,Box2,1,5278500.0,5278500.0,0.3115500000490101,False,heuristic,Box2,1,5278500.0,5278500.0,6.834615999991911,True,optimal,best_calculation
1352,5,Box2,1,5278500.0,5278500.0,199.72,False,Box2,1,5278500.0,5278500.0,0.36149900000737034,False,heuristic,Box2,1,5278500.0,5278500.0,8.71470900000304,True,optimal,best_calculation
1353,6,Box9,1,42504000.0,42504000.0,164.81,False,Box9,1,42504000.0,42504000.0,1.42386400000305,False,heuristic,Box9,1,42504000.0,42504000.0,29.17521099999476,True,optimal,best_calculation
1354,5,Box8,1,14616000.0,14616000.0,172.16,False,Box8,1,14616000.0,14616000.0,1.504230000023199,False,heuristic,Box8,1,14616000.0,14616000.0,11.020286000018586,True,optimal,best_calculation
1355,19,Box9,1,42504000.0,42504000.0,353.67,False,Box9,1,42504000.0,42504000.0,6.805039999960627,False,heuristic,Box9,1,42504000.0,42504000.0,122.28118499996299,True,optimal,best_calculation
1356,3,Box2,1,5278500.0,5278500.0,162.94,False,Box2,1,5278500.0,5278500.0,0.26496600003156345,False,heuristic,Box2,1,5278500.0,5278500.0,5.119858000000477,True,optimal,best_calculation
1357,4,Box2,1,5278500.0,5278500.0,185.26,False,Box4,1,13260000.0,13260000.0,1.2010980000241034,False,heuristic,Box2,1,5278500.0,5278500.0,7.097492000013972,True,optimal,best_calculation
1358,5,Box4,1,13260000.0,13260000.0,162.95,False,Box4,1,13260000.0,13260000.0,0.48431400000481517,False,heuristic,Box4,1,13260000.0,13260000.0,12.514121999970484,True,optimal,best_calculation
1359,5,Box9,1,42504000.0,42504000.0,159.62,False,Box9,1,42504000.0,42504000.0,0.4526650000116206,False,heuristic,Box9,1,42504000.0,42504000.0,12.412070999971547,True,optimal,best_calculation
1360,8,Box4,1,13260000.0,13260000.0,160.92,False,Box4,1,13260000.0,13260000.0,0.9512440000207789,False,heuristic,Box4,1,13260000.0,13260000.0,24.37163600001213,True,optimal,best_calculation
1361,5,Box6,1,24752000.0,24752000.0,174.36,False,Box9,1,42504000.0,42504000.0,1.1089770000012322,False,heuristic,Box6,1,24752000.0,24752000.0,19.971196999961194,True,optimal,best_calculation
1362,4,Box2,1,5278500.0,5278500.0,170.3,False,Box2,1,5278500.0,5278500.0,0.35249600000497594,False,heuristic,Box2,1,5278500.0,5278500.0,5.671964000043772,True,optimal,best_calculation
1363,2,Box2,1,5278500.0,5278500.0,193.29,False,Box2,1,5278500.0,5278500.0,0.10937500002228262,False,heuristic,Box2,1,5278500.0,5278500.0,1.430636999998569,True,optimal,best_calculation
1364,5,Box4,1,13260000.0,13260000.0,167.19,False,Box4,1,13260000.0,13260000.0,1.2542179999854852,False,heuristic,Box4,1,13260000.0,13260000.0,16.084277000004477,True,optimal,best_calculation
1365,8,Box6,1,24752000.0,24752000.0,190.47,False,Box6,1,24752000.0,24752000.0,0.8396229999902971,False,heuristic,Box6,1,24752000.0,24752000.0,22.53201500002433,True,optimal,best_calculation
1366,7,Box8,1,14616000.0,14616000.0,182.51,False,Box8,1,14616000.0,14616000.0,0.8977410000170494,False,heuristic,Box8,1,14616000.0,14616000.0,18.902945000036198,True,optimal,best_calculation
1367,8,Box5,1,20774000.0,20774000.0,312.3,False,Box5,1,20774000.0,20774000.0,0.8898739999949612,False,heuristic,Box5,1,20774000.0,20774000.0,22.678675000008752,True,optimal,best_calculation
1368,11,Box5,1,20774000.0,20774000.0,200.23,False,Box5,1,20774000.0,20774000.0,1.730397000017092,False,heuristic,Box5,1,20774000.0,20774000.0,47.527607000006356,True,optimal,best_calculation
1369,4,Box4,1,13260000.0,13260000.0,189.21,False,Box4,1,13260000.0,13260000.0,0.8563959999605686,False,heuristic,Box4,1,13260000.0,13260000.0,12.204784999994445,True,optimal,best_calculation
1370,12,Box4,1,13260000.0,13260000.0,172.32,False,Box4,1,13260000.0,13260000.0,1.9543340000041098,False,heuristic,Box4,1,13260000.0,13260000.0,57.654916000046796,True,optimal,best_calculation
1371,10,Box9,1,42504000.0,42504000.0,180.05,False,Box6,1,24752000.0,24752000.0,1.65446199997632,False,heuristic,Box6,1,24752000.0,24752000.0,37.23343699999759,True,optimal,best_calculation
1372,5,Box9,1,42504000.0,42504000.0,195.17,False,Box9,1,42504000.0,42504000.0,0.42530099995019555,False,heuristic,Box9,1,42504000.0,42504000.0,10.115665999990142,True,optimal,best_calculation
1373,3,Box8,1,14616000.0,14616000.0,191.56,False,Box8,1,14616000.0,14616000.0,0.6639590000077078,False,heuristic,Box8,1,14616000.0,14616000.0,5.442887000015162,True,optimal,best_calculation
1374,5,Box2,1,5278500.0,5278500.0,179.1,False,Box2,1,5278500.0,5278500.0,0.4382949999808261,False,heuristic,Box2,1,5278500.0,5278500.0,11.995447999993303,True,optimal,best_calculation
1375,8,Box9,1,42504000.0,42504000.0,177.0,False,Box9,1,42504000.0,42504000.0,1.1099449999960598,False,heuristic,Box9,1,42504000.0,42504000.0,25.229711999998017,True,optimal,best_calculation
1376,7,Box2,1,5278500.0,5278500.0,268.43,False,Box4,1,13260000.0,13260000.0,2.5761899999565685,False,heuristic,Box2,1,5278500.0,5278500.0,21.390319999966323,True,optimal,best_calculation
1377,4,Box4,1,13260000.0,13260000.0,334.16,False,Box4,1,13260000.0,13260000.0,0.26011799997149865,False,heuristic,Box4,1,13260000.0,13260000.0,7.406395000032262,True,optimal,best_calculation
1378,6,Box5,1,20774000.0,20774000.0,209.02,False,Box5,1,20774000.0,20774000.0,2.010577000021385,False,heuristic,Box5,1,20774000.0,20774000.0,31.273274999989553,True,optimal,best_calculation
1379,13,"Box9,Box5",2,63278000.0,42504000.0,712.92,True,"Box9,Box9",2,85008000.0,42504000.0,2.1447690000400144,False,heuristic,"Box6,Box9",2,67256000.0,42504000.0,202.6949500000228,True,optimal,best_calculation
1380,12,Box5,1,20774000.0,20774000.0,469.58,False,Box5,1,20774000.0,20774000.0,3.6720230000355514,False,heuristic,Box5,1,20774000.0,20774000.0,56.33011200001192,True,optimal,best_calculation
1381,2,Box4,1,13260000.0,13260000.0,237.41,False,Box4,1,13260000.0,13260000.0,0.14823400005070653,False,heuristic,Box4,1,13260000.0,13260000.0,2.382985999986431,True,optimal,best_calculation
1382,5,Box4,1,13260000.0,13260000.0,226.66,False,Box4,1,13260000.0,13260000.0,1.2697320000256695,False,heuristic,Box4,1,13260000.0,13260000.0,17.966113999989375,True,optimal,best_calculation
1383,8,Box4,1,13260000.0,13260000.0,203.45,False,Box4,1,13260000.0,13260000.0,1.017732999969212,False,heuristic,Box4,1,13260000.0,13260000.0,23.80884999996624,True,optimal,best_calculation
1384,6,Box9,1,42504000.0,42504000.0,188.34,False,Box9,1,42504000.0,42504000.0,1.3163019999637982,False,heuristic,Box9,1,42504000.0,42504000.0,25.43324099997335,True,optimal,best_calculation
1385,6,Box4,1,13260000.0,13260000.0,171.19,False,Box4,1,13260000.0,13260000.0,0.5451140000332089,False,heuristic,Box4,1,13260000.0,13260000.0,14.9653899999862,True,optimal,best_calculation
1386,8,Box6,1,24752000.0,24752000.0,181.77,False,Box6,1,24752000.0,24752000.0,0.8441389999802595,False,heuristic,Box6,1,24752000.0,24752000.0,20.547405000002072,True,optimal,best_calculation
1387,8,Box8,1,14616000.0,14616000.0,181.3,False,Box8,1,14616000.0,14616000.0,3.4109679999687614,False,heuristic,Box8,1,14616000.0,14616000.0,28.63330299999234,True,optimal,best_calculation
1388,5,Box4,1,13260000.0,13260000.0,184.54,False,Box4,1,13260000.0,13260000.0,1.340258000027461,False,heuristic,Box4,1,13260000.0,13260000.0,31.666857999994136,True,optimal,best_calculation
1389,4,Box4,1,13260000.0,13260000.0,193.95,False,Box4,1,13260000.0,13260000.0,1.042049999966821,False,heuristic,Box4,1,13260000.0,13260000.0,13.065264000033494,True,optimal,best_calculation
1390,9,Box8,1,14616000.0,14616000.0,179.75,False,Box5,1,20774000.0,20774000.0,3.156639999986055,False,heuristic,Box4,1,13260000.0,13260000.0,32.93787400002657,True,optimal,best_calculation
1391,10,Box8,1,14616000.0,14616000.0,200.62,False,"Box4,Box8",2,27876000.0,14616000.0,2.379775999997946,False,heuristic,Box8,1,14616000.0,14616000.0,44.94551400000546,True,optimal,best_calculation
1392,5,Box9,1,42504000.0,42504000.0,184.04,False,"Box6,Box8",2,39368000.0,24752000.0,0.5998130000079982,False,heuristic,Box9,1,42504000.0,42504000.0,16.81598599998324,True,optimal,best_calculation
1393,6,Box4,1,13260000.0,13260000.0,163.27,False,Box4,1,13260000.0,13260000.0,0.6165190000047005,False,heuristic,Box4,1,13260000.0,13260000.0,16.40005699999847,True,optimal,best_calculation
1394,10,Box8,1,14616000.0,14616000.0,206.22,False,Box8,1,14616000.0,14616000.0,7.269300999951156,False,heuristic,Box8,1,14616000.0,14616000.0,49.0496400000211,True,optimal,best_calculation
1395,8,Box8,1,14616000.0,14616000.0,203.57,False,Box8,1,14616000.0,14616000.0,3.915216999985205,False,heuristic,Box8,1,14616000.0,14616000.0,28.3977180000079,True,optimal,best_calculation
1396,9,Box5,1,20774000.0,20774000.0,193.74,False,Box5,1,20774000.0,20774000.0,1.2921630000164441,False,heuristic,Box5,1,20774000.0,20774000.0,33.52165100000093,True,optimal,best_calculation
1397,10,Box8,1,14616000.0,14616000.0,165.68,False,Box8,1,14616000.0,14616000.0,1.4683439999885195,False,heuristic,Box8,1,14616000.0,14616000.0,39.34180900000683,True,optimal,best_calculation
1398,3,Box4,1,13260000.0,13260000.0,180.98,False,Box4,1,13260000.0,13260000.0,0.61769399997047,False,heuristic,Box4,1,13260000.0,13260000.0,6.888407999952051,True,optimal,best_calculation
1399,3,Box2,1,5278500.0,5278500.0,172.09,False,Box2,1,5278500.0,5278500.0,0.2067879999572142,False,heuristic,Box2,1,5278500.0,5278500.0,3.6359960000140745,True,optimal,best_calculation
1400,5,Box4,1,13260000.0,13260000.0,162.04,False,Box4,1,13260000.0,13260000.0,1.231359000030352,False,heuristic,Box4,1,13260000.0,13260000.0,16.716298000005736,True,optimal,best_calculation
1401,5,Box2,1,5278500.0,5278500.0,198.99,False,Box4,1,13260000.0,13260000.0,1.1786640000082116,False,heuristic,Box2,1,5278500.0,5278500.0,9.431742000003851,True,optimal,best_calculation
1402,10,Box9,1,42504000.0,42504000.0,325.8,False,Box9,1,42504000.0,42504000.0,1.470919999974285,False,heuristic,Box9,1,42504000.0,42504000.0,40.92990200001623,True,optimal,best_calculation
1403,8,Box9,1,42504000.0,42504000.0,353.97,True,"Box6,Box6",2,49504000.0,24752000.0,0.653272000022298,False,heuristic,"Box6,Box6",2,49504000.0,24752000.0,95.61815800003615,True,optimal,best_calculation
1404,1,Box4,1,13260000.0,13260000.0,173.03,False,Box4,1,13260000.0,13260000.0,0.0846179999598462,False,heuristic,Box4,1,13260000.0,13260000.0,0.6491059999689242,True,optimal,best_calculation
1405,24,"Box9,Box4",2,55764000.0,42504000.0,443.69,True,"Box9,Box4",2,55764000.0,42504000.0,5.3664340000523225,False,heuristic,"Box4,Box9",2,55764000.0,42504000.0,1193.2726889999685,True,optimal,best_calculation
1406,24,"Box9,Box4",2,55764000.0,42504000.0,448.87,True,"Box9,Box4",2,55764000.0,42504000.0,5.317126999955235,False,heuristic,"Box4,Box9",2,55764000.0,42504000.0,1186.2737860000152,True,optimal,best_calculation
1407,5,Box4,1,13260000.0,13260000.0,188.4,False,Box4,1,13260000.0,13260000.0,0.38851499999736916,False,heuristic,Box4,1,13260000.0,13260000.0,10.418300000026193,True,optimal,best_calculation
1408,10,"Box9,Box4",2,55764000.0,42504000.0,318.97,False,"Box9,Box8",2,57120000.0,42504000.0,1.7531940000026225,False,heuristic,Box9,1,42504000.0,42504000.0,40.539925999951265,True,optimal,best_calculation
1409,5,Box6,1,24752000.0,24752000.0,175.91,False,Box6,1,24752000.0,24752000.0,1.415363999967667,False,heuristic,Box6,1,24752000.0,24752000.0,24.178231999997024,True,optimal,best_calculation
1410,3,Box2,1,5278500.0,5278500.0,488.44,False,Box2,1,5278500.0,5278500.0,0.19573299999819938,False,heuristic,Box2,1,5278500.0,5278500.0,3.3813160000022435,True,optimal,best_calculation
1411,13,Box9,1,42504000.0,42504000.0,173.59,False,Box9,1,42504000.0,42504000.0,3.1662200000255325,False,heuristic,Box9,1,42504000.0,42504000.0,62.91322200002014,True,optimal,best_calculation
1412,8,Box4,1,13260000.0,13260000.0,174.84,False,Box4,1,13260000.0,13260000.0,1.2625600000433224,False,heuristic,Box4,1,13260000.0,13260000.0,25.532392000002346,True,optimal,best_calculation
1413,4,Box5,1,20774000.0,20774000.0,174.06,False,Box6,1,24752000.0,24752000.0,0.8027050000123381,False,heuristic,Box5,1,20774000.0,20774000.0,11.768399999994017,True,optimal,best_calculation
1414,5,Box4,1,13260000.0,13260000.0,194.79,False,Box8,1,14616000.0,14616000.0,1.2037249999821142,False,heuristic,Box4,1,13260000.0,13260000.0,11.970939999969232,True,optimal,best_calculation
1415,7,Box6,1,24752000.0,24752000.0,195.17,False,Box6,1,24752000.0,24752000.0,0.7147000000031767,False,heuristic,Box6,1,24752000.0,24752000.0,15.84427099999175,True,optimal,best_calculation
1416,1,Box2,1,5278500.0,5278500.0,223.3,False,Box2,1,5278500.0,5278500.0,0.12707600001249375,False,heuristic,Box2,1,5278500.0,5278500.0,0.9617299999717943,True,optimal,best_calculation
1417,9,Box5,1,20774000.0,20774000.0,176.54,False,Box5,1,20774000.0,20774000.0,1.053120999984003,False,heuristic,Box5,1,20774000.0,20774000.0,29.24115600001187,True,optimal,best_calculation
1418,5,Box2,1,5278500.0,5278500.0,209.3,False,Box2,1,5278500.0,5278500.0,0.4476180000096974,False,heuristic,Box2,1,5278500.0,5278500.0,11.718603999952393,True,optimal,best_calculation
1419,8,Box6,1,24752000.0,24752000.0,157.47,False,Box6,1,24752000.0,24752000.0,0.822053000035794,False,heuristic,Box6,1,24752000.0,24752000.0,26.40037300000131,True,optimal,best_calculation
1420,7,Box4,1,13260000.0,13260000.0,167.82,False,Box4,1,13260000.0,13260000.0,2.7032909999888943,False,heuristic,Box4,1,13260000.0,13260000.0,43.73496699997759,True,optimal,best_calculation
1421,6,Box4,1,13260000.0,13260000.0,159.28,False,Box4,1,13260000.0,13260000.0,0.5822620000230927,False,heuristic,Box4,1,13260000.0,13260000.0,18.881353999972816,True,optimal,best_calculation
1422,5,Box4,1,13260000.0,13260000.0,171.42,False,Box4,1,13260000.0,13260000.0,1.294172999962484,False,heuristic,Box4,1,13260000.0,13260000.0,16.11795600001642,True,optimal,best_calculation
1423,5,Box8,1,14616000.0,14616000.0,177.38,False,Box8,1,14616000.0,14616000.0,0.38182800000186035,False,heuristic,Box8,1,14616000.0,14616000.0,9.408222999979898,True,optimal,best_calculation
1424,6,Box9,1,42504000.0,42504000.0,173.35,False,Box9,1,42504000.0,42504000.0,0.71792699998241,False,heuristic,Box9,1,42504000.0,42504000.0,15.935921000050257,True,optimal,best_calculation
1425,13,Box5,1,20774000.0,20774000.0,182.62,False,Box5,1,20774000.0,20774000.0,2.2147820000100182,False,heuristic,Box5,1,20774000.0,20774000.0,65.69465399996943,True,optimal,best_calculation
1426,7,Box2,1,5278500.0,5278500.0,202.37,False,Box2,1,5278500.0,5278500.0,0.8966770000142787,False,heuristic,Box2,1,5278500.0,5278500.0,20.37187200005519,True,optimal,best_calculation
1427,3,Box2,1,5278500.0,5278500.0,194.24,False,Box2,1,5278500.0,5278500.0,0.19551700000874916,False,heuristic,Box2,1,5278500.0,5278500.0,3.0824090000010074,True,optimal,best_calculation
1428,4,Box2,1,5278500.0,5278500.0,170.03,False,Box2,1,5278500.0,5278500.0,0.24314000000913438,False,heuristic,Box2,1,5278500.0,5278500.0,6.538470000009511,True,optimal,best_calculation
1429,9,Box5,1,20774000.0,20774000.0,171.15,False,Box5,1,20774000.0,20774000.0,1.2073109999732878,False,heuristic,Box5,1,20774000.0,20774000.0,34.60910899997316,True,optimal,best_calculation
1430,7,Box4,1,13260000.0,13260000.0,197.69,False,Box4,1,13260000.0,13260000.0,0.9089780000408609,False,heuristic,Box4,1,13260000.0,13260000.0,22.343062000004466,True,optimal,best_calculation
1431,8,Box8,1,14616000.0,14616000.0,168.51,False,Box8,1,14616000.0,14616000.0,3.8922419999494196,False,heuristic,Box8,1,14616000.0,14616000.0,30.24434100001372,True,optimal,best_calculation
1432,7,Box9,1,42504000.0,42504000.0,180.44,False,Box9,1,42504000.0,42504000.0,1.0070319999613275,False,heuristic,Box9,1,42504000.0,42504000.0,18.971152000005986,True,optimal,best_calculation
1433,6,Box4,1,13260000.0,13260000.0,175.68,False,Box4,1,13260000.0,13260000.0,1.9956919999799538,False,heuristic,Box4,1,13260000.0,13260000.0,27.75661600003332,True,optimal,best_calculation
1434,9,Box8,1,14616000.0,14616000.0,185.89,False,Box8,1,14616000.0,14616000.0,4.430785000010928,False,heuristic,Box8,1,14616000.0,14616000.0,37.02294799995798,True,optimal,best_calculation
1435,5,Box4,1,13260000.0,13260000.0,165.23,False,Box4,1,13260000.0,13260000.0,0.35194099996260775,False,heuristic,Box4,1,13260000.0,13260000.0,11.620096000001467,True,optimal,best_calculation
1436,8,Box4,1,13260000.0,13260000.0,157.61,False,Box4,1,13260000.0,13260000.0,0.9852559999785626,False,heuristic,Box4,1,13260000.0,13260000.0,28.69858799999747,True,optimal,best_calculation
1437,6,Box5,1,20774000.0,20774000.0,329.39,False,"Box4,Box2",2,18538500.0,13260000.0,1.2430659999722593,False,heuristic,Box8,1,14616000.0,14616000.0,24.51237200000378,True,optimal,best_calculation
1438,4,Box2,1,5278500.0,5278500.0,182.8,False,Box4,1,13260000.0,13260000.0,1.0522950000222409,False,heuristic,Box2,1,5278500.0,5278500.0,7.831785000007585,True,optimal,best_calculation
1439,3,Box2,1,5278500.0,5278500.0,174.93,False,Box2,1,5278500.0,5278500.0,0.2162760000032904,False,heuristic,Box2,1,5278500.0,5278500.0,4.110152000009748,True,optimal,best_calculation
1440,5,Box8,1,14616000.0,14616000.0,163.42,False,Box8,1,14616000.0,14616000.0,0.28476999995064034,False,heuristic,Box8,1,14616000.0,14616000.0,9.22905999999557,True,optimal,best_calculation
1441,5,Box5,1,20774000.0,20774000.0,198.87,False,Box5,1,20774000.0,20774000.0,0.3552919999947335,False,heuristic,Box5,1,20774000.0,20774000.0,10.911114999998972,True,optimal,best_calculation
1442,7,Box8,1,14616000.0,14616000.0,182.9,False,"Box4,Box4",2,26520000.0,13260000.0,1.1639669999681246,False,heuristic,Box8,1,14616000.0,14616000.0,33.07554999997819,True,optimal,best_calculation
1443,2,Box4,1,13260000.0,13260000.0,176.41,False,Box4,1,13260000.0,13260000.0,0.1375740000071346,False,heuristic,Box4,1,13260000.0,13260000.0,2.368679000028351,True,optimal,best_calculation
1444,5,Box4,1,13260000.0,13260000.0,174.99,False,Box4,1,13260000.0,13260000.0,1.8023380000045108,False,heuristic,Box4,1,13260000.0,13260000.0,17.238141999996515,True,optimal,best_calculation
1445,4,Box2,1,5278500.0,5278500.0,178.27,False,Box2,1,5278500.0,5278500.0,0.277888000027815,False,heuristic,Box2,1,5278500.0,5278500.0,7.419025999979567,True,optimal,best_calculation
1446,4,Box4,1,13260000.0,13260000.0,174.58,False,Box4,1,13260000.0,13260000.0,0.9154749999993328,False,heuristic,Box4,1,13260000.0,13260000.0,11.62646800003131,True,optimal,best_calculation
1447,8,Box8,1,14616000.0,14616000.0,162.85,False,Box5,1,20774000.0,20774000.0,3.5017309999716417,False,heuristic,Box8,1,14616000.0,14616000.0,31.249922000029073,True,optimal,best_calculation
1448,5,Box4,1,13260000.0,13260000.0,464.45,False,Box4,1,13260000.0,13260000.0,1.404732999958469,False,heuristic,Box4,1,13260000.0,13260000.0,17.79263999998193,True,optimal,best_calculation
1449,9,Box8,1,14616000.0,14616000.0,197.63,False,Box8,1,14616000.0,14616000.0,0.8606999999756226,False,heuristic,Box8,1,14616000.0,14616000.0,29.846332999966307,True,optimal,best_calculation
1450,8,Box5,1,20774000.0,20774000.0,196.39,False,Box5,1,20774000.0,20774000.0,3.5216389999845887,False,heuristic,Box5,1,20774000.0,20774000.0,31.842350000033548,True,optimal,best_calculation
1451,5,Box4,1,13260000.0,13260000.0,186.26,False,Box4,1,13260000.0,13260000.0,1.384902999973292,False,heuristic,Box4,1,13260000.0,13260000.0,18.62609199997678,True,optimal,best_calculation
1452,4,Box4,1,13260000.0,13260000.0,187.25,False,Box8,1,14616000.0,14616000.0,1.02097399997092,False,heuristic,Box4,1,13260000.0,13260000.0,6.104960000016035,True,optimal,best_calculation
1453,4,Box2,1,5278500.0,5278500.0,174.12,False,Box2,1,5278500.0,5278500.0,0.33298699997885706,False,heuristic,Box2,1,5278500.0,5278500.0,6.260450000013407,True,optimal,best_calculation
1454,4,Box6,1,24752000.0,24752000.0,196.65,False,Box6,1,24752000.0,24752000.0,0.8211880000317251,False,heuristic,Box6,1,24752000.0,24752000.0,9.914487999992616,True,optimal,best_calculation
1455,11,Box5,1,20774000.0,20774000.0,173.63,False,Box5,1,20774000.0,20774000.0,2.753155999982937,False,heuristic,Box5,1,20774000.0,20774000.0,4920.802382999966,False,time_limit,fast_fallback
1456,13,Box6,1,24752000.0,24752000.0,197.28,False,Box9,1,42504000.0,42504000.0,4.267953999999463,False,heuristic,Box5,1,20774000.0,20774000.0,115.55081400001654,True,optimal,best_calculation
1457,6,Box4,1,13260000.0,13260000.0,163.98,False,Box4,1,13260000.0,13260000.0,0.5421969999588327,False,heuristic,Box4,1,13260000.0,13260000.0,17.773704000035195,True,optimal,best_calculation
1458,4,Box4,1,13260000.0,13260000.0,190.0,False,Box4,1,13260000.0,13260000.0,0.29109500002277855,False,heuristic,Box4,1,13260000.0,13260000.0,7.687711000016861,True,optimal,best_calculation
1459,5,Box8,1,14616000.0,14616000.0,222.43,False,Box8,1,14616000.0,14616000.0,1.1827050000192685,False,heuristic,Box8,1,14616000.0,14616000.0,11.656651999999212,True,optimal,best_calculation
1460,7,Box6,1,24752000.0,24752000.0,320.47,False,Box6,1,24752000.0,24752000.0,0.8958739999798127,False,heuristic,Box6,1,24752000.0,24752000.0,17.98625400004994,True,optimal,best_calculation
1461,3,Box9,1,42504000.0,42504000.0,173.71,False,"Box8,Box8",2,29232000.0,14616000.0,0.6866269999932229,False,heuristic,Box9,1,42504000.0,42504000.0,13.429220999967129,True,optimal,best_calculation
1462,3,Box2,1,5278500.0,5278500.0,195.8,False,Box2,1,5278500.0,5278500.0,0.22628800002166827,False,heuristic,Box2,1,5278500.0,5278500.0,4.186044999983096,True,optimal,best_calculation
1463,4,Box9,1,42504000.0,42504000.0,172.92,False,Box9,1,42504000.0,42504000.0,0.735413000029439,False,heuristic,Box9,1,42504000.0,42504000.0,13.599405000036313,True,optimal,best_calculation
1464,10,Box5,1,20774000.0,20774000.0,165.55,False,Box5,1,20774000.0,20774000.0,1.3243280000097002,False,heuristic,Box5,1,20774000.0,20774000.0,34.69011100003172,True,optimal,best_calculation
1465,7,Box8,1,14616000.0,14616000.0,186.45,False,Box8,1,14616000.0,14616000.0,0.3931690000058552,False,heuristic,Box8,1,14616000.0,14616000.0,16.78137399994739,True,optimal,best_calculation
1466,10,Box5,1,20774000.0,20774000.0,196.6,False,Box5,1,20774000.0,20774000.0,1.7711389999703897,False,heuristic,Box5,1,20774000.0,20774000.0,39.28181100002348,True,optimal,best_calculation
1467,4,Box4,1,13260000.0,13260000.0,189.75,False,Box4,1,13260000.0,13260000.0,1.1157679999769243,False,heuristic,Box4,1,13260000.0,13260000.0,12.68190900003674,True,optimal,best_calculation
1468,9,Box8,1,14616000.0,14616000.0,163.48,False,Box8,1,14616000.0,14616000.0,3.13552699998354,False,heuristic,Box4,1,13260000.0,13260000.0,190.8095000000003,True,optimal,best_calculation
1469,7,Box2,1,5278500.0,5278500.0,159.46,False,Box4,1,13260000.0,13260000.0,2.501112999993893,False,heuristic,Box2,1,5278500.0,5278500.0,19.441121999989264,True,optimal,best_calculation
1470,12,Box5,1,20774000.0,20774000.0,171.96,False,Box9,1,42504000.0,42504000.0,3.733877999991364,False,heuristic,Box5,1,20774000.0,20774000.0,47.91793700002245,True,optimal,best_calculation
1471,8,Box5,1,20774000.0,20774000.0,180.59,False,Box5,1,20774000.0,20774000.0,1.3011279999659564,False,heuristic,Box5,1,20774000.0,20774000.0,23.909087999982148,True,optimal,best_calculation
1472,10,Box8,1,14616000.0,14616000.0,160.31,False,Box8,1,14616000.0,14616000.0,5.854029999966315,False,heuristic,Box8,1,14616000.0,14616000.0,43.716956000025675,True,optimal,best_calculation
1473,12,Box9,1,42504000.0,42504000.0,193.33,False,Box9,1,42504000.0,42504000.0,2.6107030000162013,False,heuristic,Box9,1,42504000.0,42504000.0,57.70839100000558,True,optimal,best_calculation
1474,4,Box9,1,42504000.0,42504000.0,177.34,False,Box9,1,42504000.0,42504000.0,0.8716659999663534,False,heuristic,Box9,1,42504000.0,42504000.0,20.7789039999966,True,optimal,best_calculation
1475,5,Box2,1,5278500.0,5278500.0,213.98,False,Box2,1,5278500.0,5278500.0,0.463496000008945,False,heuristic,Box2,1,5278500.0,5278500.0,9.329097000033926,True,optimal,best_calculation
1476,6,Box8,1,14616000.0,14616000.0,177.7,False,Box5,1,20774000.0,20774000.0,1.3184750000050371,False,heuristic,Box8,1,14616000.0,14616000.0,18.10019099997362,True,optimal,best_calculation
1477,16,Box6,1,24752000.0,24752000.0,173.63,False,Box6,1,24752000.0,24752000.0,2.5755800000411,False,heuristic,Box6,1,24752000.0,24752000.0,81.89806199999339,True,optimal,best_calculation
1478,4,Box4,1,13260000.0,13260000.0,167.65,False,Box4,1,13260000.0,13260000.0,1.0321660000158772,False,heuristic,Box4,1,13260000.0,13260000.0,13.026518999993186,True,optimal,best_calculation
1479,6,Box9,1,42504000.0,42504000.0,182.33,False,Box9,1,42504000.0,42504000.0,0.5813980000084484,False,heuristic,Box9,1,42504000.0,42504000.0,15.407279999976708,True,optimal,best_calculation
1480,7,Box8,1,14616000.0,14616000.0,189.24,False,Box8,1,14616000.0,14616000.0,3.120221000017409,False,heuristic,Box8,1,14616000.0,14616000.0,21.743632999971396,True,optimal,best_calculation
1481,8,Box5,1,20774000.0,20774000.0,175.06,False,Box5,1,20774000.0,20774000.0,1.0430009999709,False,heuristic,Box5,1,20774000.0,20774000.0,28.198977999977615,True,optimal,best_calculation
1482,7,Box8,1,14616000.0,14616000.0,184.79,False,Box8,1,14616000.0,14616000.0,3.5623320000013337,False,heuristic,Box8,1,14616000.0,14616000.0,23.55334999998604,True,optimal,best_calculation
1483,11,Box6,1,24752000.0,24752000.0,181.18,False,Box6,1,24752000.0,24752000.0,1.5453490000254533,False,heuristic,Box6,1,24752000.0,24752000.0,46.24949800000877,True,optimal,best_calculation
1484,10,"Box9,Box4",2,55764000.0,42504000.0,420.34,True,"Box6,Box9",2,67256000.0,42504000.0,1.414003999968827,False,heuristic,"Box6,Box6",2,49504000.0,24752000.0,100.51548200004845,True,optimal,best_calculation
1485,4,Box2,1,5278500.0,5278500.0,263.5,False,Box2,1,5278500.0,5278500.0,0.47062499999128704,False,heuristic,Box2,1,5278500.0,5278500.0,9.009138000010353,True,optimal,best_calculation
1486,1,Box2,1,5278500.0,5278500.0,165.44,False,Box2,1,5278500.0,5278500.0,0.09333899998864581,False,heuristic,Box2,1,5278500.0,5278500.0,0.7680780000214327,True,optimal,best_calculation
1487,9,Box4,1,13260000.0,13260000.0,169.92,False,Box4,1,13260000.0,13260000.0,1.6186149999839472,False,heuristic,Box4,1,13260000.0,13260000.0,33.27335099999118,True,optimal,best_calculation
1488,8,Box9,1,42504000.0,42504000.0,373.12,False,Box9,1,42504000.0,42504000.0,1.3575369999898612,False,heuristic,Box9,1,42504000.0,42504000.0,26.545302000045012,True,optimal,best_calculation
1489,8,Box6,1,24752000.0,24752000.0,197.82,False,"Box8,Box4",2,27876000.0,14616000.0,1.1809890000336054,False,heuristic,Box6,1,24752000.0,24752000.0,50.70226499998398,True,optimal,best_calculation
1490,10,Box9,1,42504000.0,42504000.0,380.89,False,Box9,1,42504000.0,42504000.0,2.7310749999855943,False,heuristic,Box9,1,42504000.0,42504000.0,35.91192100003582,True,optimal,best_calculation
1491,9,Box9,1,42504000.0,42504000.0,191.71,False,Box9,1,42504000.0,42504000.0,1.4311720000250716,False,heuristic,Box9,1,42504000.0,42504000.0,27.668157999983123,True,optimal,best_calculation
1492,11,Box9,1,42504000.0,42504000.0,233.85,False,Box9,1,42504000.0,42504000.0,1.4938049999955183,False,heuristic,Box9,1,42504000.0,42504000.0,39.61698399996294,True,optimal,best_calculation
1493,15,Box9,1,42504000.0,42504000.0,203.12,False,Box9,1,42504000.0,42504000.0,3.886631000000307,False,heuristic,Box9,1,42504000.0,42504000.0,85.66011800002116,True,optimal,best_calculation
1494,10,Box4,1,13260000.0,13260000.0,253.49,False,Box4,1,13260000.0,13260000.0,1.642829999980222,False,heuristic,Box4,1,13260000.0,13260000.0,36.56275700001288,True,optimal,best_calculation
1495,4,Box9,1,42504000.0,42504000.0,212.34,False,"Box9,Box4",2,55764000.0,42504000.0,0.613249000025462,False,heuristic,Box9,1,42504000.0,42504000.0,10.87529500000528,True,optimal,best_calculation
1496,5,Box4,1,13260000.0,13260000.0,177.35,False,Box4,1,13260000.0,13260000.0,0.35288899999841306,False,heuristic,Box4,1,13260000.0,13260000.0,11.579263000044193,True,optimal,best_calculation
1497,7,Box6,1,24752000.0,24752000.0,360.77,False,Box9,1,42504000.0,42504000.0,2.428507000047375,False,heuristic,Box6,1,24752000.0,24752000.0,22.24826799999846,True,optimal,best_calculation
1498,7,Box4,1,13260000.0,13260000.0,164.59,False,Box4,1,13260000.0,13260000.0,2.4224420000109603,False,heuristic,Box4,1,13260000.0,13260000.0,30.973576999997476,True,optimal,best_calculation
1499,7,Box4,1,13260000.0,13260000.0,189.8,False,Box4,1,13260000.0,13260000.0,0.8349240000029567,False,heuristic,Box4,1,13260000.0,13260000.0,23.135054000022137,True,optimal,best_calculation
1500,9,Box6,1,24752000.0,24752000.0,166.06,False,Box9,1,42504000.0,42504000.0,3.4440510000308677,False,heuristic,Box6,1,24752000.0,24752000.0,47.534256000005826,True,optimal,best_calculation
1501,6,Box8,1,14616000.0,14616000.0,181.82,False,Box8,1,14616000.0,14616000.0,1.625966000005974,False,heuristic,Box8,1,14616000.0,14616000.0,17.71240399995122,True,optimal,best_calculation
1502,15,Box9,1,42504000.0,42504000.0,217.54,False,Box9,1,42504000.0,42504000.0,2.7255809999928715,False,heuristic,Box9,1,42504000.0,42504000.0,79.09402999996473,True,optimal,best_calculation
1503,11,Box9,1,42504000.0,42504000.0,180.0,False,Box9,1,42504000.0,42504000.0,1.7626289999839173,False,heuristic,Box9,1,42504000.0,42504000.0,43.74845899997126,True,optimal,best_calculation
1504,4,Box5,1,20774000.0,20774000.0,168.64,False,Box5,1,20774000.0,20774000.0,0.24915000000191867,False,heuristic,Box5,1,20774000.0,20774000.0,6.145160000016858,True,optimal,best_calculation
1505,1,Box2,1,5278500.0,5278500.0,194.26,False,Box2,1,5278500.0,5278500.0,0.09583300004578632,False,heuristic,Box2,1,5278500.0,5278500.0,0.7525949999944714,True,optimal,best_calculation
1506,4,Box4,1,13260000.0,13260000.0,198.14,False,Box4,1,13260000.0,13260000.0,0.9177439999916714,False,heuristic,Box4,1,13260000.0,13260000.0,11.445937000019057,True,optimal,best_calculation
1507,8,Box8,1,14616000.0,14616000.0,217.0,False,Box8,1,14616000.0,14616000.0,4.3730940000159535,False,heuristic,Box8,1,14616000.0,14616000.0,27.92763899998363,True,optimal,best_calculation
1508,7,Box4,1,13260000.0,13260000.0,184.79,False,Box4,1,13260000.0,13260000.0,0.864627999987988,False,heuristic,Box4,1,13260000.0,13260000.0,21.34230199999365,True,optimal,best_calculation
1509,4,Box4,1,13260000.0,13260000.0,193.3,False,Box4,1,13260000.0,13260000.0,1.0055829999942034,False,heuristic,Box4,1,13260000.0,13260000.0,12.880446999986361,True,optimal,best_calculation
1510,6,Box9,1,42504000.0,42504000.0,202.28,False,Box9,1,42504000.0,42504000.0,1.4356419999899117,False,heuristic,Box9,1,42504000.0,42504000.0,25.011116000030142,True,optimal,best_calculation
1511,6,Box8,1,14616000.0,14616000.0,160.19,False,Box8,1,14616000.0,14616000.0,1.9635589999893455,False,heuristic,Box8,1,14616000.0,14616000.0,14.824891000046136,True,optimal,best_calculation
1512,9,Box9,1,42504000.0,42504000.0,181.53,False,Box9,1,42504000.0,42504000.0,1.3306380000130957,False,heuristic,Box9,1,42504000.0,42504000.0,26.51439900000696,True,optimal,best_calculation
1513,7,Box5,1,20774000.0,20774000.0,202.09,False,Box5,1,20774000.0,20774000.0,3.327630000001136,False,heuristic,Box5,1,20774000.0,20774000.0,19.658112999991317,True,optimal,best_calculation
1514,5,Box2,1,5278500.0,5278500.0,194.91,False,Box4,1,13260000.0,13260000.0,1.6240990000255806,False,heuristic,Box2,1,5278500.0,5278500.0,11.369242000000668,True,optimal,best_calculation
1515,5,Box5,1,20774000.0,20774000.0,186.9,False,Box8,1,14616000.0,14616000.0,1.02693899998485,False,heuristic,Box8,1,14616000.0,14616000.0,13.63939800000935,True,optimal,best_calculation
1516,5,Box4,1,13260000.0,13260000.0,200.29,False,Box4,1,13260000.0,13260000.0,1.4318500000172207,False,heuristic,Box4,1,13260000.0,13260000.0,17.507772999977078,True,optimal,best_calculation
1517,4,Box2,1,5278500.0,5278500.0,178.52,False,Box2,1,5278500.0,5278500.0,0.3679679999777363,False,heuristic,Box2,1,5278500.0,5278500.0,7.268209000017123,True,optimal,best_calculation
1518,5,Box5,1,20774000.0,20774000.0,185.79,False,Box5,1,20774000.0,20774000.0,0.5051129999742443,False,heuristic,Box5,1,20774000.0,20774000.0,11.56472700000677,True,optimal,best_calculation
1519,5,Box8,1,14616000.0,14616000.0,169.68,False,Box8,1,14616000.0,14616000.0,1.6959109999561406,False,heuristic,Box8,1,14616000.0,14616000.0,11.277405999976509,True,optimal,best_calculation
1520,6,Box4,1,13260000.0,13260000.0,521.06,False,Box4,1,13260000.0,13260000.0,0.6958850000273742,False,heuristic,Box4,1,13260000.0,13260000.0,18.685468000001038,True,optimal,best_calculation
1521,5,Box4,1,13260000.0,13260000.0,203.21,False,Box4,1,13260000.0,13260000.0,0.44480799999746523,False,heuristic,Box4,1,13260000.0,13260000.0,11.135908999960975,True,optimal,best_calculation
1522,6,Box4,1,13260000.0,13260000.0,173.36,False,Box4,1,13260000.0,13260000.0,1.7991319999737243,False,heuristic,Box4,1,13260000.0,13260000.0,25.436221999996178,True,optimal,best_calculation
1523,6,Box8,1,14616000.0,14616000.0,160.75,False,Box8,1,14616000.0,14616000.0,0.7264779999900384,False,heuristic,Box8,1,14616000.0,14616000.0,14.847832999976163,True,optimal,best_calculation
1524,7,Box6,1,24752000.0,24752000.0,212.84,False,Box8,1,14616000.0,14616000.0,0.6245529999659993,False,heuristic,Box8,1,14616000.0,14616000.0,19.22022299999071,True,optimal,best_calculation
1525,9,Box4,1,13260000.0,13260000.0,169.2,False,Box4,1,13260000.0,13260000.0,1.296157000012954,False,heuristic,Box4,1,13260000.0,13260000.0,30.512923999992836,True,optimal,best_calculation
1526,4,Box4,1,13260000.0,13260000.0,175.07,False,Box4,1,13260000.0,13260000.0,0.33684499999253603,False,heuristic,Box4,1,13260000.0,13260000.0,8.002585999975054,True,optimal,best_calculation
1527,2,Box4,1,13260000.0,13260000.0,188.03,False,Box4,1,13260000.0,13260000.0,0.13805100002173276,False,heuristic,Box4,1,13260000.0,13260000.0,1.681073000042943,True,optimal,best_calculation
1528,5,Box9,1,42504000.0,42504000.0,182.87,False,Box9,1,42504000.0,42504000.0,0.3550870000026407,False,heuristic,Box9,1,42504000.0,42504000.0,10.809554999980264,True,optimal,best_calculation
1529,4,Box5,1,20774000.0,20774000.0,169.09,False,Box5,1,20774000.0,20774000.0,0.31656300001259297,False,heuristic,Box5,1,20774000.0,20774000.0,7.305399999950168,True,optimal,best_calculation
1530,9,Box6,1,24752000.0,24752000.0,171.07,False,Box6,1,24752000.0,24752000.0,1.0263419999887446,False,heuristic,Box6,1,24752000.0,24752000.0,35.384098000008635,True,optimal,best_calculation
1531,1,Box4,1,13260000.0,13260000.0,175.08,False,Box4,1,13260000.0,13260000.0,0.08228699999790479,False,heuristic,Box4,1,13260000.0,13260000.0,0.7772440000053393,True,optimal,best_calculation
1532,8,"Box9,Box8",2,57120000.0,42504000.0,234.5,False,"Box6,Box9",2,67256000.0,42504000.0,0.7443810000040685,False,heuristic,"Box4,Box9",2,55764000.0,42504000.0,127.4699840000153,True,optimal,best_calculation
1533,4,Box4,1,13260000.0,13260000.0,159.93,False,Box4,1,13260000.0,13260000.0,0.9640229999945404,False,heuristic,Box4,1,13260000.0,13260000.0,13.194435999992038,True,optimal,best_calculation
1534,6,Box4,1,13260000.0,13260000.0,180.76,False,Box4,1,13260000.0,13260000.0,1.6490909999902215,False,heuristic,Box4,1,13260000.0,13260000.0,23.200722000012775,True,optimal,best_calculation
1535,7,Box6,1,24752000.0,24752000.0,191.12,False,Box6,1,24752000.0,24752000.0,1.1488300000337404,False,heuristic,Box6,1,24752000.0,24752000.0,19.26675999999361,True,optimal,best_calculation
1536,4,Box4,1,13260000.0,13260000.0,174.04,False,Box8,1,14616000.0,14616000.0,0.9640969999509252,False,heuristic,Box4,1,13260000.0,13260000.0,5.940422000037415,True,optimal,best_calculation
1537,4,Box2,1,5278500.0,5278500.0,191.96,False,Box2,1,5278500.0,5278500.0,0.24048699998502343,False,heuristic,Box2,1,5278500.0,5278500.0,4.832391999968877,True,optimal,best_calculation
1538,3,Box2,1,5278500.0,5278500.0,178.41,False,Box2,1,5278500.0,5278500.0,0.25834300004135,False,heuristic,Box2,1,5278500.0,5278500.0,4.196254999953908,True,optimal,best_calculation
1539,6,Box5,1,20774000.0,20774000.0,344.88,False,Box8,1,14616000.0,14616000.0,0.34979899999143527,False,heuristic,Box8,1,14616000.0,14616000.0,12.676617000010992,True,optimal,best_calculation
1540,6,Box4,1,13260000.0,13260000.0,195.24,False,Box4,1,13260000.0,13260000.0,0.5185950000168305,False,heuristic,Box4,1,13260000.0,13260000.0,17.70147399997768,True,optimal,best_calculation
1541,7,Box5,1,20774000.0,20774000.0,183.73,False,Box5,1,20774000.0,20774000.0,0.8137750000400956,False,heuristic,Box5,1,20774000.0,20774000.0,23.59777800000984,True,optimal,best_calculation
1542,8,Box8,1,14616000.0,14616000.0,180.55,False,Box8,1,14616000.0,14616000.0,0.7546479999973599,False,heuristic,Box8,1,14616000.0,14616000.0,22.642703000030906,True,optimal,best_calculation
1543,5,Box6,1,24752000.0,24752000.0,156.56,False,Box6,1,24752000.0,24752000.0,1.6140330000098402,False,heuristic,Box6,1,24752000.0,24752000.0,28.87622100001863,True,optimal,best_calculation
1544,7,Box8,1,14616000.0,14616000.0,186.59,False,Box8,1,14616000.0,14616000.0,2.5883590000148615,False,heuristic,Box4,1,13260000.0,13260000.0,24.896199000011165,True,optimal,best_calculation
1545,5,Box8,1,14616000.0,14616000.0,214.08,False,Box6,1,24752000.0,24752000.0,1.249823000023298,False,heuristic,Box8,1,14616000.0,14616000.0,9.17308100002856,True,optimal,best_calculation
1546,8,Box5,1,20774000.0,20774000.0,183.48,False,Box5,1,20774000.0,20774000.0,0.9065539999824068,False,heuristic,Box5,1,20774000.0,20774000.0,23.66159799998968,True,optimal,best_calculation
1547,7,Box2,1,5278500.0,5278500.0,161.31,False,Box2,1,5278500.0,5278500.0,0.626603000000614,False,heuristic,Box2,1,5278500.0,5278500.0,18.70262500000308,True,optimal,best_calculation
1548,7,Box5,1,20774000.0,20774000.0,169.53,False,Box5,1,20774000.0,20774000.0,0.7361259999925096,False,heuristic,Box5,1,20774000.0,20774000.0,20.30389499998364,True,optimal,best_calculation
1549,11,Box5,1,20774000.0,20774000.0,304.52,False,Box5,1,20774000.0,20774000.0,1.7241340000282435,False,heuristic,Box5,1,20774000.0,20774000.0,43.13692099998434,True,optimal,best_calculation
1550,10,Box2,1,5278500.0,5278500.0,182.87,False,Box2,1,5278500.0,5278500.0,1.440637000030165,False,heuristic,Box2,1,5278500.0,5278500.0,36.384074000011424,True,optimal,best_calculation
1551,3,Box2,1,5278500.0,5278500.0,158.33,False,Box2,1,5278500.0,5278500.0,0.21187100003317028,False,heuristic,Box2,1,5278500.0,5278500.0,4.527440000003935,True,optimal,best_calculation
1552,4,Box4,1,13260000.0,13260000.0,190.97,False,Box4,1,13260000.0,13260000.0,0.31352700000297773,False,heuristic,Box4,1,13260000.0,13260000.0,7.236687999977676,True,optimal,best_calculation
1553,4,Box6,1,24752000.0,24752000.0,183.63,False,"Box4,Box4,Box8",3,41136000.0,14616000.0,0.6706730000018979,False,heuristic,Box6,1,24752000.0,24752000.0,13.329510999994909,True,optimal,best_calculation
1554,6,Box2,1,5278500.0,5278500.0,187.7,False,Box2,1,5278500.0,5278500.0,0.605307000000721,False,heuristic,Box2,1,5278500.0,5278500.0,14.864390000013827,True,optimal,best_calculation
1555,7,Box8,1,14616000.0,14616000.0,172.84,False,Box8,1,14616000.0,14616000.0,1.1564960000214342,False,heuristic,Box8,1,14616000.0,14616000.0,21.75379900000962,True,optimal,best_calculation
1556,4,Box4,1,13260000.0,13260000.0,158.54,False,Box4,1,13260000.0,13260000.0,0.2739479999718242,False,heuristic,Box4,1,13260000.0,13260000.0,6.878281000012976,True,optimal,best_calculation
1557,5,Box4,1,13260000.0,13260000.0,168.88,False,Box4,1,13260000.0,13260000.0,1.4117360000227563,False,heuristic,Box4,1,13260000.0,13260000.0,18.313929000044027,True,optimal,best_calculation
1558,5,Box6,1,24752000.0,24752000.0,294.36,False,Box9,1,42504000.0,42504000.0,1.0956349999560189,False,heuristic,Box6,1,24752000.0,24752000.0,13.114056999995682,True,optimal,best_calculation
1559,8,Box4,1,13260000.0,13260000.0,188.84,False,Box4,1,13260000.0,13260000.0,1.1923900000283538,False,heuristic,Box4,1,13260000.0,13260000.0,23.968050999997104,True,optimal,best_calculation
1560,11,Box5,1,20774000.0,20774000.0,166.69,False,Box5,1,20774000.0,20774000.0,7.160635999980514,False,heuristic,Box5,1,20774000.0,20774000.0,49.4842439999843,True,optimal,best_calculation
1561,5,Box4,1,13260000.0,13260000.0,180.0,False,Box4,1,13260000.0,13260000.0,1.3200949999827571,False,heuristic,Box4,1,13260000.0,13260000.0,22.26803100001007,True,optimal,best_calculation
1562,6,Box8,1,14616000.0,14616000.0,174.58,False,Box8,1,14616000.0,14616000.0,0.9222010000371483,False,heuristic,Box8,1,14616000.0,14616000.0,13.488260000031005,True,optimal,best_calculation
1563,9,Box8,1,14616000.0,14616000.0,191.24,False,Box8,1,14616000.0,14616000.0,5.057190000002265,False,heuristic,Box8,1,14616000.0,14616000.0,35.42155599996022,True,optimal,best_calculation
1564,8,Box8,1,14616000.0,14616000.0,179.75,False,Box5,1,20774000.0,20774000.0,3.3782149999979083,False,heuristic,Box8,1,14616000.0,14616000.0,31.546017000039228,True,optimal,best_calculation
1565,8,Box6,1,24752000.0,24752000.0,177.09,False,Box6,1,24752000.0,24752000.0,0.8217349999881662,False,heuristic,Box6,1,24752000.0,24752000.0,27.160547000050883,True,optimal,best_calculation
1566,5,Box4,1,13260000.0,13260000.0,193.23,False,Box4,1,13260000.0,13260000.0,0.4545479999933377,False,heuristic,Box4,1,13260000.0,13260000.0,12.885531000051742,True,optimal,best_calculation
1567,4,Box9,1,42504000.0,42504000.0,186.93,False,Box9,1,42504000.0,42504000.0,0.32938800001147683,False,heuristic,Box9,1,42504000.0,42504000.0,6.727375000025404,True,optimal,best_calculation
1568,7,Box9,1,42504000.0,42504000.0,298.01,False,Box9,1,42504000.0,42504000.0,0.7992930000000342,False,heuristic,Box9,1,42504000.0,42504000.0,17.76168300000336,True,optimal,best_calculation
1569,4,Box5,1,20774000.0,20774000.0,199.96,False,Box5,1,20774000.0,20774000.0,0.2539089999800126,False,heuristic,Box5,1,20774000.0,20774000.0,5.873864000022877,True,optimal,best_calculation
1570,5,Box4,1,13260000.0,13260000.0,177.75,False,Box4,1,13260000.0,13260000.0,0.4439940000224851,False,heuristic,Box4,1,13260000.0,13260000.0,11.513354999976855,True,optimal,best_calculation
1571,9,Box8,1,14616000.0,14616000.0,173.38,False,Box8,1,14616000.0,14616000.0,5.311586999994233,False,heuristic,Box8,1,14616000.0,14616000.0,37.565339999957814,True,optimal,best_calculation
1572,4,Box4,1,13260000.0,13260000.0,180.41,False,Box4,1,13260000.0,13260000.0,0.2643539999667155,False,heuristic,Box4,1,13260000.0,13260000.0,6.249023999998826,True,optimal,best_calculation
1573,7,Box4,1,13260000.0,13260000.0,179.28,False,Box8,1,14616000.0,14616000.0,2.4477470000192625,False,heuristic,Box4,1,13260000.0,13260000.0,23.122908000004827,True,optimal,best_calculation
1574,7,Box5,1,20774000.0,20774000.0,170.81,False,Box6,1,24752000.0,24752000.0,3.0341340000177297,False,heuristic,Box5,1,20774000.0,20774000.0,24.312609999981305,True,optimal,best_calculation
1575,7,Box4,1,13260000.0,13260000.0,165.89,False,Box4,1,13260000.0,13260000.0,0.9781950000160577,False,heuristic,Box4,1,13260000.0,13260000.0,23.134224999978414,True,optimal,best_calculation
1576,13,Box9,1,42504000.0,42504000.0,184.66,False,Box9,1,42504000.0,42504000.0,2.1642599999722734,False,heuristic,Box9,1,42504000.0,42504000.0,57.324289999996836,True,optimal,best_calculation
1577,10,Box6,1,24752000.0,24752000.0,193.19,False,Box9,1,42504000.0,42504000.0,4.1632990000266545,False,heuristic,Box6,1,24752000.0,24752000.0,59.98111400003836,True,optimal,best_calculation
1578,8,Box5,1,20774000.0,20774000.0,189.62,False,Box5,1,20774000.0,20774000.0,2.9224350000163213,False,heuristic,Box8,1,14616000.0,14616000.0,31.32986600002141,True,optimal,best_calculation
1579,8,Box8,1,14616000.0,14616000.0,316.2,False,Box8,1,14616000.0,14616000.0,0.9665759999961665,False,heuristic,Box8,1,14616000.0,14616000.0,25.85545900001307,True,optimal,best_calculation
1580,3,Box2,1,5278500.0,5278500.0,183.67,False,Box2,1,5278500.0,5278500.0,0.20448899999792047,False,heuristic,Box2,1,5278500.0,5278500.0,3.9477320000287364,True,optimal,best_calculation
1581,8,Box6,1,24752000.0,24752000.0,182.39,False,Box9,1,42504000.0,42504000.0,2.483750000010332,False,heuristic,Box6,1,24752000.0,24752000.0,29.275737000034496,True,optimal,best_calculation
1582,10,Box5,1,20774000.0,20774000.0,168.85,False,Box5,1,20774000.0,20774000.0,1.8599229999836098,False,heuristic,Box5,1,20774000.0,20774000.0,38.69287200001281,True,optimal,best_calculation
1583,7,Box9,1,42504000.0,42504000.0,170.75,False,Box9,1,42504000.0,42504000.0,0.688367999998718,False,heuristic,Box9,1,42504000.0,42504000.0,15.29654500001243,True,optimal,best_calculation
1584,6,Box8,1,14616000.0,14616000.0,177.61,False,Box8,1,14616000.0,14616000.0,2.2365689999901406,False,heuristic,Box8,1,14616000.0,14616000.0,16.523151000001235,True,optimal,best_calculation
1585,16,Box8,1,14616000.0,14616000.0,164.12,False,Box8,1,14616000.0,14616000.0,2.606057000036799,False,heuristic,Box8,1,14616000.0,14616000.0,81.06409999999187,True,optimal,best_calculation
1586,2,Box4,1,13260000.0,13260000.0,175.63,False,Box4,1,13260000.0,13260000.0,0.4720530000099643,False,heuristic,Box4,1,13260000.0,13260000.0,3.27851899999132,True,optimal,best_calculation
1587,3,Box4,1,13260000.0,13260000.0,192.55,False,Box4,1,13260000.0,13260000.0,0.8787979999738127,False,heuristic,Box4,1,13260000.0,13260000.0,7.1958969999741385,True,optimal,best_calculation
1588,5,Box4,1,13260000.0,13260000.0,174.78,False,Box4,1,13260000.0,13260000.0,1.5114119999566356,False,heuristic,Box4,1,13260000.0,13260000.0,18.89778299999989,True,optimal,best_calculation
1589,1,Box2,1,5278500.0,5278500.0,168.14,False,Box2,1,5278500.0,5278500.0,0.10446699997146425,False,heuristic,Box2,1,5278500.0,5278500.0,0.702702000012323,True,optimal,best_calculation
1590,1,Box9,1,42504000.0,42504000.0,177.21,False,Box9,1,42504000.0,42504000.0,0.06630299998278133,False,heuristic,Box9,1,42504000.0,42504000.0,0.6453610000107801,True,optimal,best_calculation
1591,5,Box5,1,20774000.0,20774000.0,176.28,False,Box5,1,20774000.0,20774000.0,0.35591799996836926,False,heuristic,Box5,1,20774000.0,20774000.0,12.030213000002732,True,optimal,best_calculation
1592,4,Box8,1,14616000.0,14616000.0,197.03,False,Box8,1,14616000.0,14616000.0,0.37919200002534126,False,heuristic,Box8,1,14616000.0,14616000.0,7.769823000046472,True,optimal,best_calculation
1593,5,Box4,1,13260000.0,13260000.0,177.31,False,Box4,1,13260000.0,13260000.0,1.2607440000351744,False,heuristic,Box4,1,13260000.0,13260000.0,18.529168000043228,True,optimal,best_calculation
1594,8,Box9,1,42504000.0,42504000.0,399.9,False,Box9,1,42504000.0,42504000.0,1.0859200000368219,False,heuristic,Box9,1,42504000.0,42504000.0,27.572861000010107,True,optimal,best_calculation
1595,5,Box2,1,5278500.0,5278500.0,213.28,False,Box2,1,5278500.0,5278500.0,0.6143659999793272,False,heuristic,Box2,1,5278500.0,5278500.0,12.75341699999899,True,optimal,best_calculation
1596,4,Box5,1,20774000.0,20774000.0,180.12,False,Box5,1,20774000.0,20774000.0,0.23351600003707063,False,heuristic,Box5,1,20774000.0,20774000.0,5.880688999980066,True,optimal,best_calculation
1597,2,Box8,1,14616000.0,14616000.0,176.16,False,Box8,1,14616000.0,14616000.0,0.28895100001591345,False,heuristic,Box8,1,14616000.0,14616000.0,1.7214560000411439,True,optimal,best_calculation
1598,4,Box4,1,13260000.0,13260000.0,166.68,False,Box4,1,13260000.0,13260000.0,0.9330610000120032,False,heuristic,Box4,1,13260000.0,13260000.0,11.253452000005382,True,optimal,best_calculation
1599,3,Box4,1,13260000.0,13260000.0,173.78,False,Box4,1,13260000.0,13260000.0,0.19741199997724834,False,heuristic,Box4,1,13260000.0,13260000.0,4.393199999981334,True,optimal,best_calculation
1600,6,Box4,1,13260000.0,13260000.0,178.93,False,Box4,1,13260000.0,13260000.0,2.156864999960817,False,heuristic,Box4,1,13260000.0,13260000.0,44.6697909999898,True,optimal,best_calculation
1601,5,Box8,1,14616000.0,14616000.0,184.6,False,Box8,1,14616000.0,14616000.0,0.4491629999847646,False,heuristic,Box8,1,14616000.0,14616000.0,10.985533999985364,True,optimal,best_calculation
1602,6,Box8,1,14616000.0,14616000.0,171.36,False,Box8,1,14616000.0,14616000.0,3.107200999977522,False,heuristic,Box8,1,14616000.0,14616000.0,19.70257800002173,True,optimal,best_calculation
1603,7,Box4,1,13260000.0,13260000.0,194.94,False,Box4,1,13260000.0,13260000.0,0.7762650000131543,False,heuristic,Box4,1,13260000.0,13260000.0,21.384956000019884,True,optimal,best_calculation
1604,5,Box8,1,14616000.0,14616000.0,206.07,False,Box8,1,14616000.0,14616000.0,0.2279889999954321,False,heuristic,Box8,1,14616000.0,14616000.0,7.449159000032068,True,optimal,best_calculation
1605,4,Box4,1,13260000.0,13260000.0,200.11,False,Box4,1,13260000.0,13260000.0,0.8827169999676698,False,heuristic,Box4,1,13260000.0,13260000.0,11.171066999963841,True,optimal,best_calculation
1606,6,Box4,1,13260000.0,13260000.0,187.83,False,Box4,1,13260000.0,13260000.0,0.7309949999694254,False,heuristic,Box4,1,13260000.0,13260000.0,18.342376000020977,True,optimal,best_calculation
1607,6,Box4,1,13260000.0,13260000.0,164.4,False,Box4,1,13260000.0,13260000.0,1.96525799998426,False,heuristic,Box4,1,13260000.0,13260000.0,15.15208400002166,True,optimal,best_calculation
1608,7,Box6,1,24752000.0,24752000.0,305.66,False,Box6,1,24752000.0,24752000.0,0.9235409999632793,False,heuristic,Box6,1,24752000.0,24752000.0,19.183972999996968,True,optimal,best_calculation
1609,9,"Box9,Box9",2,85008000.0,42504000.0,419.74,True,"Box9,Box9",2,85008000.0,42504000.0,0.9148290000098314,False,heuristic,"Box6,Box9",2,67256000.0,42504000.0,166.55339300001515,True,optimal,best_calculation
1610,4,Box4,1,13260000.0,13260000.0,207.6,False,Box8,1,14616000.0,14616000.0,1.0896629999592733,False,heuristic,Box4,1,13260000.0,13260000.0,6.911369000022205,True,optimal,best_calculation
1611,3,Box4,1,13260000.0,13260000.0,200.69,False,Box4,1,13260000.0,13260000.0,0.725279999983286,False,heuristic,Box4,1,13260000.0,13260000.0,7.779115000005277,True,optimal,best_calculation
1612,8,Box4,1,13260000.0,13260000.0,186.24,False,Box4,1,13260000.0,13260000.0,0.6642209999654369,False,heuristic,Box4,1,13260000.0,13260000.0,26.689299999986815,True,optimal,best_calculation
1613,6,Box4,1,13260000.0,13260000.0,183.35,False,Box4,1,13260000.0,13260000.0,1.5141119999952934,False,heuristic,Box4,1,13260000.0,13260000.0,23.467216999961238,True,optimal,best_calculation
1614,5,Box8,1,14616000.0,14616000.0,160.3,False,Box8,1,14616000.0,14616000.0,1.1125099999844679,False,heuristic,Box8,1,14616000.0,14616000.0,12.271319000035419,True,optimal,best_calculation
1615,3,Box4,1,13260000.0,13260000.0,197.56,False,Box4,1,13260000.0,13260000.0,0.6810660000269309,False,heuristic,Box4,1,13260000.0,13260000.0,7.905651999976726,True,optimal,best_calculation
1616,3,Box2,1,5278500.0,5278500.0,165.84,False,Box2,1,5278500.0,5278500.0,0.2315039999984947,False,heuristic,Box2,1,5278500.0,5278500.0,4.241356999955315,True,optimal,best_calculation
1617,4,Box2,1,5278500.0,5278500.0,186.05,False,Box2,1,5278500.0,5278500.0,0.2813750000427717,False,heuristic,Box2,1,5278500.0,5278500.0,6.580780999968283,True,optimal,best_calculation
1618,13,Box9,1,42504000.0,42504000.0,193.07,False,Box9,1,42504000.0,42504000.0,2.5730680000037864,False,heuristic,Box9,1,42504000.0,42504000.0,60.69657000000461,True,optimal,best_calculation
1619,8,Box8,1,14616000.0,14616000.0,167.22,False,Box5,1,20774000.0,20774000.0,4.303681999999753,False,heuristic,Box8,1,14616000.0,14616000.0,32.65272300001243,True,optimal,best_calculation
1620,12,Box8,1,14616000.0,14616000.0,187.89,False,Box8,1,14616000.0,14616000.0,10.826253000004726,False,heuristic,Box8,1,14616000.0,14616000.0,63.69479099998898,True,optimal,best_calculation
1621,7,Box8,1,14616000.0,14616000.0,171.26,False,Box8,1,14616000.0,14616000.0,1.1561180000398963,False,heuristic,Box8,1,14616000.0,14616000.0,22.16172800001459,True,optimal,best_calculation
1622,8,Box8,1,14616000.0,14616000.0,170.54,False,Box8,1,14616000.0,14616000.0,1.6665759999909824,False,heuristic,Box8,1,14616000.0,14616000.0,28.733365000050526,True,optimal,best_calculation
1623,12,Box9,1,42504000.0,42504000.0,195.75,False,Box9,1,42504000.0,42504000.0,3.9905639999915365,False,heuristic,Box6,1,24752000.0,24752000.0,55.20033400000557,True,optimal,best_calculation
1624,4,Box4,1,13260000.0,13260000.0,255.05,False,Box4,1,13260000.0,13260000.0,1.2581149999846275,False,heuristic,Box4,1,13260000.0,13260000.0,14.706574000001638,True,optimal,best_calculation
1625,6,"Box9,Box9",2,85008000.0,42504000.0,246.33,False,"Box9,Box9",2,85008000.0,42504000.0,0.8393759999876238,False,heuristic,"Box9,Box9",2,85008000.0,42504000.0,144.8746450000158,True,optimal,best_calculation
1626,4,Box6,1,24752000.0,24752000.0,185.13,False,Box6,1,24752000.0,24752000.0,0.9418319999667801,False,heuristic,Box6,1,24752000.0,24752000.0,14.316584000027888,True,optimal,best_calculation
1627,4,Box2,1,5278500.0,5278500.0,176.94,False,Box2,1,5278500.0,5278500.0,0.3303699999719356,False,heuristic,Box2,1,5278500.0,5278500.0,6.561271999999008,True,optimal,best_calculation
1628,5,Box6,1,24752000.0,24752000.0,194.78,False,Box6,1,24752000.0,24752000.0,1.452536999977383,False,heuristic,Box6,1,24752000.0,24752000.0,21.81937300002801,True,optimal,best_calculation
1629,4,Box9,1,42504000.0,42504000.0,170.42,False,Box9,1,42504000.0,42504000.0,0.21506399997406334,False,heuristic,Box9,1,42504000.0,42504000.0,6.228496000005634,True,optimal,best_calculation
1630,6,Box5,1,20774000.0,20774000.0,401.57,False,Box5,1,20774000.0,20774000.0,0.4614389999915147,False,heuristic,Box5,1,20774000.0,20774000.0,11.505473999989135,True,optimal,best_calculation
1631,8,Box4,1,13260000.0,13260000.0,190.22,False,Box4,1,13260000.0,13260000.0,1.2865599999827282,False,heuristic,Box4,1,13260000.0,13260000.0,28.739544000018213,True,optimal,best_calculation
1632,11,Box5,1,20774000.0,20774000.0,199.78,False,Box5,1,20774000.0,20774000.0,7.340908999992735,False,heuristic,Box5,1,20774000.0,20774000.0,51.17627999999286,True,optimal,best_calculation
1633,6,Box6,1,24752000.0,24752000.0,334.09,False,Box8,1,14616000.0,14616000.0,0.4109319999656691,False,heuristic,Box8,1,14616000.0,14616000.0,15.436457000021164,True,optimal,best_calculation
1634,2,Box4,1,13260000.0,13260000.0,181.68,False,Box4,1,13260000.0,13260000.0,0.46669200003179867,False,heuristic,Box4,1,13260000.0,13260000.0,3.473285999973541,True,optimal,best_calculation
1635,5,Box9,1,42504000.0,42504000.0,164.81,False,Box9,1,42504000.0,42504000.0,0.4939890000059677,False,heuristic,Box9,1,42504000.0,42504000.0,12.565623999989839,True,optimal,best_calculation
1636,4,Box9,1,42504000.0,42504000.0,191.99,False,Box9,1,42504000.0,42504000.0,0.7327459999828534,False,heuristic,Box9,1,42504000.0,42504000.0,13.73229299997547,True,optimal,best_calculation
1637,4,Box4,1,13260000.0,13260000.0,177.3,False,Box4,1,13260000.0,13260000.0,0.29454200000600395,False,heuristic,Box4,1,13260000.0,13260000.0,8.578281000040988,True,optimal,best_calculation
1638,5,Box8,1,14616000.0,14616000.0,172.55,False,Box8,1,14616000.0,14616000.0,0.39012100000945793,False,heuristic,Box8,1,14616000.0,14616000.0,9.888197000009313,True,optimal,best_calculation
1639,5,Box2,1,5278500.0,5278500.0,189.66,False,Box2,1,5278500.0,5278500.0,0.46950099999776285,False,heuristic,Box2,1,5278500.0,5278500.0,11.385556999982782,True,optimal,best_calculation
1640,5,Box2,1,5278500.0,5278500.0,201.01,False,Box2,1,5278500.0,5278500.0,0.37902299999359457,False,heuristic,Box2,1,5278500.0,5278500.0,10.766071000034572,True,optimal,best_calculation
1641,6,Box9,1,42504000.0,42504000.0,397.08,False,Box6,1,24752000.0,24752000.0,0.45741299999235707,False,heuristic,Box6,1,24752000.0,24752000.0,15.18808599996646,True,optimal,best_calculation
1642,9,Box5,1,20774000.0,20774000.0,175.26,False,Box5,1,20774000.0,20774000.0,1.3683889999924759,False,heuristic,Box5,1,20774000.0,20774000.0,31.41530199997078,True,optimal,best_calculation
1643,11,Box9,1,42504000.0,42504000.0,182.77,False,Box9,1,42504000.0,42504000.0,1.3729110000326727,False,heuristic,Box9,1,42504000.0,42504000.0,37.33854400002201,True,optimal,best_calculation
1644,8,Box8,1,14616000.0,14616000.0,200.04,False,Box8,1,14616000.0,14616000.0,3.917362999970919,False,heuristic,Box8,1,14616000.0,14616000.0,30.87970500001802,True,optimal,best_calculation
1645,10,Box4,1,13260000.0,13260000.0,171.6,False,Box4,1,13260000.0,13260000.0,1.4613529999678576,False,heuristic,Box4,1,13260000.0,13260000.0,38.793526000006295,True,optimal,best_calculation
1646,4,Box4,1,13260000.0,13260000.0,255.14,False,Box8,1,14616000.0,14616000.0,1.0305400000447662,False,heuristic,Box4,1,13260000.0,13260000.0,6.3677129999746285,True,optimal,best_calculation
1647,4,Box4,1,13260000.0,13260000.0,196.71,False,Box8,1,14616000.0,14616000.0,0.9710799999993469,False,heuristic,Box4,1,13260000.0,13260000.0,6.327815000020109,True,optimal,best_calculation
1648,2,Box2,1,5278500.0,5278500.0,162.51,False,Box2,1,5278500.0,5278500.0,0.19622600001412138,False,heuristic,Box2,1,5278500.0,5278500.0,2.978552000001855,True,optimal,best_calculation
1649,2,Box4,1,13260000.0,13260000.0,172.22,False,Box4,1,13260000.0,13260000.0,0.16351199997188814,False,heuristic,Box4,1,13260000.0,13260000.0,1.6304530000184059,True,optimal,best_calculation
1650,2,Box2,1,5278500.0,5278500.0,176.44,False,Box2,1,5278500.0,5278500.0,0.17627500000116925,False,heuristic,Box2,1,5278500.0,5278500.0,1.663343000018358,True,optimal,best_calculation
1651,6,Box5,1,20774000.0,20774000.0,314.01,False,Box5,1,20774000.0,20774000.0,1.7486499999677108,False,heuristic,Box8,1,14616000.0,14616000.0,38.9090900000042,True,optimal,best_calculation
1652,8,Box5,1,20774000.0,20774000.0,177.35,False,Box5,1,20774000.0,20774000.0,2.6172019999535223,False,heuristic,Box5,1,20774000.0,20774000.0,1349.826835999977,True,optimal,best_calculation
1653,4,Box4,1,13260000.0,13260000.0,177.86,False,Box4,1,13260000.0,13260000.0,0.3536020000183271,False,heuristic,Box4,1,13260000.0,13260000.0,6.286547000001974,True,optimal,best_calculation
1654,5,Box9,1,42504000.0,42504000.0,172.06,False,Box9,1,42504000.0,42504000.0,0.7266939999794886,False,heuristic,Box9,1,42504000.0,42504000.0,16.88085000000683,True,optimal,best_calculation
1655,7,Box6,1,24752000.0,24752000.0,178.17,False,Box9,1,42504000.0,42504000.0,2.1058849999917584,False,heuristic,Box6,1,24752000.0,24752000.0,21.18292300002622,True,optimal,best_calculation
1656,4,Box4,1,13260000.0,13260000.0,183.02,False,Box4,1,13260000.0,13260000.0,1.1128900000016984,False,heuristic,Box4,1,13260000.0,13260000.0,13.511646999972982,True,optimal,best_calculation
1657,7,Box6,1,24752000.0,24752000.0,176.64,False,Box6,1,24752000.0,24752000.0,1.0530449999919256,False,heuristic,Box6,1,24752000.0,24752000.0,21.52022699999634,True,optimal,best_calculation
1658,6,Box6,1,24752000.0,24752000.0,320.66,False,Box5,1,20774000.0,20774000.0,0.5694970000149624,False,heuristic,Box5,1,20774000.0,20774000.0,18.299269000010554,True,optimal,best_calculation
1659,17,"Box9,Box4",2,55764000.0,42504000.0,432.05,True,"Box9,Box6",2,67256000.0,42504000.0,2.366766000022835,False,heuristic,"Box5,Box9",2,63278000.0,42504000.0,354.0735770000083,True,optimal,best_calculation
1660,4,Box4,1,13260000.0,13260000.0,270.1,False,Box4,1,13260000.0,13260000.0,0.3497019999940676,False,heuristic,Box4,1,13260000.0,13260000.0,8.072542999968846,True,optimal,best_calculation
1661,3,Box5,1,20774000.0,20774000.0,189.62,False,Box5,1,20774000.0,20774000.0,0.2200769999944896,False,heuristic,Box5,1,20774000.0,20774000.0,5.4701789999853645,True,optimal,best_calculation
1662,8,Box6,1,24752000.0,24752000.0,700.24,False,Box6,1,24752000.0,24752000.0,1.1243910000189317,False,heuristic,Box6,1,24752000.0,24752000.0,28.36898900000051,True,optimal,best_calculation
1663,5,Box6,1,24752000.0,24752000.0,185.01,False,Box6,1,24752000.0,24752000.0,1.5178300000115996,False,heuristic,Box6,1,24752000.0,24752000.0,23.270638999974835,True,optimal,best_calculation
1664,7,Box9,1,42504000.0,42504000.0,298.5,False,Box9,1,42504000.0,42504000.0,0.9215619999736191,False,heuristic,Box9,1,42504000.0,42504000.0,18.47692100000131,True,optimal,best_calculation
1665,4,Box2,1,5278500.0,5278500.0,191.2,False,Box2,1,5278500.0,5278500.0,0.29351900002438924,False,heuristic,Box2,1,5278500.0,5278500.0,6.88528400002042,True,optimal,best_calculation
1666,7,Box5,1,20774000.0,20774000.0,185.46,False,Box5,1,20774000.0,20774000.0,0.9799519999660333,False,heuristic,Box5,1,20774000.0,20774000.0,23.650564999968537,True,optimal,best_calculation
1667,6,Box8,1,14616000.0,14616000.0,277.77,False,Box8,1,14616000.0,14616000.0,1.3627330000076654,False,heuristic,Box8,1,14616000.0,14616000.0,14.206688000001577,True,optimal,best_calculation
1668,11,Box8,1,14616000.0,14616000.0,171.26,False,Box8,1,14616000.0,14616000.0,2.3584240000218415,False,heuristic,Box8,1,14616000.0,14616000.0,49.61418800002093,True,optimal,best_calculation
1669,8,Box5,1,20774000.0,20774000.0,174.82,False,Box5,1,20774000.0,20774000.0,0.7581090000030599,False,heuristic,Box5,1,20774000.0,20774000.0,23.287746000050902,True,optimal,best_calculation
1670,1,Box2,1,5278500.0,5278500.0,153.76,False,Box2,1,5278500.0,5278500.0,0.13891500003637702,False,heuristic,Box2,1,5278500.0,5278500.0,1.037398999983452,True,optimal,best_calculation
1671,12,Box8,1,14616000.0,14616000.0,185.33,False,Box8,1,14616000.0,14616000.0,2.733642000009695,False,heuristic,Box8,1,14616000.0,14616000.0,60.63977899998463,True,optimal,best_calculation
1672,6,Box8,1,14616000.0,14616000.0,171.92,False,Box8,1,14616000.0,14616000.0,1.9924829999808935,False,heuristic,Box8,1,14616000.0,14616000.0,18.19067299999233,True,optimal,best_calculation
1673,7,Box4,1,13260000.0,13260000.0,161.52,False,Box4,1,13260000.0,13260000.0,0.7469900000387497,False,heuristic,Box4,1,13260000.0,13260000.0,18.0396790000259,True,optimal,best_calculation
1674,5,Box4,1,13260000.0,13260000.0,182.41,False,Box4,1,13260000.0,13260000.0,0.4245000000082655,False,heuristic,Box4,1,13260000.0,13260000.0,11.16602199999761,True,optimal,best_calculation
1675,6,Box4,1,13260000.0,13260000.0,166.96,False,Box4,1,13260000.0,13260000.0,1.9641879999880985,False,heuristic,Box4,1,13260000.0,13260000.0,24.119432999953005,True,optimal,best_calculation
1676,8,Box8,1,14616000.0,14616000.0,193.51,False,Box8,1,14616000.0,14616000.0,0.9893129999909434,False,heuristic,Box8,1,14616000.0,14616000.0,24.9046259999659,True,optimal,best_calculation
1677,7,Box9,1,42504000.0,42504000.0,315.38,False,Box9,1,42504000.0,42504000.0,0.802164000049288,False,heuristic,Box9,1,42504000.0,42504000.0,15.465213000027234,True,optimal,best_calculation
1678,7,"Box9,Box5",2,63278000.0,42504000.0,270.42,False,"Box9,Box5",2,63278000.0,42504000.0,1.1610490000180107,False,heuristic,"Box5,Box9",2,63278000.0,42504000.0,219.4465410000248,True,optimal,best_calculation
1679,10,Box9,1,42504000.0,42504000.0,182.29,False,Box9,1,42504000.0,42504000.0,2.389196000024185,False,heuristic,Box9,1,42504000.0,42504000.0,40.03197299999783,True,optimal,best_calculation
1680,9,Box9,1,42504000.0,42504000.0,194.33,False,Box9,1,42504000.0,42504000.0,1.232776999984253,False,heuristic,Box9,1,42504000.0,42504000.0,32.79491500001086,True,optimal,best_calculation
1681,10,Box4,1,13260000.0,13260000.0,176.73,False,Box4,1,13260000.0,13260000.0,1.9416100000171355,False,heuristic,Box4,1,13260000.0,13260000.0,38.9067670000145,True,optimal,best_calculation
1682,4,Box4,1,13260000.0,13260000.0,153.64,False,Box8,1,14616000.0,14616000.0,0.978137999993578,False,heuristic,Box4,1,13260000.0,13260000.0,6.736650999982885,True,optimal,best_calculation
1683,2,Box8,1,14616000.0,14616000.0,170.47,False,Box8,1,14616000.0,14616000.0,0.08121100000835213,False,heuristic,Box8,1,14616000.0,14616000.0,1.6377980000470416,True,optimal,best_calculation
1684,10,Box9,1,42504000.0,42504000.0,165.37,False,Box9,1,42504000.0,42504000.0,1.958123000008527,False,heuristic,Box9,1,42504000.0,42504000.0,37.834078000003046,True,optimal,best_calculation
1685,5,"Box9,Box9",2,85008000.0,42504000.0,271.53,False,"Box9,Box5,Box5",3,84052000.0,42504000.0,0.9980680000012399,False,heuristic,"Box9,Box9",2,85008000.0,42504000.0,164.16091399997867,True,optimal,best_calculation
1686,2,Box5,1,20774000.0,20774000.0,189.02,False,Box5,1,20774000.0,20774000.0,0.45293999994555634,False,heuristic,Box5,1,20774000.0,20774000.0,4.414967000002434,True,optimal,best_calculation
1687,6,Box8,1,14616000.0,14616000.0,189.89,False,Box8,1,14616000.0,14616000.0,0.6331259999683425,False,heuristic,Box8,1,14616000.0,14616000.0,14.21231000000489,True,optimal,best_calculation
1688,7,Box4,1,13260000.0,13260000.0,190.51,False,Box4,1,13260000.0,13260000.0,2.4579100000323706,False,heuristic,Box4,1,13260000.0,13260000.0,93.09651799998164,True,optimal,best_calculation
1689,10,Box9,1,42504000.0,42504000.0,301.35,False,Box9,1,42504000.0,42504000.0,2.3614570000063395,False,heuristic,Box9,1,42504000.0,42504000.0,37.067084999989675,True,optimal,best_calculation
1690,10,Box8,1,14616000.0,14616000.0,167.88,False,Box8,1,14616000.0,14616000.0,5.430966999995235,False,heuristic,Box4,1,13260000.0,13260000.0,66.94569400002592,True,optimal,best_calculation
1691,10,Box8,1,14616000.0,14616000.0,179.05,False,Box8,1,14616000.0,14616000.0,4.912863000015477,False,heuristic,Box8,1,14616000.0,14616000.0,40.16153300000269,True,optimal,best_calculation
1692,10,Box6,1,24752000.0,24752000.0,210.11,False,Box6,1,24752000.0,24752000.0,1.5283719999956702,False,heuristic,Box6,1,24752000.0,24752000.0,37.252641000009135,True,optimal,best_calculation
1693,10,Box9,1,42504000.0,42504000.0,201.99,False,Box9,1,42504000.0,42504000.0,1.7287489999944228,False,heuristic,Box9,1,42504000.0,42504000.0,38.676843999951416,True,optimal,best_calculation
1694,5,Box4,1,13260000.0,13260000.0,189.84,False,Box4,1,13260000.0,13260000.0,0.4592119999529132,False,heuristic,Box4,1,13260000.0,13260000.0,11.474392000025091,True,optimal,best_calculation
1695,2,Box2,1,5278500.0,5278500.0,232.73,False,Box2,1,5278500.0,5278500.0,0.11817299997574082,False,heuristic,Box2,1,5278500.0,5278500.0,2.1246940000310133,True,optimal,best_calculation
1696,5,Box8,1,14616000.0,14616000.0,501.94,False,Box5,1,20774000.0,20774000.0,1.3534149999827605,False,heuristic,Box8,1,14616000.0,14616000.0,14.254674000028444,True,optimal,best_calculation
1697,6,Box9,1,42504000.0,42504000.0,191.81,False,Box9,1,42504000.0,42504000.0,1.3690640000163512,False,heuristic,Box6,1,24752000.0,24752000.0,25.235697999960394,True,optimal,best_calculation
1698,8,Box5,1,20774000.0,20774000.0,244.75,False,Box9,1,42504000.0,42504000.0,2.7047510000102193,False,heuristic,Box5,1,20774000.0,20774000.0,26.106581999954415,True,optimal,best_calculation
1699,5,Box8,1,14616000.0,14616000.0,184.27,False,Box8,1,14616000.0,14616000.0,0.32763900003374147,False,heuristic,Box8,1,14616000.0,14616000.0,9.0893050000318,True,optimal,best_calculation
1700,13,Box9,1,42504000.0,42504000.0,263.21,False,Box9,1,42504000.0,42504000.0,3.008432999990873,False,heuristic,Box9,1,42504000.0,42504000.0,58.73387299999422,True,optimal,best_calculation
1701,10,Box8,1,14616000.0,14616000.0,312.48,False,"Box4,Box8",2,27876000.0,14616000.0,3.0870530000015606,False,heuristic,Box8,1,14616000.0,14616000.0,47.021324000013465,True,optimal,best_calculation
1702,6,Box6,1,24752000.0,24752000.0,330.8,False,"Box8,Box2,Box2",3,25173000.0,14616000.0,1.8614300000194817,False,heuristic,Box5,1,20774000.0,20774000.0,43.53476099998943,True,optimal,best_calculation
1703,4,Box4,1,13260000.0,13260000.0,212.94,False,Box8,1,14616000.0,14616000.0,0.9878089999801887,False,heuristic,Box4,1,13260000.0,13260000.0,6.289829000024838,True,optimal,best_calculation
1704,3,Box2,1,5278500.0,5278500.0,201.3,False,Box2,1,5278500.0,5278500.0,0.1961629999982506,False,heuristic,Box2,1,5278500.0,5278500.0,3.326266999977179,True,optimal,best_calculation
1705,5,Box4,1,13260000.0,13260000.0,176.66,False,Box4,1,13260000.0,13260000.0,0.3020199999923534,False,heuristic,Box4,1,13260000.0,13260000.0,9.817729000019426,True,optimal,best_calculation
1706,5,Box6,1,24752000.0,24752000.0,182.92,False,Box6,1,24752000.0,24752000.0,1.4368049999688992,False,heuristic,Box6,1,24752000.0,24752000.0,18.0866480000077,True,optimal,best_calculation
1707,6,Box4,1,13260000.0,13260000.0,188.07,False,Box4,1,13260000.0,13260000.0,0.4319180000038614,False,heuristic,Box4,1,13260000.0,13260000.0,17.40904300004331,True,optimal,best_calculation
1708,9,Box5,1,20774000.0,20774000.0,164.47,False,Box5,1,20774000.0,20774000.0,0.9466490000136218,False,heuristic,Box5,1,20774000.0,20774000.0,24.11222699998916,True,optimal,best_calculation
1709,3,Box4,1,13260000.0,13260000.0,190.59,False,Box4,1,13260000.0,13260000.0,0.21651199995176285,False,heuristic,Box4,1,13260000.0,13260000.0,5.709212999988722,True,optimal,best_calculation
1710,5,Box2,1,5278500.0,5278500.0,199.7,False,Box2,1,5278500.0,5278500.0,0.4784249999829626,False,heuristic,Box2,1,5278500.0,5278500.0,10.346378999997796,True,optimal,best_calculation
1711,6,Box4,1,13260000.0,13260000.0,191.56,False,Box4,1,13260000.0,13260000.0,0.47863899999356363,False,heuristic,Box4,1,13260000.0,13260000.0,17.63008500000751,True,optimal,best_calculation
1712,9,Box5,1,20774000.0,20774000.0,168.37,False,Box5,1,20774000.0,20774000.0,1.202368999997816,False,heuristic,Box5,1,20774000.0,20774000.0,29.93093000003455,True,optimal,best_calculation
1713,6,Box4,1,13260000.0,13260000.0,195.57,False,Box4,1,13260000.0,13260000.0,0.5785450000530545,False,heuristic,Box4,1,13260000.0,13260000.0,12.81679900000654,True,optimal,best_calculation
1714,5,Box5,1,20774000.0,20774000.0,224.06,False,Box6,1,24752000.0,24752000.0,1.1212449999788987,False,heuristic,Box5,1,20774000.0,20774000.0,9.626830999991398,True,optimal,best_calculation
1715,8,Box9,1,42504000.0,42504000.0,316.93,False,Box9,1,42504000.0,42504000.0,1.1431890000039857,False,heuristic,Box9,1,42504000.0,42504000.0,24.70002199999044,True,optimal,best_calculation
1716,13,Box5,1,20774000.0,20774000.0,173.99,False,Box5,1,20774000.0,20774000.0,11.552531999996063,False,heuristic,Box5,1,20774000.0,20774000.0,72.57927699998845,True,optimal,best_calculation
1717,4,Box4,1,13260000.0,13260000.0,188.15,False,Box8,1,14616000.0,14616000.0,0.9701419999714744,False,heuristic,Box4,1,13260000.0,13260000.0,6.6937849999817445,True,optimal,best_calculation
1718,4,Box4,1,13260000.0,13260000.0,175.24,False,Box8,1,14616000.0,14616000.0,0.9860310000249228,False,heuristic,Box4,1,13260000.0,13260000.0,6.093660000033196,True,optimal,best_calculation
1719,4,Box4,1,13260000.0,13260000.0,170.02,False,Box8,1,14616000.0,14616000.0,0.996206000024813,False,heuristic,Box4,1,13260000.0,13260000.0,6.028807000006964,True,optimal,best_calculation
1720,1,Box2,1,5278500.0,5278500.0,168.58,False,Box2,1,5278500.0,5278500.0,0.09237799997663387,False,heuristic,Box2,1,5278500.0,5278500.0,0.7398380000154248,True,optimal,best_calculation
1721,6,Box9,1,42504000.0,42504000.0,296.09,False,Box9,1,42504000.0,42504000.0,1.2897440000187999,False,heuristic,Box6,1,24752000.0,24752000.0,15.4730999999515,True,optimal,best_calculation
1722,4,Box4,1,13260000.0,13260000.0,197.39,False,Box4,1,13260000.0,13260000.0,0.9694420000414539,False,heuristic,Box4,1,13260000.0,13260000.0,11.96594800001094,True,optimal,best_calculation
1723,6,Box4,1,13260000.0,13260000.0,330.54,False,Box4,1,13260000.0,13260000.0,2.376684000012119,False,heuristic,Box2,1,5278500.0,5278500.0,19.424382000011065,True,optimal,best_calculation
1724,6,Box9,1,42504000.0,42504000.0,173.7,False,"Box5,Box4",2,34034000.0,20774000.0,1.0564699999804361,False,heuristic,Box9,1,42504000.0,42504000.0,35.234500999990814,True,optimal,best_calculation
1725,6,Box6,1,24752000.0,24752000.0,178.1,False,Box6,1,24752000.0,24752000.0,1.5823800000021038,False,heuristic,Box6,1,24752000.0,24752000.0,34.00135599997611,True,optimal,best_calculation
1726,5,Box2,1,5278500.0,5278500.0,203.06,False,Box2,1,5278500.0,5278500.0,0.430305000008957,False,heuristic,Box2,1,5278500.0,5278500.0,9.960460000002058,True,optimal,best_calculation
1727,4,Box4,1,13260000.0,13260000.0,192.49,False,Box4,1,13260000.0,13260000.0,1.0615329999836831,False,heuristic,Box4,1,13260000.0,13260000.0,12.181843000007575,True,optimal,best_calculation
1728,10,Box9,1,42504000.0,42504000.0,167.91,False,Box9,1,42504000.0,42504000.0,1.4893819999883817,False,heuristic,Box9,1,42504000.0,42504000.0,33.399965000000975,True,optimal,best_calculation
1729,5,Box2,1,5278500.0,5278500.0,207.81,False,Box2,1,5278500.0,5278500.0,0.36464299995486726,False,heuristic,Box2,1,5278500.0,5278500.0,9.971536000023207,True,optimal,best_calculation
1730,6,Box4,1,13260000.0,13260000.0,326.75,False,Box4,1,13260000.0,13260000.0,0.4657470000211106,False,heuristic,Box4,1,13260000.0,13260000.0,15.32837800004927,True,optimal,best_calculation
1731,6,Box8,1,14616000.0,14616000.0,201.91,False,Box8,1,14616000.0,14616000.0,2.3440069999765,False,heuristic,Box8,1,14616000.0,14616000.0,23.367215999996915,True,optimal,best_calculation
1732,10,Box8,1,14616000.0,14616000.0,208.91,False,Box5,1,20774000.0,20774000.0,5.090895000023465,False,heuristic,Box8,1,14616000.0,14616000.0,40.9296909999739,True,optimal,best_calculation
1733,6,Box2,1,5278500.0,5278500.0,163.63,False,Box2,1,5278500.0,5278500.0,0.5166250000456785,False,heuristic,Box2,1,5278500.0,5278500.0,15.210577000004832,True,optimal,best_calculation
1734,3,Box4,1,13260000.0,13260000.0,184.31,False,Box8,1,14616000.0,14616000.0,0.7227689999922404,False,heuristic,Box4,1,13260000.0,13260000.0,3.834724000000733,True,optimal,best_calculation
1735,6,Box6,1,24752000.0,24752000.0,168.98,False,Box6,1,24752000.0,24752000.0,1.532660999998825,False,heuristic,Box6,1,24752000.0,24752000.0,21.909504999996443,True,optimal,best_calculation
1736,9,Box5,1,20774000.0,20774000.0,183.4,False,Box5,1,20774000.0,20774000.0,1.3215729999842551,False,heuristic,Box5,1,20774000.0,20774000.0,29.53723100000616,True,optimal,best_calculation
1737,3,Box4,1,13260000.0,13260000.0,182.36,False,Box4,1,13260000.0,13260000.0,0.22582100001500294,False,heuristic,Box4,1,13260000.0,13260000.0,4.796380000016143,True,optimal,best_calculation
1738,4,Box4,1,13260000.0,13260000.0,186.97,False,Box4,1,13260000.0,13260000.0,1.084257999991678,False,heuristic,Box4,1,13260000.0,13260000.0,13.10346899998649,True,optimal,best_calculation
1739,8,"Box9,Box9",2,85008000.0,42504000.0,215.19,False,"Box9,Box9",2,85008000.0,42504000.0,0.8261799999900177,False,heuristic,"Box9,Box9",2,85008000.0,42504000.0,127.55739899995433,True,optimal,best_calculation
1740,6,Box4,1,13260000.0,13260000.0,186.1,False,Box4,1,13260000.0,13260000.0,2.065029999982926,False,heuristic,Box4,1,13260000.0,13260000.0,29.51574299999038,True,optimal,best_calculation
1741,5,Box8,1,14616000.0,14616000.0,208.84,False,Box8,1,14616000.0,14616000.0,0.33864299996366753,False,heuristic,Box8,1,14616000.0,14616000.0,11.442173000034472,True,optimal,best_calculation
1742,4,Box4,1,13260000.0,13260000.0,191.69,False,Box8,1,14616000.0,14616000.0,0.9605949999809127,False,heuristic,Box4,1,13260000.0,13260000.0,5.914838999956373,True,optimal,best_calculation
1743,4,"Box9,Box5",2,63278000.0,42504000.0,254.31,False,"Box9,Box5",2,63278000.0,42504000.0,0.5688650000479356,False,heuristic,"Box5,Box9",2,63278000.0,42504000.0,88.24212000001808,True,optimal,best_calculation
1744,3,Box2,1,5278500.0,5278500.0,187.93,False,Box4,1,13260000.0,13260000.0,0.9438210000212166,False,heuristic,Box2,1,5278500.0,5278500.0,4.6730969999657646,True,optimal,best_calculation
1745,10,Box2,1,5278500.0,5278500.0,179.13,False,Box2,1,5278500.0,5278500.0,1.240338000002339,False,heuristic,Box2,1,5278500.0,5278500.0,35.45234000000619,True,optimal,best_calculation
1746,4,Box4,1,13260000.0,13260000.0,201.68,False,Box4,1,13260000.0,13260000.0,0.8236209999950006,False,heuristic,Box4,1,13260000.0,13260000.0,11.574375999998665,True,optimal,best_calculation
1747,2,Box4,1,13260000.0,13260000.0,190.52,False,Box4,1,13260000.0,13260000.0,0.4980069999760417,False,heuristic,Box4,1,13260000.0,13260000.0,4.1838230000053045,True,optimal,best_calculation
1748,3,Box2,1,5278500.0,5278500.0,189.32,False,Box2,1,5278500.0,5278500.0,0.22299099998690508,False,heuristic,Box2,1,5278500.0,5278500.0,4.323248000048352,True,optimal,best_calculation
1749,6,"Box9,Box8",2,57120000.0,42504000.0,250.41,False,"Box9,Box8",2,57120000.0,42504000.0,0.6650739999827238,False,heuristic,"Box8,Box9",2,57120000.0,42504000.0,155.18422400003828,True,optimal,best_calculation
1750,9,Box4,1,13260000.0,13260000.0,168.54,False,Box8,1,14616000.0,14616000.0,4.751816000009512,False,heuristic,Box4,1,13260000.0,13260000.0,37.19158799998468,True,optimal,best_calculation
1751,5,Box4,1,13260000.0,13260000.0,186.4,False,Box4,1,13260000.0,13260000.0,0.48540699998511627,False,heuristic,Box4,1,13260000.0,13260000.0,14.290368999979819,True,optimal,best_calculation
1752,7,Box8,1,14616000.0,14616000.0,186.52,False,Box8,1,14616000.0,14616000.0,0.7211690000303861,False,heuristic,Box8,1,14616000.0,14616000.0,22.04463800001122,True,optimal,best_calculation
1753,7,Box4,1,13260000.0,13260000.0,170.08,False,Box4,1,13260000.0,13260000.0,0.9176039999942986,False,heuristic,Box4,1,13260000.0,13260000.0,21.983345999956327,True,optimal,best_calculation
1754,8,Box6,1,24752000.0,24752000.0,325.5,False,Box6,1,24752000.0,24752000.0,1.2352779999673658,False,heuristic,Box6,1,24752000.0,24752000.0,23.740153000005648,True,optimal,best_calculation
1755,9,Box8,1,14616000.0,14616000.0,171.82,False,Box8,1,14616000.0,14616000.0,6.546659999969506,False,heuristic,Box8,1,14616000.0,14616000.0,42.08010799999329,True,optimal,best_calculation
1756,9,Box9,1,42504000.0,42504000.0,204.76,False,Box9,1,42504000.0,42504000.0,1.3174919999983103,False,heuristic,Box9,1,42504000.0,42504000.0,31.915656999956354,True,optimal,best_calculation
1757,7,Box8,1,14616000.0,14616000.0,174.25,False,Box8,1,14616000.0,14616000.0,2.9601370000023053,False,heuristic,Box8,1,14616000.0,14616000.0,22.90651099997376,True,optimal,best_calculation
1758,6,Box5,1,20774000.0,20774000.0,178.72,False,Box5,1,20774000.0,20774000.0,1.8943759999956455,False,heuristic,Box5,1,20774000.0,20774000.0,26.89533299997038,True,optimal,best_calculation
1759,7,Box9,1,42504000.0,42504000.0,304.41,False,Box9,1,42504000.0,42504000.0,1.1565990000121928,False,heuristic,Box9,1,42504000.0,42504000.0,20.051840000007815,True,optimal,best_calculation
1760,7,Box4,1,13260000.0,13260000.0,187.57,False,Box4,1,13260000.0,13260000.0,0.8426499999814041,False,heuristic,Box4,1,13260000.0,13260000.0,19.037702999980866,True,optimal,best_calculation
1761,2,Box2,1,5278500.0,5278500.0,186.22,False,Box2,1,5278500.0,5278500.0,0.13983399998096502,False,heuristic,Box2,1,5278500.0,5278500.0,1.9594559999518424,True,optimal,best_calculation
1762,6,Box8,1,14616000.0,14616000.0,177.55,False,Box8,1,14616000.0,14616000.0,0.4966600000102517,False,heuristic,Box8,1,14616000.0,14616000.0,15.101103000006333,True,optimal,best_calculation
1763,10,Box8,1,14616000.0,14616000.0,179.61,False,Box8,1,14616000.0,14616000.0,1.1129949999713062,False,heuristic,Box8,1,14616000.0,14616000.0,40.889047000007395,True,optimal,best_calculation
1764,13,Box9,1,42504000.0,42504000.0,471.13,False,Box9,1,42504000.0,42504000.0,2.6390159999891694,False,heuristic,Box9,1,42504000.0,42504000.0,67.0025569999666,True,optimal,best_calculation
1765,11,Box4,1,13260000.0,13260000.0,173.38,False,Box4,1,13260000.0,13260000.0,0.9406149999904301,False,heuristic,Box4,1,13260000.0,13260000.0,36.19277399997145,True,optimal,best_calculation
1766,5,Box4,1,13260000.0,13260000.0,187.52,False,Box4,1,13260000.0,13260000.0,1.4391460000524603,False,heuristic,Box4,1,13260000.0,13260000.0,18.46023799998875,True,optimal,best_calculation
1767,6,Box8,1,14616000.0,14616000.0,193.15,False,Box5,1,20774000.0,20774000.0,1.3304189999985283,False,heuristic,Box8,1,14616000.0,14616000.0,15.319395999995322,True,optimal,best_calculation
1768,2,Box5,1,20774000.0,20774000.0,165.44,False,Box5,1,20774000.0,20774000.0,0.3964350000273953,False,heuristic,Box5,1,20774000.0,20774000.0,3.602897000007488,True,optimal,best_calculation
1769,4,Box2,1,5278500.0,5278500.0,201.26,False,Box2,1,5278500.0,5278500.0,0.30565399998749854,False,heuristic,Box2,1,5278500.0,5278500.0,6.289731999970627,True,optimal,best_calculation
1770,6,Box8,1,14616000.0,14616000.0,178.42,False,Box8,1,14616000.0,14616000.0,0.4330390000291118,False,heuristic,Box8,1,14616000.0,14616000.0,13.663192000024083,True,optimal,best_calculation
1771,7,Box5,1,20774000.0,20774000.0,168.54,False,Box5,1,20774000.0,20774000.0,2.2324400000002242,False,heuristic,Box8,1,14616000.0,14616000.0,25.51468600000817,True,optimal,best_calculation
1772,5,Box8,1,14616000.0,14616000.0,185.93,False,Box8,1,14616000.0,14616000.0,1.697857000010572,False,heuristic,Box8,1,14616000.0,14616000.0,11.523090000025604,True,optimal,best_calculation
1773,11,Box9,1,42504000.0,42504000.0,323.98,False,Box9,1,42504000.0,42504000.0,2.258202000007259,False,heuristic,Box9,1,42504000.0,42504000.0,44.96861799998442,True,optimal,best_calculation
1774,8,Box8,1,14616000.0,14616000.0,161.43,False,Box8,1,14616000.0,14616000.0,0.8417760000156704,False,heuristic,Box8,1,14616000.0,14616000.0,30.116333000023587,True,optimal,best_calculation
1775,6,Box4,1,13260000.0,13260000.0,170.15,False,Box2,1,5278500.0,5278500.0,0.4463380000174766,False,heuristic,Box2,1,5278500.0,5278500.0,13.277498000036303,True,optimal,best_calculation
1776,6,Box5,1,20774000.0,20774000.0,162.56,False,Box5,1,20774000.0,20774000.0,0.4748000000063257,False,heuristic,Box5,1,20774000.0,20774000.0,13.020946999972693,True,optimal,best_calculation
1777,9,Box9,1,42504000.0,42504000.0,193.08,False,Box9,1,42504000.0,42504000.0,1.5108569999711108,False,heuristic,Box9,1,42504000.0,42504000.0,31.290884999975788,True,optimal,best_calculation
1778,6,"Box9,Box9,Box9",3,127512000.0,42504000.0,298.67,False,"Box6,Box9,Box6,Box5,Box5",5,133556000.0,42504000.0,1.2279609999836794,False,heuristic,"Box9,Box9,Box9",3,127512000.0,42504000.0,1253.3070690000159,True,optimal,best_calculation
1779,5,"Box9,Box5",2,63278000.0,42504000.0,253.7,False,"Box9,Box5",2,63278000.0,42504000.0,0.6501999999954933,False,heuristic,"Box5,Box9",2,63278000.0,42504000.0,139.47225200001867,True,optimal,best_calculation
1780,5,Box2,1,5278500.0,5278500.0,210.07,False,Box2,1,5278500.0,5278500.0,0.38844300001983356,False,heuristic,Box2,1,5278500.0,5278500.0,9.751659000016843,True,optimal,best_calculation
1781,12,Box4,1,13260000.0,13260000.0,191.12,False,Box4,1,13260000.0,13260000.0,2.7722640000433785,False,heuristic,Box4,1,13260000.0,13260000.0,51.617378999992525,True,optimal,best_calculation
1782,2,Box2,1,5278500.0,5278500.0,200.35,False,Box2,1,5278500.0,5278500.0,0.17545899999049652,False,heuristic,Box2,1,5278500.0,5278500.0,3.1993430000056833,True,optimal,best_calculation
1783,6,Box4,1,13260000.0,13260000.0,195.09,False,Box4,1,13260000.0,13260000.0,1.659823000011329,False,heuristic,Box4,1,13260000.0,13260000.0,25.528822000012497,True,optimal,best_calculation
1784,5,Box8,1,14616000.0,14616000.0,169.53,False,Box8,1,14616000.0,14616000.0,0.5737669999916761,False,heuristic,Box8,1,14616000.0,14616000.0,12.171292000004996,True,optimal,best_calculation
1785,12,Box5,1,20774000.0,20774000.0,340.78,False,Box5,1,20774000.0,20774000.0,2.461217000018223,False,heuristic,Box5,1,20774000.0,20774000.0,60.10538599997517,True,optimal,best_calculation
1786,7,Box8,1,14616000.0,14616000.0,178.03,False,Box8,1,14616000.0,14616000.0,0.9051709999994273,False,heuristic,Box8,1,14616000.0,14616000.0,19.730100999993283,True,optimal,best_calculation
1787,9,Box8,1,14616000.0,14616000.0,186.05,False,Box8,1,14616000.0,14616000.0,5.517103999977735,False,heuristic,Box8,1,14616000.0,14616000.0,40.8186619999924,True,optimal,best_calculation
1788,2,Box2,1,5278500.0,5278500.0,206.65,False,Box2,1,5278500.0,5278500.0,0.15989100000979306,False,heuristic,Box2,1,5278500.0,5278500.0,1.8272720000140907,True,optimal,best_calculation
1789,4,Box2,1,5278500.0,5278500.0,176.6,False,Box2,1,5278500.0,5278500.0,0.30063399998425666,False,heuristic,Box2,1,5278500.0,5278500.0,6.435354000018378,True,optimal,best_calculation
1790,5,Box2,1,5278500.0,5278500.0,190.62,False,Box4,1,13260000.0,13260000.0,1.4865559999748257,False,heuristic,Box2,1,5278500.0,5278500.0,10.029427000006308,True,optimal,best_calculation
1791,5,Box2,1,5278500.0,5278500.0,174.22,False,Box2,1,5278500.0,5278500.0,0.3043410000032054,False,heuristic,Box2,1,5278500.0,5278500.0,9.072304999961034,True,optimal,best_calculation
1792,7,Box5,1,20774000.0,20774000.0,305.15,False,Box5,1,20774000.0,20774000.0,0.8954820000326436,False,heuristic,Box5,1,20774000.0,20774000.0,21.15328099995395,True,optimal,best_calculation
1793,6,Box6,1,24752000.0,24752000.0,201.85,False,Box9,1,42504000.0,42504000.0,1.766666999969857,False,heuristic,Box6,1,24752000.0,24752000.0,23.48846099999946,True,optimal,best_calculation
1794,4,Box8,1,14616000.0,14616000.0,209.88,False,Box8,1,14616000.0,14616000.0,0.42951300002869175,False,heuristic,Box8,1,14616000.0,14616000.0,8.279780000009396,True,optimal,best_calculation
1795,13,Box5,1,20774000.0,20774000.0,348.87,False,Box5,1,20774000.0,20774000.0,3.0843019999906574,False,heuristic,Box5,1,20774000.0,20774000.0,62.84856099995295,True,optimal,best_calculation
1796,2,Box2,1,5278500.0,5278500.0,197.43,False,Box2,1,5278500.0,5278500.0,0.13751900002034745,False,heuristic,Box2,1,5278500.0,5278500.0,2.39876099999492,True,optimal,best_calculation
1797,3,Box2,1,5278500.0,5278500.0,482.5,False,Box2,1,5278500.0,5278500.0,0.26861899999630623,False,heuristic,Box2,1,5278500.0,5278500.0,4.898663000005854,True,optimal,best_calculation
1798,4,Box4,1,13260000.0,13260000.0,199.83,False,Box4,1,13260000.0,13260000.0,0.2564090000305441,False,heuristic,Box4,1,13260000.0,13260000.0,6.936970999959158,True,optimal,best_calculation
1799,6,Box6,1,24752000.0,24752000.0,321.68,False,Box8,1,14616000.0,14616000.0,0.35959600000978753,False,heuristic,Box8,1,14616000.0,14616000.0,12.74540800000068,True,optimal,best_calculation
1800,1,Box4,1,13260000.0,13260000.0,165.02,False,Box4,1,13260000.0,13260000.0,0.07798299998285074,False,heuristic,Box4,1,13260000.0,13260000.0,0.6340420000015001,True,optimal,best_calculation
1801,4,Box2,1,5278500.0,5278500.0,173.36,False,Box2,1,5278500.0,5278500.0,0.2626289999625442,False,heuristic,Box2,1,5278500.0,5278500.0,6.986565000033806,True,optimal,best_calculation
1802,5,Box4,1,13260000.0,13260000.0,192.36,False,Box4,1,13260000.0,13260000.0,1.3919230000283278,False,heuristic,Box4,1,13260000.0,13260000.0,21.54515900002707,True,optimal,best_calculation
1803,6,Box8,1,14616000.0,14616000.0,174.04,False,Box5,1,20774000.0,20774000.0,2.520376000006763,False,heuristic,Box8,1,14616000.0,14616000.0,19.656670999950165,True,optimal,best_calculation
1804,5,Box8,1,14616000.0,14616000.0,186.0,False,Box8,1,14616000.0,14616000.0,0.5254719999925328,False,heuristic,Box8,1,14616000.0,14616000.0,11.357755000005909,True,optimal,best_calculation
1805,6,Box8,1,14616000.0,14616000.0,176.11,False,Box8,1,14616000.0,14616000.0,0.6955470000207242,False,heuristic,Box8,1,14616000.0,14616000.0,15.14779200005023,True,optimal,best_calculation
1806,7,Box9,1,42504000.0,42504000.0,183.39,False,Box9,1,42504000.0,42504000.0,1.3619590000075732,False,heuristic,Box6,1,24752000.0,24752000.0,20.778923000023042,True,optimal,best_calculation
1807,10,Box9,1,42504000.0,42504000.0,184.64,False,Box9,1,42504000.0,42504000.0,1.3919909999913216,False,heuristic,Box9,1,42504000.0,42504000.0,39.25003299997343,True,optimal,best_calculation
1808,10,Box9,1,42504000.0,42504000.0,190.63,False,Box9,1,42504000.0,42504000.0,1.3587390000111554,False,heuristic,Box9,1,42504000.0,42504000.0,33.92972400001781,True,optimal,best_calculation
1809,8,Box5,1,20774000.0,20774000.0,202.97,False,Box6,1,24752000.0,24752000.0,2.1672749999765983,False,heuristic,Box8,1,14616000.0,14616000.0,29.18911800003343,True,optimal,best_calculation
1810,4,Box6,1,24752000.0,24752000.0,158.98,False,Box6,1,24752000.0,24752000.0,0.9288399999718422,False,heuristic,Box6,1,24752000.0,24752000.0,13.145754000049692,True,optimal,best_calculation
1811,3,Box2,1,5278500.0,5278500.0,211.32,False,Box2,1,5278500.0,5278500.0,0.2664719999643239,False,heuristic,Box2,1,5278500.0,5278500.0,4.893437999953676,True,optimal,best_calculation
1812,4,Box2,1,5278500.0,5278500.0,196.34,False,Box2,1,5278500.0,5278500.0,0.2623190000008435,False,heuristic,Box2,1,5278500.0,5278500.0,6.47303099998453,True,optimal,best_calculation
1813,5,Box8,1,14616000.0,14616000.0,211.24,False,Box8,1,14616000.0,14616000.0,1.3424239999721976,False,heuristic,Box8,1,14616000.0,14616000.0,13.621527999987393,True,optimal,best_calculation
1814,4,Box6,1,24752000.0,24752000.0,190.55,False,Box6,1,24752000.0,24752000.0,0.9505539999850043,False,heuristic,Box6,1,24752000.0,24752000.0,11.113458000011178,True,optimal,best_calculation
1815,6,Box5,1,20774000.0,20774000.0,185.8,False,Box5,1,20774000.0,20774000.0,1.7400039999984074,False,heuristic,Box5,1,20774000.0,20774000.0,28.93022299997483,True,optimal,best_calculation
1816,12,Box9,1,42504000.0,42504000.0,203.97,False,Box9,1,42504000.0,42504000.0,2.3607539999943583,False,heuristic,Box9,1,42504000.0,42504000.0,52.67520099999956,True,optimal,best_calculation
1817,7,Box5,1,20774000.0,20774000.0,181.14,False,Box5,1,20774000.0,20774000.0,2.5546790000134934,False,heuristic,Box5,1,20774000.0,20774000.0,32.802124999989246,True,optimal,best_calculation
1818,10,Box9,1,42504000.0,42504000.0,179.65,False,Box9,1,42504000.0,42504000.0,1.0599729999967167,False,heuristic,Box9,1,42504000.0,42504000.0,36.90040700001873,True,optimal,best_calculation
1819,2,Box9,1,42504000.0,42504000.0,162.23,False,Box9,1,42504000.0,42504000.0,0.12046500000906235,False,heuristic,Box9,1,42504000.0,42504000.0,2.476004000016019,True,optimal,best_calculation
1820,6,Box4,1,13260000.0,13260000.0,173.08,False,Box4,1,13260000.0,13260000.0,0.6366929999899185,False,heuristic,Box4,1,13260000.0,13260000.0,15.316647000020112,True,optimal,best_calculation
1821,5,Box6,1,24752000.0,24752000.0,209.5,False,Box6,1,24752000.0,24752000.0,1.3045250000232045,False,heuristic,Box6,1,24752000.0,24752000.0,19.74973799997315,True,optimal,best_calculation
1822,4,Box4,1,13260000.0,13260000.0,166.78,False,Box4,1,13260000.0,13260000.0,1.065271000015855,False,heuristic,Box4,1,13260000.0,13260000.0,12.802743000008832,True,optimal,best_calculation
1823,3,Box4,1,13260000.0,13260000.0,171.36,False,Box4,1,13260000.0,13260000.0,0.7467759999713053,False,heuristic,Box4,1,13260000.0,13260000.0,6.368056000042088,True,optimal,best_calculation
1824,8,Box9,1,42504000.0,42504000.0,185.69,False,Box9,1,42504000.0,42504000.0,0.8848550000379873,False,heuristic,Box9,1,42504000.0,42504000.0,28.16838500001495,True,optimal,best_calculation
1825,6,Box4,1,13260000.0,13260000.0,195.93,False,Box4,1,13260000.0,13260000.0,0.4541849999668557,False,heuristic,Box4,1,13260000.0,13260000.0,15.265361999979632,True,optimal,best_calculation
1826,6,Box4,1,13260000.0,13260000.0,165.88,False,Box4,1,13260000.0,13260000.0,1.5951109999718938,False,heuristic,Box4,1,13260000.0,13260000.0,28.029565999986517,True,optimal,best_calculation
1827,5,Box4,1,13260000.0,13260000.0,208.53,False,Box4,1,13260000.0,13260000.0,1.3087619999510025,False,heuristic,Box4,1,13260000.0,13260000.0,17.856659000017316,True,optimal,best_calculation
1828,10,Box9,1,42504000.0,42504000.0,196.32,False,Box9,1,42504000.0,42504000.0,1.621315000022605,False,heuristic,Box9,1,42504000.0,42504000.0,34.67435100003513,True,optimal,best_calculation
1829,5,Box4,1,13260000.0,13260000.0,195.22,False,Box4,1,13260000.0,13260000.0,0.4191969999851608,False,heuristic,Box4,1,13260000.0,13260000.0,12.838584999997238,True,optimal,best_calculation
1830,3,Box8,1,14616000.0,14616000.0,205.21,False,Box8,1,14616000.0,14616000.0,0.6664549999868541,False,heuristic,Box8,1,14616000.0,14616000.0,5.9376350000093225,True,optimal,best_calculation
1831,8,Box4,1,13260000.0,13260000.0,159.92,False,Box4,1,13260000.0,13260000.0,0.9072329999639805,False,heuristic,Box4,1,13260000.0,13260000.0,20.536359000004722,True,optimal,best_calculation
1832,5,Box5,1,20774000.0,20774000.0,171.02,False,Box8,1,14616000.0,14616000.0,1.0876110000026529,False,heuristic,Box8,1,14616000.0,14616000.0,14.03374099999155,True,optimal,best_calculation
1833,4,Box2,1,5278500.0,5278500.0,373.42,False,Box2,1,5278500.0,5278500.0,0.24059099996520672,False,heuristic,Box2,1,5278500.0,5278500.0,6.2881659999902695,True,optimal,best_calculation
1834,6,Box8,1,14616000.0,14616000.0,199.2,False,Box8,1,14616000.0,14616000.0,0.5012429999737833,False,heuristic,Box8,1,14616000.0,14616000.0,13.148056999966684,True,optimal,best_calculation
1835,7,Box6,1,24752000.0,24752000.0,165.76,False,Box6,1,24752000.0,24752000.0,1.0000199999922188,False,heuristic,Box6,1,24752000.0,24752000.0,19.958363000000645,True,optimal,best_calculation
1836,4,Box2,1,5278500.0,5278500.0,164.79,False,Box2,1,5278500.0,5278500.0,0.2484569999978703,False,heuristic,Box2,1,5278500.0,5278500.0,5.109377999986009,True,optimal,best_calculation
1837,4,Box8,1,14616000.0,14616000.0,174.29,False,Box8,1,14616000.0,14616000.0,0.15330899998389214,False,heuristic,Box8,1,14616000.0,14616000.0,4.665541999997913,True,optimal,best_calculation
1838,5,Box2,1,5278500.0,5278500.0,195.33,False,Box2,1,5278500.0,5278500.0,0.2780020000159311,False,heuristic,Box2,1,5278500.0,5278500.0,8.89622199997575,True,optimal,best_calculation
1839,2,Box2,1,5278500.0,5278500.0,203.56,False,Box2,1,5278500.0,5278500.0,0.16361000001552384,False,heuristic,Box2,1,5278500.0,5278500.0,2.1111460000042825,True,optimal,best_calculation
1840,2,Box2,1,5278500.0,5278500.0,164.96,False,Box2,1,5278500.0,5278500.0,0.13312100003304295,False,heuristic,Box2,1,5278500.0,5278500.0,2.3255240000139565,True,optimal,best_calculation
1841,7,Box4,1,13260000.0,13260000.0,166.54,False,Box8,1,14616000.0,14616000.0,2.484320000007756,False,heuristic,Box4,1,13260000.0,13260000.0,24.160938999955306,True,optimal,best_calculation
1842,8,Box9,1,42504000.0,42504000.0,299.62,False,Box9,1,42504000.0,42504000.0,1.0513510000009774,False,heuristic,Box9,1,42504000.0,42504000.0,20.375311999998758,True,optimal,best_calculation
1843,8,Box8,1,14616000.0,14616000.0,203.96,False,Box8,1,14616000.0,14616000.0,3.5726880000197525,False,heuristic,Box8,1,14616000.0,14616000.0,28.209739000033096,True,optimal,best_calculation
1844,5,Box4,1,13260000.0,13260000.0,175.87,False,Box4,1,13260000.0,13260000.0,0.5681600000002618,False,heuristic,Box4,1,13260000.0,13260000.0,13.163299000041206,True,optimal,best_calculation
1845,6,Box2,1,5278500.0,5278500.0,197.03,False,Box2,1,5278500.0,5278500.0,0.4367070000057538,False,heuristic,Box2,1,5278500.0,5278500.0,14.172608000023956,True,optimal,best_calculation
1846,7,Box8,1,14616000.0,14616000.0,174.25,False,Box8,1,14616000.0,14616000.0,0.5997590000106356,False,heuristic,Box8,1,14616000.0,14616000.0,17.538053999999192,True,optimal,best_calculation
1847,7,"Box9,Box4",2,55764000.0,42504000.0,218.42,False,"Box6,Box9",2,67256000.0,42504000.0,0.7800390000056723,False,heuristic,"Box4,Box9",2,55764000.0,42504000.0,96.4586580000173,True,optimal,best_calculation
1848,10,Box9,1,42504000.0,42504000.0,335.31,False,Box9,1,42504000.0,42504000.0,1.8255960000033156,False,heuristic,Box9,1,42504000.0,42504000.0,36.94940600001928,True,optimal,best_calculation
1849,9,Box9,1,42504000.0,42504000.0,212.07,False,"Box9,Box4",2,55764000.0,42504000.0,1.3725019999810684,False,heuristic,Box9,1,42504000.0,42504000.0,28.11152999998967,True,optimal,best_calculation
1850,12,Box5,1,20774000.0,20774000.0,199.69,False,Box5,1,20774000.0,20774000.0,2.52007199998161,False,heuristic,Box5,1,20774000.0,20774000.0,57.18341499999724,True,optimal,best_calculation
1851,7,Box8,1,14616000.0,14616000.0,171.26,False,Box8,1,14616000.0,14616000.0,1.3957450000248173,False,heuristic,Box8,1,14616000.0,14616000.0,22.180477999995674,True,optimal,best_calculation
1852,5,Box4,1,13260000.0,13260000.0,200.37,False,Box4,1,13260000.0,13260000.0,1.3031359999899905,False,heuristic,Box4,1,13260000.0,13260000.0,16.90796700000874,True,optimal,best_calculation
1853,5,Box4,1,13260000.0,13260000.0,181.02,False,Box4,1,13260000.0,13260000.0,0.40352700000312325,False,heuristic,Box4,1,13260000.0,13260000.0,10.129085000016858,True,optimal,best_calculation
1854,6,Box4,1,13260000.0,13260000.0,201.55,False,Box4,1,13260000.0,13260000.0,1.6324310000186415,False,heuristic,Box4,1,13260000.0,13260000.0,24.22991000003094,True,optimal,best_calculation
1855,4,Box2,1,5278500.0,5278500.0,205.93,False,Box2,1,5278500.0,5278500.0,0.3135559999805082,False,heuristic,Box2,1,5278500.0,5278500.0,6.774389000042902,True,optimal,best_calculation
1856,2,Box2,1,5278500.0,5278500.0,165.88,False,Box2,1,5278500.0,5278500.0,0.1482979999991585,False,heuristic,Box2,1,5278500.0,5278500.0,1.8145380000191835,True,optimal,best_calculation
1857,6,Box4,1,13260000.0,13260000.0,178.26,False,Box4,1,13260000.0,13260000.0,1.6046909999545278,False,heuristic,Box4,1,13260000.0,13260000.0,28.005464999978358,True,optimal,best_calculation
1858,2,Box9,1,42504000.0,42504000.0,181.33,False,Box9,1,42504000.0,42504000.0,0.116898999976911,False,heuristic,Box9,1,42504000.0,42504000.0,2.2646689999987757,True,optimal,best_calculation
1859,3,Box4,1,13260000.0,13260000.0,247.47,False,Box4,1,13260000.0,13260000.0,0.17511400000103094,False,heuristic,Box4,1,13260000.0,13260000.0,4.036714999983815,True,optimal,best_calculation
1860,4,Box4,1,13260000.0,13260000.0,180.74,False,Box4,1,13260000.0,13260000.0,0.3197539999746368,False,heuristic,Box4,1,13260000.0,13260000.0,6.108901000004607,True,optimal,best_calculation
1861,2,Box8,1,14616000.0,14616000.0,206.61,False,Box8,1,14616000.0,14616000.0,0.1089859999865439,False,heuristic,Box8,1,14616000.0,14616000.0,3.07929600000989,True,optimal,best_calculation
1862,4,Box4,1,13260000.0,13260000.0,196.3,False,Box4,1,13260000.0,13260000.0,1.0469719999832705,False,heuristic,Box4,1,13260000.0,13260000.0,12.539841000034357,True,optimal,best_calculation
1863,7,Box9,1,42504000.0,42504000.0,312.34,False,Box9,1,42504000.0,42504000.0,0.9047049999821866,False,heuristic,Box9,1,42504000.0,42504000.0,16.898219999973207,True,optimal,best_calculation
1864,5,Box4,1,13260000.0,13260000.0,180.39,False,Box4,1,13260000.0,13260000.0,0.44762799996078684,False,heuristic,Box4,1,13260000.0,13260000.0,10.038573000031192,True,optimal,best_calculation
1865,8,Box6,1,24752000.0,24752000.0,295.41,False,Box6,1,24752000.0,24752000.0,1.1786179999830892,False,heuristic,Box6,1,24752000.0,24752000.0,23.893927999949938,True,optimal,best_calculation
1866,4,Box5,1,20774000.0,20774000.0,368.04,False,Box5,1,20774000.0,20774000.0,0.27464699996926356,False,heuristic,Box5,1,20774000.0,20774000.0,6.000262999975803,True,optimal,best_calculation
1867,4,Box6,1,24752000.0,24752000.0,240.25,False,Box9,1,42504000.0,42504000.0,0.5425660000355492,False,heuristic,Box6,1,24752000.0,24752000.0,6.50152700001172,True,optimal,best_calculation
1868,6,Box4,1,13260000.0,13260000.0,201.93,False,Box4,1,13260000.0,13260000.0,1.7138460000296618,False,heuristic,Box4,1,13260000.0,13260000.0,23.163611000029505,True,optimal,best_calculation
1869,5,Box4,1,13260000.0,13260000.0,189.13,False,Box4,1,13260000.0,13260000.0,0.2844769999796881,False,heuristic,Box4,1,13260000.0,13260000.0,9.629480999990392,True,optimal,best_calculation
1870,4,Box4,1,13260000.0,13260000.0,213.16,False,Box4,1,13260000.0,13260000.0,0.9346950000121979,False,heuristic,Box4,1,13260000.0,13260000.0,11.43424800000048,True,optimal,best_calculation
1871,2,Box2,1,5278500.0,5278500.0,186.7,False,Box2,1,5278500.0,5278500.0,0.1450659999591153,False,heuristic,Box2,1,5278500.0,5278500.0,1.6481060000046455,True,optimal,best_calculation
1872,4,Box2,1,5278500.0,5278500.0,164.65,False,Box2,1,5278500.0,5278500.0,0.28276099999402504,False,heuristic,Box2,1,5278500.0,5278500.0,5.342510999980732,True,optimal,best_calculation
1873,5,Box8,1,14616000.0,14616000.0,180.4,False,Box8,1,14616000.0,14616000.0,1.5059669999573089,False,heuristic,Box8,1,14616000.0,14616000.0,11.632545999987087,True,optimal,best_calculation
1874,4,Box4,1,13260000.0,13260000.0,193.85,False,Box4,1,13260000.0,13260000.0,0.9418999999866173,False,heuristic,Box4,1,13260000.0,13260000.0,12.273533999973552,True,optimal,best_calculation
1875,11,Box8,1,14616000.0,14616000.0,197.4,False,Box8,1,14616000.0,14616000.0,2.0131559999754245,False,heuristic,Box8,1,14616000.0,14616000.0,49.588498000048276,True,optimal,best_calculation
1876,4,Box2,1,5278500.0,5278500.0,182.17,False,Box2,1,5278500.0,5278500.0,0.28501000002734145,False,heuristic,Box2,1,5278500.0,5278500.0,8.25815100000682,True,optimal,best_calculation
1877,5,Box8,1,14616000.0,14616000.0,197.09,False,Box8,1,14616000.0,14616000.0,1.8154059999915262,False,heuristic,Box8,1,14616000.0,14616000.0,13.383963000023869,True,optimal,best_calculation
1878,4,Box2,1,5278500.0,5278500.0,188.68,False,Box2,1,5278500.0,5278500.0,0.35105099999555023,False,heuristic,Box2,1,5278500.0,5278500.0,5.963463000000502,True,optimal,best_calculation
1879,5,Box4,1,13260000.0,13260000.0,170.65,False,Box4,1,13260000.0,13260000.0,1.140480000003663,False,heuristic,Box4,1,13260000.0,13260000.0,15.10538299999098,True,optimal,best_calculation
1880,10,Box8,1,14616000.0,14616000.0,170.1,False,Box8,1,14616000.0,14616000.0,1.8548850000001949,False,heuristic,Box8,1,14616000.0,14616000.0,41.41333500001565,True,optimal,best_calculation
1881,8,Box8,1,14616000.0,14616000.0,182.74,False,Box8,1,14616000.0,14616000.0,1.0988100000304257,False,heuristic,Box8,1,14616000.0,14616000.0,25.953962000016872,True,optimal,best_calculation
1882,21,"Box9,Box2",2,47782500.0,42504000.0,441.99,True,"Box4,Box9",2,55764000.0,42504000.0,25.107703000003312,False,heuristic,"Box4,Box9",2,55764000.0,42504000.0,588.1338799999867,True,optimal,best_calculation
1883,21,"Box9,Box2",2,47782500.0,42504000.0,433.85,True,"Box4,Box9",2,55764000.0,42504000.0,24.782559000016136,False,heuristic,"Box4,Box9",2,55764000.0,42504000.0,591.7796670000257,True,optimal,best_calculation
1884,21,"Box9,Box2",2,47782500.0,42504000.0,472.76,True,"Box4,Box9",2,55764000.0,42504000.0,24.59689500000195,False,heuristic,"Box4,Box9",2,55764000.0,42504000.0,588.7714060000349,True,optimal,best_calculation
1885,21,"Box9,Box2",2,47782500.0,42504000.0,456.99,True,"Box4,Box9",2,55764000.0,42504000.0,25.34900200004131,False,heuristic,"Box4,Box9",2,55764000.0,42504000.0,588.9719319999926,True,optimal,best_calculation
1886,21,"Box9,Box2",2,47782500.0,42504000.0,420.34,True,"Box4,Box9",2,55764000.0,42504000.0,25.825947000043925,False,heuristic,"Box4,Box9",2,55764000.0,42504000.0,587.0817009999882,True,optimal,best_calculation
1887,21,"Box9,Box2",2,47782500.0,42504000.0,421.5,True,"Box4,Box9",2,55764000.0,42504000.0,25.09870599999431,False,heuristic,"Box4,Box9",2,55764000.0,42504000.0,593.187596000007,True,optimal,best_calculation
1888,21,"Box9,Box2",2,47782500.0,42504000.0,506.14,True,"Box4,Box9",2,55764000.0,42504000.0,24.852933000033772,False,heuristic,"Box4,Box9",2,55764000.0,42504000.0,588.6920450000162,True,optimal,best_calculation
1889,21,"Box9,Box2",2,47782500.0,42504000.0,457.87,True,"Box4,Box9",2,55764000.0,42504000.0,24.18088400003171,False,heuristic,"Box4,Box9",2,55764000.0,42504000.0,588.2080879999876,True,optimal,best_calculation
1890,21,"Box9,Box2",2,47782500.0,42504000.0,438.07,True,"Box4,Box9",2,55764000.0,42504000.0,24.656014000015603,False,heuristic,"Box4,Box9",2,55764000.0,42504000.0,583.232597999995,True,optimal,best_calculation
1891,21,"Box9,Box2",2,47782500.0,42504000.0,875.37,True,"Box4,Box9",2,55764000.0,42504000.0,25.445763999982773,False,heuristic,"Box4,Box9",2,55764000.0,42504000.0,589.7675209999989,True,optimal,best_calculation
1892,21,"Box9,Box2",2,47782500.0,42504000.0,450.43,True,"Box4,Box9",2,55764000.0,42504000.0,24.805075000017496,False,heuristic,"Box4,Box9",2,55764000.0,42504000.0,605.2026269999828,True,optimal,best_calculation
1893,21,"Box9,Box2",2,47782500.0,42504000.0,425.32,True,"Box4,Box9",2,55764000.0,42504000.0,39.283330000046135,False,heuristic,"Box4,Box9",2,55764000.0,42504000.0,581.4136029999872,True,optimal,best_calculation
1894,21,"Box9,Box2",2,47782500.0,42504000.0,437.34,True,"Box4,Box9",2,55764000.0,42504000.0,25.036430999989534,False,heuristic,"Box4,Box9",2,55764000.0,42504000.0,600.8958200000052,True,optimal,best_calculation
1895,21,"Box9,Box2",2,47782500.0,42504000.0,457.42,True,"Box4,Box9",2,55764000.0,42504000.0,24.020566999979565,False,heuristic,"Box4,Box9",2,55764000.0,42504000.0,572.6161950000233,True,optimal,best_calculation
1896,21,"Box9,Box2",2,47782500.0,42504000.0,431.81,True,"Box4,Box9",2,55764000.0,42504000.0,23.988452999958554,False,heuristic,"Box4,Box9",2,55764000.0,42504000.0,571.2497929999927,True,optimal,best_calculation
1897,21,"Box9,Box2",2,47782500.0,42504000.0,424.62,True,"Box4,Box9",2,55764000.0,42504000.0,24.221898999996938,False,heuristic,"Box4,Box9",2,55764000.0,42504000.0,572.6641840000184,True,optimal,best_calculation
1898,21,"Box9,Box2",2,47782500.0,42504000.0,434.43,True,"Box4,Box9",2,55764000.0,42504000.0,23.91629099997772,False,heuristic,"Box4,Box9",2,55764000.0,42504000.0,584.1682650000166,True,optimal,best_calculation
1899,21,"Box9,Box2",2,47782500.0,42504000.0,441.43,True,"Box4,Box9",2,55764000.0,42504000.0,25.095937999992657,False,heuristic,"Box4,Box9",2,55764000.0,42504000.0,597.6667130000237,True,optimal,best_calculation
1900,21,"Box9,Box2",2,47782500.0,42504000.0,445.65,True,"Box4,Box9",2,55764000.0,42504000.0,24.733472999969308,False,heuristic,"Box4,Box9",2,55764000.0,42504000.0,571.668600999999,True,optimal,best_calculation
1901,21,"Box9,Box2",2,47782500.0,42504000.0,447.68,True,"Box4,Box9",2,55764000.0,42504000.0,24.092365000001337,False,heuristic,"Box4,Box9",2,55764000.0,42504000.0,575.4557279999517,True,optimal,best_calculation
1902,8,Box5,1,20774000.0,20774000.0,186.09,False,Box5,1,20774000.0,20774000.0,1.1530740000011974,False,heuristic,Box5,1,20774000.0,20774000.0,26.342756999952144,True,optimal,best_calculation
1903,21,"Box9,Box2",2,47782500.0,42504000.0,439.23,True,"Box4,Box9",2,55764000.0,42504000.0,23.570375000019794,False,heuristic,"Box4,Box9",2,55764000.0,42504000.0,574.5504159999655,True,optimal,best_calculation
1904,21,"Box9,Box2",2,47782500.0,42504000.0,478.56,True,"Box4,Box9",2,55764000.0,42504000.0,23.901611999974648,False,heuristic,"Box4,Box9",2,55764000.0,42504000.0,575.0662380000335,True,optimal,best_calculation
1905,21,"Box9,Box2",2,47782500.0,42504000.0,447.03,True,"Box4,Box9",2,55764000.0,42504000.0,23.7976250000429,False,heuristic,"Box4,Box9",2,55764000.0,42504000.0,580.0969069999837,True,optimal,best_calculation
1906,21,"Box9,Box2",2,47782500.0,42504000.0,432.89,True,"Box4,Box9",2,55764000.0,42504000.0,23.725557999966895,False,heuristic,"Box4,Box9",2,55764000.0,42504000.0,576.564779000023,True,optimal,best_calculation
1907,21,"Box9,Box2",2,47782500.0,42504000.0,408.01,True,"Box4,Box9",2,55764000.0,42504000.0,23.717019000002892,False,heuristic,"Box4,Box9",2,55764000.0,42504000.0,577.4781879999864,True,optimal,best_calculation
1908,21,"Box9,Box2",2,47782500.0,42504000.0,423.65,True,"Box4,Box9",2,55764000.0,42504000.0,23.822599999959948,False,heuristic,"Box4,Box9",2,55764000.0,42504000.0,581.2942040000166,True,optimal,best_calculation
1909,21,"Box9,Box2",2,47782500.0,42504000.0,456.58,True,"Box4,Box9",2,55764000.0,42504000.0,24.030146000029617,False,heuristic,"Box4,Box9",2,55764000.0,42504000.0,575.7133160000194,True,optimal,best_calculation
1910,21,"Box9,Box2",2,47782500.0,42504000.0,701.42,True,"Box4,Box9",2,55764000.0,42504000.0,23.93630699998539,False,heuristic,"Box4,Box9",2,55764000.0,42504000.0,573.9003950000097,True,optimal,best_calculation
1911,21,"Box9,Box2",2,47782500.0,42504000.0,419.81,True,"Box4,Box9",2,55764000.0,42504000.0,23.78059000000121,False,heuristic,"Box4,Box9",2,55764000.0,42504000.0,576.9733710000082,True,optimal,best_calculation
1912,21,"Box9,Box2",2,47782500.0,42504000.0,435.22,True,"Box4,Box9",2,55764000.0,42504000.0,23.924260999990565,False,heuristic,"Box4,Box9",2,55764000.0,42504000.0,574.1644429999724,True,optimal,best_calculation
1913,21,"Box9,Box2",2,47782500.0,42504000.0,449.17,True,"Box4,Box9",2,55764000.0,42504000.0,23.565896000036446,False,heuristic,"Box4,Box9",2,55764000.0,42504000.0,574.8751200000015,True,optimal,best_calculation
1914,21,"Box9,Box2",2,47782500.0,42504000.0,418.67,True,"Box4,Box9",2,55764000.0,42504000.0,23.671562000004087,False,heuristic,"Box4,Box9",2,55764000.0,42504000.0,583.9587009999718,True,optimal,best_calculation
1915,21,"Box9,Box2",2,47782500.0,42504000.0,438.18,True,"Box4,Box9",2,55764000.0,42504000.0,23.76377500002036,False,heuristic,"Box4,Box9",2,55764000.0,42504000.0,574.9881020000203,True,optimal,best_calculation
1916,21,"Box9,Box2",2,47782500.0,42504000.0,466.95,True,"Box4,Box9",2,55764000.0,42504000.0,23.67613500001653,False,heuristic,"Box4,Box9",2,55764000.0,42504000.0,575.2661079999939,True,optimal,best_calculation
1917,21,"Box9,Box2",2,47782500.0,42504000.0,449.79,True,"Box4,Box9",2,55764000.0,42504000.0,24.071094000021276,False,heuristic,"Box4,Box9",2,55764000.0,42504000.0,575.4285419999974,True,optimal,best_calculation
1918,21,"Box9,Box2",2,47782500.0,42504000.0,419.92,True,"Box4,Box9",2,55764000.0,42504000.0,23.96657999997842,False,heuristic,"Box4,Box9",2,55764000.0,42504000.0,576.7178890000082,True,optimal,best_calculation
1919,21,"Box9,Box2",2,47782500.0,42504000.0,449.89,True,"Box4,Box9",2,55764000.0,42504000.0,24.195265999992444,False,heuristic,"Box4,Box9",2,55764000.0,42504000.0,577.9132289999893,True,optimal,best_calculation
1920,21,"Box9,Box2",2,47782500.0,42504000.0,443.85,True,"Box4,Box9",2,55764000.0,42504000.0,24.07305299999507,False,heuristic,"Box4,Box9",2,55764000.0,42504000.0,581.8053630000009,True,optimal,best_calculation
1921,21,"Box9,Box2",2,47782500.0,42504000.0,432.65,True,"Box4,Box9",2,55764000.0,42504000.0,23.889080999992984,False,heuristic,"Box4,Box9",2,55764000.0,42504000.0,575.0818079999931,True,optimal,best_calculation
1922,21,"Box9,Box2",2,47782500.0,42504000.0,425.63,True,"Box4,Box9",2,55764000.0,42504000.0,24.26835200003552,False,heuristic,"Box4,Box9",2,55764000.0,42504000.0,579.7754100000247,True,optimal,best_calculation
1923,21,"Box9,Box2",2,47782500.0,42504000.0,431.74,True,"Box4,Box9",2,55764000.0,42504000.0,23.919691999992665,False,heuristic,"Box4,Box9",2,55764000.0,42504000.0,570.5803430000174,True,optimal,best_calculation
1924,21,"Box9,Box2",2,47782500.0,42504000.0,442.81,True,"Box4,Box9",2,55764000.0,42504000.0,24.42970299995295,False,heuristic,"Box4,Box9",2,55764000.0,42504000.0,577.8134899999827,True,optimal,best_calculation
1925,21,"Box9,Box2",2,47782500.0,42504000.0,452.91,True,"Box4,Box9",2,55764000.0,42504000.0,23.6984009999901,False,heuristic,"Box4,Box9",2,55764000.0,42504000.0,577.3241489999918,True,optimal,best_calculation
1926,21,"Box9,Box2",2,47782500.0,42504000.0,442.34,True,"Box4,Box9",2,55764000.0,42504000.0,23.944911000000957,False,heuristic,"Box4,Box9",2,55764000.0,42504000.0,576.1977899999806,True,optimal,best_calculation
1927,21,"Box9,Box2",2,47782500.0,42504000.0,454.41,True,"Box4,Box9",2,55764000.0,42504000.0,23.85713400002487,False,heuristic,"Box4,Box9",2,55764000.0,42504000.0,573.2476640000073,True,optimal,best_calculation
1928,21,"Box9,Box2",2,47782500.0,42504000.0,431.48,True,"Box4,Box9",2,55764000.0,42504000.0,23.77248700003065,False,heuristic,"Box4,Box9",2,55764000.0,42504000.0,576.3677460000167,True,optimal,best_calculation
1929,21,"Box9,Box2",2,47782500.0,42504000.0,776.96,True,"Box4,Box9",2,55764000.0,42504000.0,24.511695000001055,False,heuristic,"Box4,Box9",2,55764000.0,42504000.0,573.8043989999824,True,optimal,best_calculation
1930,21,"Box9,Box2",2,47782500.0,42504000.0,412.33,True,"Box4,Box9",2,55764000.0,42504000.0,24.093321999998807,False,heuristic,"Box4,Box9",2,55764000.0,42504000.0,584.2745719999698,True,optimal,best_calculation
1931,21,"Box9,Box2",2,47782500.0,42504000.0,427.14,True,"Box4,Box9",2,55764000.0,42504000.0,24.348803999998836,False,heuristic,"Box4,Box9",2,55764000.0,42504000.0,584.3024860000128,True,optimal,best_calculation
1932,21,"Box9,Box2",2,47782500.0,42504000.0,429.78,True,"Box4,Box9",2,55764000.0,42504000.0,24.00228899995227,False,heuristic,"Box4,Box9",2,55764000.0,42504000.0,600.3619969999932,True,optimal,best_calculation
1933,21,"Box9,Box2",2,47782500.0,42504000.0,434.62,True,"Box4,Box9",2,55764000.0,42504000.0,24.145413999974608,False,heuristic,"Box4,Box9",2,55764000.0,42504000.0,575.040797999975,True,optimal,best_calculation
1934,21,"Box9,Box2",2,47782500.0,42504000.0,435.63,True,"Box4,Box9",2,55764000.0,42504000.0,24.007647999951587,False,heuristic,"Box4,Box9",2,55764000.0,42504000.0,579.5957079999994,True,optimal,best_calculation
1935,21,"Box9,Box2",2,47782500.0,42504000.0,530.56,True,"Box4,Box9",2,55764000.0,42504000.0,24.222109999982422,False,heuristic,"Box4,Box9",2,55764000.0,42504000.0,580.0351009999645,True,optimal,best_calculation
1936,21,"Box9,Box2",2,47782500.0,42504000.0,476.89,True,"Box4,Box9",2,55764000.0,42504000.0,24.077727999952003,False,heuristic,"Box4,Box9",2,55764000.0,42504000.0,579.4322840000063,True,optimal,best_calculation
1937,21,"Box9,Box2",2,47782500.0,42504000.0,449.66,True,"Box4,Box9",2,55764000.0,42504000.0,24.137556999960452,False,heuristic,"Box4,Box9",2,55764000.0,42504000.0,588.7792280000212,True,optimal,best_calculation
1938,21,"Box9,Box2",2,47782500.0,42504000.0,465.47,True,"Box4,Box9",2,55764000.0,42504000.0,24.08607799998208,False,heuristic,"Box4,Box9",2,55764000.0,42504000.0,578.5560639999971,True,optimal,best_calculation
1939,21,"Box9,Box2",2,47782500.0,42504000.0,459.45,True,"Box4,Box9",2,55764000.0,42504000.0,23.738469000022633,False,heuristic,"Box4,Box9",2,55764000.0,42504000.0,575.8088570000268,True,optimal,best_calculation
1940,21,"Box9,Box2",2,47782500.0,42504000.0,435.41,True,"Box4,Box9",2,55764000.0,42504000.0,23.794456000018727,False,heuristic,"Box4,Box9",2,55764000.0,42504000.0,581.6187110000328,True,optimal,best_calculation
1941,21,"Box9,Box2",2,47782500.0,42504000.0,439.54,True,"Box4,Box9",2,55764000.0,42504000.0,24.170056999992084,False,heuristic,"Box4,Box9",2,55764000.0,42504000.0,580.7191009999997,True,optimal,best_calculation
1942,21,"Box9,Box2",2,47782500.0,42504000.0,443.09,True,"Box4,Box9",2,55764000.0,42504000.0,23.691588000019692,False,heuristic,"Box4,Box9",2,55764000.0,42504000.0,574.5479349999982,True,optimal,best_calculation
1943,21,"Box9,Box2",2,47782500.0,42504000.0,453.36,True,"Box4,Box9",2,55764000.0,42504000.0,23.846356000035485,False,heuristic,"Box4,Box9",2,55764000.0,42504000.0,583.7069760000304,True,optimal,best_calculation
1944,21,"Box9,Box2",2,47782500.0,42504000.0,468.48,True,"Box4,Box9",2,55764000.0,42504000.0,24.996435000048223,False,heuristic,"Box4,Box9",2,55764000.0,42504000.0,577.6909809999893,True,optimal,best_calculation
1945,21,"Box9,Box2",2,47782500.0,42504000.0,427.89,True,"Box4,Box9",2,55764000.0,42504000.0,24.072688999979164,False,heuristic,"Box4,Box9",2,55764000.0,42504000.0,575.7002749999742,True,optimal,best_calculation
1946,21,"Box9,Box2",2,47782500.0,42504000.0,483.64,True,"Box4,Box9",2,55764000.0,42504000.0,24.19747700002972,False,heuristic,"Box4,Box9",2,55764000.0,42504000.0,577.1466909999958,True,optimal,best_calculation
1947,21,"Box9,Box2",2,47782500.0,42504000.0,610.7,True,"Box4,Box9",2,55764000.0,42504000.0,23.607717000004413,False,heuristic,"Box4,Box9",2,55764000.0,42504000.0,576.1464049999745,True,optimal,best_calculation
1948,21,"Box9,Box2",2,47782500.0,42504000.0,448.6,True,"Box4,Box9",2,55764000.0,42504000.0,26.012021999974877,False,heuristic,"Box4,Box9",2,55764000.0,42504000.0,575.628982000012,True,optimal,best_calculation
1949,21,"Box9,Box2",2,47782500.0,42504000.0,454.47,True,"Box4,Box9",2,55764000.0,42504000.0,23.87014900000395,False,heuristic,"Box4,Box9",2,55764000.0,42504000.0,579.6985810000024,True,optimal,best_calculation
1950,11,Box6,1,24752000.0,24752000.0,309.88,False,Box6,1,24752000.0,24752000.0,7.857586999989508,False,heuristic,Box6,1,24752000.0,24752000.0,50.461135000034574,True,optimal,best_calculation
1951,17,Box9,1,42504000.0,42504000.0,373.36,True,"Box6,Box9",2,67256000.0,42504000.0,5.823996000003717,False,heuristic,"Box5,Box6",2,45526000.0,24752000.0,359.8106950000215,True,optimal,best_calculation
1952,21,"Box9,Box2",2,47782500.0,42504000.0,470.77,True,"Box4,Box9",2,55764000.0,42504000.0,24.30068200004598,False,heuristic,"Box4,Box9",2,55764000.0,42504000.0,571.8070249999982,True,optimal,best_calculation
1953,10,Box9,1,42504000.0,42504000.0,319.05,False,Box9,1,42504000.0,42504000.0,2.3613490000116144,False,heuristic,Box9,1,42504000.0,42504000.0,41.07590500001379,True,optimal,best_calculation
1954,6,Box5,1,20774000.0,20774000.0,199.82,False,Box5,1,20774000.0,20774000.0,1.8166959999916799,False,heuristic,Box5,1,20774000.0,20774000.0,78.2116759999667,True,optimal,best_calculation
1955,15,Box9,1,42504000.0,42504000.0,204.48,False,Box9,1,42504000.0,42504000.0,4.9371779999773935,False,heuristic,Box9,1,42504000.0,42504000.0,83.21523099999695,True,optimal,best_calculation
1956,8,Box5,1,20774000.0,20774000.0,194.51,False,Box5,1,20774000.0,20774000.0,5.314975999965554,False,heuristic,Box5,1,20774000.0,20774000.0,30.418799000017316,True,optimal,best_calculation
1957,8,Box5,1,20774000.0,20774000.0,179.1,False,Box5,1,20774000.0,20774000.0,4.915475000018432,False,heuristic,Box5,1,20774000.0,20774000.0,30.72324100003243,True,optimal,best_calculation
1958,7,Box8,1,14616000.0,14616000.0,199.25,False,Box5,1,20774000.0,20774000.0,3.449076000038076,False,heuristic,Box8,1,14616000.0,14616000.0,25.098584999966533,True,optimal,best_calculation
1959,7,Box8,1,14616000.0,14616000.0,182.84,False,Box5,1,20774000.0,20774000.0,3.5222330000124202,False,heuristic,Box8,1,14616000.0,14616000.0,23.852002000012362,True,optimal,best_calculation
1960,11,Box9,1,42504000.0,42504000.0,385.51,False,Box9,1,42504000.0,42504000.0,3.1205309999791098,False,heuristic,Box9,1,42504000.0,42504000.0,47.409816000026694,True,optimal,best_calculation
1961,21,"Box9,Box2",2,47782500.0,42504000.0,439.12,True,"Box4,Box9",2,55764000.0,42504000.0,24.163877000034972,False,heuristic,"Box4,Box9",2,55764000.0,42504000.0,577.4112799999784,True,optimal,best_calculation
1962,21,"Box9,Box2",2,47782500.0,42504000.0,479.0,True,"Box4,Box9",2,55764000.0,42504000.0,25.55634899999859,False,heuristic,"Box4,Box9",2,55764000.0,42504000.0,578.5534089999942,True,optimal,best_calculation
1963,21,"Box9,Box2",2,47782500.0,42504000.0,455.42,True,"Box4,Box9",2,55764000.0,42504000.0,24.00155899999845,False,heuristic,"Box4,Box9",2,55764000.0,42504000.0,611.400849000006,True,optimal,best_calculation
1964,21,"Box9,Box2",2,47782500.0,42504000.0,511.54,True,"Box4,Box9",2,55764000.0,42504000.0,23.93041999999923,False,heuristic,"Box4,Box9",2,55764000.0,42504000.0,572.4835240000061,True,optimal,best_calculation
1965,21,"Box9,Box2",2,47782500.0,42504000.0,435.76,True,"Box4,Box9",2,55764000.0,42504000.0,23.896137000008366,False,heuristic,"Box4,Box9",2,55764000.0,42504000.0,574.6948139999972,True,optimal,best_calculation
1966,21,"Box9,Box2",2,47782500.0,42504000.0,427.01,True,"Box4,Box9",2,55764000.0,42504000.0,24.135102000002462,False,heuristic,"Box4,Box9",2,55764000.0,42504000.0,572.396939999976,True,optimal,best_calculation
1967,21,"Box9,Box2",2,47782500.0,42504000.0,476.71,True,"Box4,Box9",2,55764000.0,42504000.0,23.54821199998014,False,heuristic,"Box4,Box9",2,55764000.0,42504000.0,574.4007159999569,True,optimal,best_calculation
1968,21,"Box9,Box2",2,47782500.0,42504000.0,648.58,True,"Box4,Box9",2,55764000.0,42504000.0,23.631840000007287,False,heuristic,"Box4,Box9",2,55764000.0,42504000.0,572.5135419999674,True,optimal,best_calculation
1969,21,"Box9,Box2",2,47782500.0,42504000.0,451.39,True,"Box4,Box9",2,55764000.0,42504000.0,24.24096599997938,False,heuristic,"Box4,Box9",2,55764000.0,42504000.0,588.4642610000128,True,optimal,best_calculation
1970,17,Box9,1,42504000.0,42504000.0,192.13,False,Box9,1,42504000.0,42504000.0,6.08841799999027,False,heuristic,Box9,1,42504000.0,42504000.0,104.38518500001237,True,optimal,best_calculation
1971,16,Box9,1,42504000.0,42504000.0,174.4,False,Box9,1,42504000.0,42504000.0,5.075169000008373,False,heuristic,Box9,1,42504000.0,42504000.0,93.9846719999764,True,optimal,best_calculation
1972,16,Box9,1,42504000.0,42504000.0,195.58,False,Box9,1,42504000.0,42504000.0,5.14192399998592,False,heuristic,Box9,1,42504000.0,42504000.0,93.38781200000312,True,optimal,best_calculation
1973,16,Box9,1,42504000.0,42504000.0,197.59,False,Box9,1,42504000.0,42504000.0,5.058121999979903,False,heuristic,Box9,1,42504000.0,42504000.0,92.43819499999972,True,optimal,best_calculation
1974,16,Box9,1,42504000.0,42504000.0,175.63,False,Box9,1,42504000.0,42504000.0,5.053693000036219,False,heuristic,Box9,1,42504000.0,42504000.0,93.43575799999826,True,optimal,best_calculation
1975,16,Box9,1,42504000.0,42504000.0,182.33,False,Box9,1,42504000.0,42504000.0,5.0591469999972105,False,heuristic,Box9,1,42504000.0,42504000.0,93.67117499999722,True,optimal,best_calculation
1976,19,Box9,1,42504000.0,42504000.0,357.27,True,"Box6,Box9",2,67256000.0,42504000.0,7.586555999978373,False,heuristic,"Box2,Box9",2,47782500.0,42504000.0,658.9950309999608,True,optimal,best_calculation
1977,16,Box9,1,42504000.0,42504000.0,193.12,False,Box9,1,42504000.0,42504000.0,4.87177799999472,False,heuristic,Box9,1,42504000.0,42504000.0,94.95661799996924,True,optimal,best_calculation
1978,16,Box9,1,42504000.0,42504000.0,198.23,False,Box9,1,42504000.0,42504000.0,5.261770000004162,False,heuristic,Box9,1,42504000.0,42504000.0,96.03923200000963,True,optimal,best_calculation
1979,16,Box9,1,42504000.0,42504000.0,202.03,False,Box9,1,42504000.0,42504000.0,4.908880000016325,False,heuristic,Box9,1,42504000.0,42504000.0,93.6914330000036,True,optimal,best_calculation
1980,16,Box9,1,42504000.0,42504000.0,214.26,False,Box9,1,42504000.0,42504000.0,4.970319999983985,False,heuristic,Box9,1,42504000.0,42504000.0,93.75408899995819,True,optimal,best_calculation
1981,16,Box9,1,42504000.0,42504000.0,236.79,False,Box9,1,42504000.0,42504000.0,4.945181999971737,False,heuristic,Box9,1,42504000.0,42504000.0,94.29506099996843,True,optimal,best_calculation
1982,16,Box9,1,42504000.0,42504000.0,215.63,False,Box9,1,42504000.0,42504000.0,5.298023000023022,False,heuristic,Box9,1,42504000.0,42504000.0,93.07344500001591,True,optimal,best_calculation
1983,10,Box5,1,20774000.0,20774000.0,185.48,False,Box6,1,24752000.0,24752000.0,7.435997000015959,False,heuristic,Box5,1,20774000.0,20774000.0,45.6404539999653,True,optimal,best_calculation
1984,10,Box5,1,20774000.0,20774000.0,170.0,False,Box6,1,24752000.0,24752000.0,7.561295000016344,False,heuristic,Box5,1,20774000.0,20774000.0,44.32591099998717,True,optimal,best_calculation
1985,10,Box5,1,20774000.0,20774000.0,194.57,False,Box6,1,24752000.0,24752000.0,7.630475999974351,False,heuristic,Box5,1,20774000.0,20774000.0,45.9660870000107,True,optimal,best_calculation
1986,10,Box5,1,20774000.0,20774000.0,170.75,False,Box6,1,24752000.0,24752000.0,7.750421999958235,False,heuristic,Box5,1,20774000.0,20774000.0,44.496093999953246,True,optimal,best_calculation
1987,10,Box5,1,20774000.0,20774000.0,177.9,False,Box6,1,24752000.0,24752000.0,7.60908299997709,False,heuristic,Box5,1,20774000.0,20774000.0,45.113676000028136,True,optimal,best_calculation
1988,10,Box5,1,20774000.0,20774000.0,225.56,False,Box6,1,24752000.0,24752000.0,7.531007000011414,False,heuristic,Box5,1,20774000.0,20774000.0,45.77841200000421,True,optimal,best_calculation
1989,17,Box9,1,42504000.0,42504000.0,209.64,False,"Box9,Box2",2,47782500.0,42504000.0,10.255684000014753,False,heuristic,Box9,1,42504000.0,42504000.0,110.4065850000211,True,optimal,best_calculation
1990,14,Box9,1,42504000.0,42504000.0,207.73,False,Box9,1,42504000.0,42504000.0,4.378570000028503,False,heuristic,Box9,1,42504000.0,42504000.0,73.60691899998528,True,optimal,best_calculation
1991,19,Box9,1,42504000.0,42504000.0,394.38,True,"Box6,Box9",2,67256000.0,42504000.0,7.885278000003382,False,heuristic,"Box2,Box9",2,47782500.0,42504000.0,661.86903199997,True,optimal,best_calculation
1992,16,Box9,1,42504000.0,42504000.0,193.67,False,Box9,1,42504000.0,42504000.0,4.930287999968641,False,heuristic,Box9,1,42504000.0,42504000.0,94.98068400000648,True,optimal,best_calculation
1993,16,Box9,1,42504000.0,42504000.0,200.12,False,Box9,1,42504000.0,42504000.0,5.106221000005462,False,heuristic,Box9,1,42504000.0,42504000.0,96.02400599999328,True,optimal,best_calculation
1994,16,Box9,1,42504000.0,42504000.0,201.55,False,Box9,1,42504000.0,42504000.0,5.021361000046909,False,heuristic,Box9,1,42504000.0,42504000.0,93.54909699999325,True,optimal,best_calculation
1995,8,Box6,1,24752000.0,24752000.0,287.92,False,Box6,1,24752000.0,24752000.0,1.7008349999514394,False,heuristic,Box6,1,24752000.0,24752000.0,26.21920299998237,True,optimal,best_calculation
1996,6,Box5,1,20774000.0,20774000.0,460.55,False,Box5,1,20774000.0,20774000.0,1.8176170000288039,False,heuristic,Box4,1,13260000.0,13260000.0,15.273857000011049,True,optimal,best_calculation
1997,10,Box9,1,42504000.0,42504000.0,442.73,False,Box9,1,42504000.0,42504000.0,2.468977999967592,False,heuristic,Box9,1,42504000.0,42504000.0,39.64480199999798,True,optimal,best_calculation
1998,8,Box6,1,24752000.0,24752000.0,510.23,False,Box6,1,24752000.0,24752000.0,1.286984999978813,False,heuristic,Box6,1,24752000.0,24752000.0,28.285284999981286,True,optimal,best_calculation
1999,6,Box5,1,20774000.0,20774000.0,435.0,False,Box5,1,20774000.0,20774000.0,1.877059999969788,False,heuristic,Box4,1,13260000.0,13260000.0,15.731447999996817,True,optimal,best_calculation
2000,8,Box6,1,24752000.0,24752000.0,278.41,False,Box6,1,24752000.0,24752000.0,1.3693980000084593,False,heuristic,Box6,1,24752000.0,24752000.0,26.735590999976466,True,optimal,best_calculation
