order_id,item_count,status,cartons_ours,cartons_hist,boxes_ours,boxes_hist,carton_volume_ours_L,carton_volume_hist_L,avg_util_ours,avg_util_hist,unpacked,runtime_ms,latency_hist_ms,violations
1,4,PACKED,1,1,Box4,Box4,13.26,13.26,29.0,29.0,0,1.466,410.02,0
2,11,PACKED,1,1,Box5,Box5,20.77,20.77,54.5,54.5,0,25.532,194.64,0
3,9,PACKED,1,1,Box5,Box5,20.77,20.77,54.3,54.3,0,11.439,186.93,0
4,3,PACKED,1,1,Box2,Box2,5.28,5.28,16.9,16.9,0,0.283,188.88,0
5,5,PACKED,1,1,Box4,Box4,13.26,13.26,39.2,39.2,0,1.282,188.94,0
6,10,PACKED,1,1,Box4,Box4,13.26,13.26,34.0,34.0,0,5.678,161.24,0
7,4,PACKED,1,1,Box4,Box4,13.26,13.26,19.9,19.9,0,1.237,165.53,0
8,4,PACKED,1,1,Box2,Box2,5.28,5.28,41.3,41.3,0,0.412,171.21,0
9,11,PACKED,1,1,Box9,Box9,42.5,42.5,43.8,43.8,0,30.57,181.63,0
10,8,PACKED,1,1,Box5,Box5,20.77,20.77,62.2,62.2,0,6.441,183.42,0
11,7,PACKED,1,1,Box8,Box8,14.62,14.62,40.3,40.3,0,3.645,172.23,0
12,5,PACKED,1,1,Box8,Box8,14.62,14.62,37.7,37.7,0,1.42,184.41,0
13,4,PACKED,1,1,Box2,Box2,5.28,5.28,24.0,24.0,0,0.404,213.58,0
14,8,PACKED,1,1,Box9,Box9,42.5,42.5,64.5,64.5,0,6.745,196.57,0
15,5,PACKED,1,1,Box4,Box4,13.26,13.26,29.8,29.8,0,1.637,176.78,0
16,9,PACKED,1,1,Box9,Box9,42.5,42.5,46.6,46.6,0,14.959,202.96,0
17,12,PACKED,1,1,Box4,Box4,13.26,13.26,52.2,52.2,0,10.966,199.49,0
18,2,PACKED,1,1,Box4,Box4,13.26,13.26,66.4,66.4,0,0.293,190.85,0
19,5,PACKED,1,1,Box4,Box4,13.26,13.26,70.2,70.2,0,1.048,188.13,0
20,7,PACKED,1,1,Box6,Box6,24.75,24.75,63.2,63.2,0,9.63,188.12,0
21,7,PACKED,1,1,Box2,Box2,5.28,5.28,56.5,56.5,0,2.255,164.87,0
22,4,PACKED,1,1,Box2,Box2,5.28,5.28,20.0,20.0,0,0.397,176.89,0
23,8,PACKED,1,1,Box8,Box8,14.62,14.62,24.0,24.0,0,15.389,172.29,0
24,6,PACKED,1,1,Box4,Box4,13.26,13.26,31.6,31.6,0,1.482,197.36,0
25,5,PACKED,1,1,Box4,Box4,13.26,13.26,57.3,57.3,0,0.965,192.68,0
26,6,PACKED,1,1,Box4,Box4,13.26,13.26,34.1,34.1,0,2.305,164.29,0
27,7,PACKED,1,1,Box6,Box6,24.75,24.75,59.2,59.2,0,9.88,173.75,0
28,10,PACKED,1,1,Box5,Box5,20.77,20.77,55.6,55.6,0,20.042,182.06,0
29,4,PACKED,1,1,Box4,Box4,13.26,13.26,59.4,59.4,0,0.958,184.57,0
30,7,PACKED,1,1,Box8,Box8,14.62,14.62,61.1,61.1,0,4.94,186.89,0
31,6,PACKED,2,2,Box8+Box9,Box5+Box9,57.12,63.28,65.9,51.3,0,9.711,282.23,0
32,7,PACKED,1,1,Box6,Box6,24.75,24.75,46.7,46.7,0,5.336,178.78,0
33,4,PACKED,1,1,Box6,Box6,24.75,24.75,69.8,69.8,0,2.651,194.67,0
34,6,PACKED,1,1,Box4,Box4,13.26,13.26,60.6,60.6,0,1.444,164.63,0
35,6,PACKED,1,1,Box9,Box9,42.5,42.5,46.7,46.7,0,5.112,152.97,0
36,6,PACKED,1,1,Box4,Box4,13.26,13.26,30.0,30.0,0,1.807,168.09,0
37,5,PACKED,1,1,Box4,Box4,13.26,13.26,45.6,45.6,0,1.329,168.67,0
38,4,PACKED,1,1,Box2,Box2,5.28,5.28,50.7,50.7,0,0.417,169.86,0
39,3,PACKED,1,1,Box2,Box2,5.28,5.28,31.4,31.4,0,0.296,171.96,0
40,10,PACKED,2,2,Box8+Box9,Box4+Box9,57.12,55.76,55.6,51.6,0,17.59,423.04,0
41,4,PACKED,1,1,Box2,Box2,5.28,5.28,24.0,24.0,0,0.415,790.82,0
42,6,PACKED,1,1,Box9,Box9,42.5,42.5,44.9,44.9,0,6.454,162.86,0
43,6,PACKED,1,1,Box5,Box5,20.77,20.77,56.9,56.9,0,5.273,197.47,0
44,8,PACKED,1,1,Box4,Box4,13.26,13.26,35.2,35.2,0,2.842,156.97,0
45,5,PACKED,1,1,Box4,Box4,13.26,13.26,26.7,26.7,0,1.73,188.38,0
46,10,PACKED,1,1,Box5,Box5,20.77,20.77,49.9,49.9,0,12.158,192.78,0
47,9,PACKED,1,1,Box9,Box9,42.5,42.5,41.0,41.0,0,17.48,325.15,0
48,8,PACKED,1,1,Box8,Box8,14.62,14.62,68.2,68.2,0,2.172,152.33,0
49,1,PACKED,1,1,Box2,Box2,5.28,5.28,42.2,42.2,0,0.1,159.65,0
50,4,PACKED,1,1,Box9,Box9,42.5,42.5,28.6,28.6,0,3.171,159.64,0
51,8,PACKED,1,1,Box6,Box6,24.75,24.75,69.2,69.2,0,10.718,199.2,0
52,9,PACKED,1,1,Box9,Box9,42.5,42.5,53.7,53.7,0,13.597,174.03,0
53,3,PACKED,1,1,Box4,Box4,13.26,13.26,36.6,36.6,0,0.635,161.89,0
54,3,PACKED,1,1,Box5,Box5,20.77,20.77,50.4,50.4,0,1.274,175.05,0
55,5,PACKED,1,1,Box4,Box4,13.26,13.26,43.5,43.5,0,1.522,178.67,0
56,6,PACKED,1,1,Box2,Box2,5.28,5.28,29.8,29.8,0,0.888,159.78,0
57,7,PACKED,1,1,Box4,Box4,13.26,13.26,37.0,37.0,0,2.271,165.86,0
58,18,PACKED,1,1,Box9,Box9,42.5,42.5,52.1,52.1,0,88.857,198.09,0
59,4,PACKED,1,1,Box2,Box2,5.28,5.28,24.0,24.0,0,0.407,207.68,0
60,9,PACKED,1,1,Box8,Box8,14.62,14.62,49.1,49.1,0,8.858,179.68,0
61,4,PACKED,1,1,Box2,Box2,5.28,5.28,31.6,31.6,0,0.407,166.27,0
62,5,PACKED,1,1,Box5,Box5,20.77,20.77,48.0,48.0,0,2.739,282.52,0
63,5,PACKED,1,1,Box4,Box4,13.26,13.26,35.8,35.8,0,1.396,159.62,0
64,5,PACKED,1,1,Box4,Box4,13.26,13.26,51.2,51.2,0,1.286,162.01,0
65,4,PACKED,1,1,Box4,Box4,13.26,13.26,39.2,39.2,0,0.876,171.91,0
66,5,PACKED,1,1,Box5,Box5,20.77,20.77,54.1,54.1,0,3.196,177.35,0
67,6,PACKED,1,1,Box8,Box8,14.62,14.62,42.2,42.2,0,2.891,180.42,0
68,8,PACKED,1,1,Box9,Box6,42.5,24.75,35.1,60.3,0,13.567,343.47,0
69,8,PACKED,1,1,Box9,Box9,42.5,42.5,52.0,52.0,0,9.646,169.19,0
70,17,PACKED,2,1,Box5+Box6,Box9,45.53,42.5,69.8,74.6,0,65.925,388.57,0
71,6,PACKED,1,1,Box4,Box2,13.26,5.28,20.0,50.8,0,1.729,160.99,0
72,3,PACKED,1,1,Box4,Box4,13.26,13.26,49.8,49.8,0,0.558,233.95,0
73,4,PACKED,1,1,Box2,Box2,5.28,5.28,61.4,61.4,0,0.408,207.3,0
74,8,PACKED,2,2,Box5+Box9,Box4+Box9,63.28,55.76,59.3,49.8,0,9.636,433.61,0
75,4,PACKED,1,1,Box4,Box4,13.26,13.26,32.8,32.8,0,1.518,184.88,0
76,8,PACKED,1,1,Box5,Box5,20.77,20.77,51.4,51.4,0,8.772,359.59,0
77,10,PACKED,1,1,Box5,Box5,20.77,20.77,51.3,51.3,0,16.498,175.62,0
78,5,PACKED,1,1,Box6,Box6,24.75,24.75,61.4,61.4,0,3.568,175.6,0
79,6,PACKED,1,1,Box5,Box5,20.77,20.77,58.7,58.7,0,3.933,187.2,0
80,8,PACKED,1,1,Box4,Box4,13.26,13.26,46.2,46.2,0,3.493,175.07,0
81,4,PACKED,1,1,Box5,Box5,20.77,20.77,68.6,68.6,0,1.941,177.87,0
82,7,PACKED,1,1,Box8,Box8,14.62,14.62,36.1,36.1,0,6.054,161.89,0
83,2,PACKED,1,1,Box2,Box2,5.28,5.28,10.1,10.1,0,0.182,168.76,0
84,10,PACKED,2,1,Box2+Box9,Box9,47.78,42.5,44.3,71.6,0,18.455,321.83,0
85,6,PACKED,1,1,Box5,Box5,20.77,20.77,65.2,65.2,0,5.232,166.1,0
86,8,PACKED,1,1,Box8,Box8,14.62,14.62,49.8,49.8,0,5.023,182.32,0
87,2,PACKED,1,1,Box8,Box8,14.62,14.62,11.7,11.7,0,0.471,166.88,0
88,4,PACKED,1,1,Box2,Box2,5.28,5.28,23.6,23.6,0,0.412,693.2,0
89,10,PACKED,2,1,Box4+Box9,Box9,55.76,42.5,50.9,73.2,0,22.949,328.85,0
90,9,PACKED,1,1,Box4,Box4,13.26,13.26,32.3,32.3,0,5.962,164.24,0
91,4,PACKED,1,1,Box2,Box2,5.28,5.28,40.8,40.8,0,0.471,198.95,0
92,5,PACKED,1,1,Box6,Box6,24.75,24.75,73.1,73.1,0,3.829,180.95,0
93,7,PACKED,1,1,Box9,Box9,42.5,42.5,53.7,53.7,0,3.943,177.68,0
94,10,PACKED,2,2,Box9+Box9,Box5+Box9,85.01,63.28,58.7,75.9,0,20.904,385.24,0
95,7,PACKED,1,1,Box5,Box5,20.77,20.77,64.9,64.9,0,5.888,156.26,0
96,15,PACKED,1,1,Box8,Box8,14.62,14.62,33.4,33.4,0,40.235,219.81,0
97,3,PACKED,1,1,Box4,Box4,13.26,13.26,30.8,30.8,0,0.53,155.63,0
98,4,PACKED,1,1,Box4,Box4,13.26,13.26,19.9,19.9,0,0.967,182.47,0
99,8,PACKED,1,1,Box8,Box8,14.62,14.62,36.7,36.7,0,2.966,163.98,0
100,8,PACKED,1,1,Box9,Box9,42.5,42.5,57.9,57.9,0,4.678,178.12,0
101,4,PACKED,1,1,Box4,Box4,13.26,13.26,24.5,24.5,0,1.034,172.08,0
102,6,PACKED,1,1,Box8,Box8,14.62,14.62,31.5,31.5,0,3.45,156.72,0
103,6,PACKED,1,1,Box4,Box4,13.26,13.26,41.3,41.3,0,1.961,163.4,0
104,5,PACKED,1,1,Box5,Box5,20.77,20.77,61.3,61.3,0,2.218,174.33,0
105,8,PACKED,1,1,Box8,Box4,14.62,13.26,57.7,64.8,0,8.078,173.25,0
106,12,PACKED,1,1,Box4,Box4,13.26,13.26,39.7,39.7,0,10.663,177.39,0
107,4,PACKED,1,1,Box6,Box6,24.75,24.75,69.8,69.8,0,2.326,168.2,0
108,1,PACKED,1,1,Box2,Box2,5.28,5.28,5.6,5.6,0,0.097,153.62,0
109,9,PACKED,1,1,Box4,Box4,13.26,13.26,51.1,51.1,0,4.942,159.91,0
110,5,PACKED,1,1,Box4,Box4,13.26,13.26,30.5,30.5,0,1.237,173.58,0
111,5,PACKED,1,1,Box8,Box8,14.62,14.62,23.2,23.2,0,2.741,234.14,0
112,7,PACKED,1,1,Box8,Box8,14.62,14.62,55.0,55.0,0,7.032,164.86,0
113,9,PACKED,1,1,Box5,Box5,20.77,20.77,69.9,69.9,0,4.862,179.23,0
114,6,PACKED,1,1,Box4,Box4,13.26,13.26,49.1,49.1,0,1.309,171.16,0
115,6,PACKED,1,1,Box4,Box4,13.26,13.26,49.1,49.1,0,1.295,178.46,0
116,9,PACKED,1,1,Box8,Box8,14.62,14.62,67.8,67.8,0,5.58,173.51,0
117,4,PACKED,1,1,Box5,Box5,20.77,20.77,57.0,57.0,0,1.936,221.05,0
118,5,PACKED,1,1,Box4,Box4,13.26,13.26,27.1,27.1,0,2.235,158.51,0
119,10,PACKED,1,1,Box4,Box4,13.26,13.26,36.4,36.4,0,3.163,170.39,0
120,4,PACKED,1,1,Box9,Box9,42.5,42.5,36.6,36.6,0,3.144,181.02,0
121,7,PACKED,1,1,Box4,Box4,13.26,13.26,38.8,38.8,0,2.053,156.69,0
122,6,PACKED,1,1,Box4,Box4,13.26,13.26,35.4,35.4,0,2.105,153.44,0
123,5,PACKED,1,1,Box8,Box8,14.62,14.62,54.4,54.4,0,2.979,162.69,0
124,8,PACKED,1,1,Box8,Box8,14.62,14.62,49.5,49.5,0,4.999,175.43,0
125,4,PACKED,1,1,Box4,Box4,13.26,13.26,35.5,35.5,0,0.818,169.96,0
126,4,PACKED,1,1,Box4,Box4,13.26,13.26,23.9,23.9,0,0.954,163.64,0
127,5,PACKED,1,1,Box8,Box8,14.62,14.62,44.9,44.9,0,2.12,176.51,0
128,6,PACKED,1,1,Box4,Box4,13.26,13.26,39.8,39.8,0,1.575,160.75,0
129,7,PACKED,1,1,Box5,Box5,20.77,20.77,55.2,55.2,0,8.159,167.3,0
130,4,PACKED,1,1,Box4,Box4,13.26,13.26,24.7,24.7,0,0.792,169.68,0
131,7,PACKED,1,1,Box9,Box9,42.5,42.5,63.0,63.0,0,3.314,160.01,0
132,4,PACKED,1,1,Box2,Box2,5.28,5.28,27.8,27.8,0,0.402,156.0,0
133,5,PACKED,1,1,Box4,Box4,13.26,13.26,19.1,19.1,0,1.419,167.0,0
134,4,PACKED,1,1,Box8,Box8,14.62,14.62,36.9,36.9,0,1.233,205.83,0
135,3,PACKED,1,1,Box4,Box4,13.26,13.26,62.5,62.5,0,0.888,171.79,0
136,6,PACKED,1,1,Box8,Box8,14.62,14.62,58.6,58.6,0,4.179,158.72,0
137,5,PACKED,1,1,Box5,Box5,20.77,20.77,59.2,59.2,0,3.223,182.88,0
138,10,PACKED,1,1,Box6,Box6,24.75,24.75,57.1,57.1,0,19.039,179.02,0
139,8,PACKED,1,1,Box8,Box8,14.62,14.62,50.7,50.7,0,5.373,319.59,0
140,7,PACKED,1,1,Box6,Box6,24.75,24.75,53.4,53.4,0,7.417,187.41,0
141,5,PACKED,1,1,Box5,Box5,20.77,20.77,69.9,69.9,0,2.756,182.71,0
142,2,PACKED,1,1,Box8,Box8,14.62,14.62,70.6,70.6,0,0.313,168.33,0
143,5,PACKED,1,1,Box4,Box4,13.26,13.26,20.7,20.7,0,1.376,188.9,0
144,6,PACKED,1,1,Box4,Box4,13.26,13.26,22.7,22.7,0,2.62,158.68,0
145,5,PACKED,1,1,Box2,Box2,5.28,5.28,29.9,29.9,0,0.556,165.76,0
146,6,PACKED,1,1,Box5,Box5,20.77,20.77,55.3,55.3,0,5.189,161.33,0
147,6,PACKED,1,1,Box5,Box5,20.77,20.77,43.9,43.9,0,3.87,166.82,0
148,6,PACKED,1,1,Box2,Box2,5.28,5.28,37.9,37.9,0,0.802,157.0,0
149,9,PACKED,1,1,Box8,Box8,14.62,14.62,31.7,31.7,0,8.83,173.77,0
150,11,PACKED,1,1,Box5,Box5,20.77,20.77,50.8,50.8,0,17.738,310.38,0
151,9,PACKED,2,1,Box6+Box6,Box9,49.5,42.5,63.4,73.9,0,13.266,348.02,0
152,4,PACKED,1,1,Box2,Box2,5.28,5.28,20.0,20.0,0,0.398,180.45,0
153,4,PACKED,1,1,Box6,Box6,24.75,24.75,69.8,69.8,0,2.212,171.85,0
154,8,PACKED,1,1,Box2,Box2,5.28,5.28,48.0,48.0,0,1.301,170.2,0
155,5,PACKED,1,1,Box6,Box6,24.75,24.75,74.7,74.7,0,4.122,168.72,0
156,6,PACKED,1,1,Box5,Box8,20.77,14.62,46.6,65.9,0,5.446,160.6,0
157,6,PACKED,1,1,Box4,Box4,13.26,13.26,34.5,34.5,0,2.058,184.81,0
158,6,PACKED,1,1,Box2,Box2,5.28,5.28,29.8,29.8,0,0.871,178.73,0
159,8,PACKED,1,1,Box6,Box6,24.75,24.75,53.1,53.1,0,13.157,184.51,0
160,10,PACKED,1,1,Box4,Box4,13.26,13.26,69.5,69.5,0,6.401,182.51,0
161,9,PACKED,1,1,Box9,Box9,42.5,42.5,47.7,47.7,0,13.454,250.61,0
162,10,PACKED,1,1,Box4,Box4,13.26,13.26,33.0,33.0,0,7.704,174.88,0
163,13,PACKED,1,1,Box5,Box5,20.77,20.77,54.9,54.9,0,38.983,352.71,0
164,4,PACKED,1,1,Box6,Box6,24.75,24.75,83.4,83.4,0,0.904,187.42,0
165,6,PACKED,1,1,Box9,Box9,42.5,42.5,51.5,51.5,0,4.665,185.74,0
166,10,PACKED,1,1,Box5,Box5,20.77,20.77,66.4,66.4,0,3.185,185.55,0
167,5,PACKED,1,1,Box2,Box2,5.28,5.28,43.6,43.6,0,0.578,181.84,0
168,6,PACKED,1,1,Box5,Box5,20.77,20.77,62.0,62.0,0,4.309,175.96,0
169,5,PACKED,1,1,Box4,Box2,13.26,5.28,21.8,55.3,0,1.4,188.9,0
170,10,PACKED,1,1,Box4,Box4,13.26,13.26,48.1,48.1,0,3.499,184.48,0
171,1,PACKED,1,1,Box2,Box2,5.28,5.28,5.1,5.1,0,0.099,178.18,0
172,6,PACKED,1,1,Box8,Box8,14.62,14.62,63.7,63.7,0,2.819,168.31,0
173,6,PACKED,1,1,Box4,Box4,13.26,13.26,45.4,45.4,0,2.435,171.71,0
174,4,PACKED,1,1,Box2,Box2,5.28,5.28,24.0,24.0,0,0.41,169.57,0
175,4,PACKED,1,1,Box4,Box4,13.26,13.26,32.7,32.7,0,1.107,180.05,0
176,7,PACKED,1,1,Box9,Box9,42.5,42.5,43.1,43.1,0,7.634,187.78,0
177,13,PACKED,1,1,Box6,Box6,24.75,24.75,61.4,61.4,0,29.711,370.72,0
178,9,PACKED,1,1,Box5,Box8,20.77,14.62,49.0,69.4,0,15.232,196.41,0
179,10,PACKED,1,1,Box6,Box6,24.75,24.75,66.7,66.7,0,17.314,202.87,0
180,17,PACKED,1,1,Box5,Box5,20.77,20.77,57.6,57.6,0,60.956,218.73,0
181,4,PACKED,1,1,Box4,Box4,13.26,13.26,66.4,66.4,0,0.755,186.9,0
182,4,PACKED,1,1,Box5,Box8,20.77,14.62,41.0,58.0,0,2.225,207.33,0
183,3,PACKED,1,1,Box2,Box2,5.28,5.28,19.9,19.9,0,0.281,185.99,0
184,7,PACKED,1,1,Box8,Box8,14.62,14.62,59.3,59.3,0,6.489,185.73,0
185,3,PACKED,1,1,Box2,Box2,5.28,5.28,31.2,31.2,0,0.301,228.2,0
186,5,PACKED,1,1,Box5,Box5,20.77,20.77,53.4,53.4,0,3.495,669.08,0
187,5,PACKED,1,1,Box4,Box4,13.26,13.26,32.6,32.6,0,1.379,201.63,0
188,6,PACKED,1,1,Box4,Box4,13.26,13.26,48.8,48.8,0,1.643,190.71,0
189,4,PACKED,1,1,Box2,Box2,5.28,5.28,28.3,28.3,0,0.403,276.24,0
190,7,PACKED,1,1,Box6,Box6,24.75,24.75,62.2,62.2,0,6.184,250.23,0
191,9,PACKED,1,1,Box4,Box4,13.26,13.26,58.4,58.4,0,3.997,274.76,0
192,5,PACKED,1,1,Box8,Box8,14.62,14.62,56.6,56.6,0,2.213,263.53,0
193,7,PACKED,1,1,Box5,Box5,20.77,20.77,49.7,49.7,0,3.972,258.86,0
194,8,PACKED,1,1,Box8,Box8,14.62,14.62,39.3,39.3,0,5.057,231.2,0
195,11,PACKED,1,1,Box6,Box6,24.75,24.75,61.0,61.0,0,6.99,368.63,0
196,7,PACKED,1,1,Box4,Box4,13.26,13.26,47.8,47.8,0,2.832,228.68,0
197,8,PACKED,1,1,Box8,Box4,14.62,13.26,58.8,66.1,0,6.846,193.55,0
198,11,PACKED,1,1,Box6,Box6,24.75,24.75,69.9,69.9,0,20.976,191.63,0
199,4,PACKED,1,1,Box2,Box2,5.28,5.28,24.0,24.0,0,0.399,180.87,0
200,13,PACKED,1,1,Box4,Box4,13.26,13.26,30.6,30.6,0,9.347,189.16,0
201,3,PACKED,1,1,Box2,Box2,5.28,5.28,23.5,23.5,0,0.282,183.1,0
202,6,PACKED,1,1,Box2,Box2,5.28,5.28,45.2,45.2,0,0.81,193.33,0
203,3,PACKED,1,1,Box2,Box2,5.28,5.28,15.6,15.6,0,0.278,204.6,0
204,6,PACKED,1,1,Box4,Box4,13.26,13.26,48.7,48.7,0,1.257,192.45,0
205,3,PACKED,1,1,Box4,Box4,13.26,13.26,36.1,36.1,0,0.652,184.07,0
206,5,PACKED,1,1,Box4,Box4,13.26,13.26,38.4,38.4,0,1.513,190.1,0
207,4,PACKED,1,1,Box8,Box8,14.62,14.62,16.8,16.8,0,1.496,200.02,0
208,4,PACKED,1,1,Box8,Box8,14.62,14.62,29.5,29.5,0,1.292,199.29,0
209,5,PACKED,1,1,Box4,Box4,13.26,13.26,45.4,45.4,0,1.001,310.71,0
210,4,PACKED,1,1,Box2,Box2,5.28,5.28,30.3,30.3,0,0.404,197.27,0
211,11,PACKED,1,1,Box8,Box8,14.62,14.62,40.5,40.5,0,12.803,197.2,0
212,8,PACKED,1,1,Box8,Box8,14.62,14.62,41.6,41.6,0,6.631,207.86,0
213,7,PACKED,1,1,Box6,Box6,24.75,24.75,49.9,49.9,0,11.02,257.58,0
214,13,PACKED,1,1,Box9,Box9,42.5,42.5,48.7,48.7,0,21.195,203.27,0
215,1,PACKED,1,1,Box2,Box2,5.28,5.28,30.7,30.7,0,0.097,221.8,0
216,3,PACKED,1,1,Box4,Box4,13.26,13.26,37.7,37.7,0,0.702,213.35,0
217,4,PACKED,1,1,Box2,Box2,5.28,5.28,50.1,50.1,0,0.693,210.8,0
218,5,PACKED,1,1,Box4,Box2,13.26,5.28,23.9,60.7,0,1.018,231.21,0
219,5,PACKED,1,1,Box5,Box5,20.77,20.77,52.4,52.4,0,2.943,209.13,0
220,5,PACKED,1,1,Box8,Box8,14.62,14.62,18.5,18.5,0,3.222,218.06,0
221,11,PACKED,1,1,Box8,Box8,14.62,14.62,69.9,69.9,0,12.322,182.84,0
222,6,PACKED,1,1,Box8,Box8,14.62,14.62,27.3,27.3,0,2.274,170.29,0
223,1,PACKED,1,1,Box2,Box2,5.28,5.28,26.0,26.0,0,0.103,168.37,0
224,10,PACKED,1,1,Box9,Box9,42.5,42.5,58.9,58.9,0,8.398,184.48,0
225,5,PACKED,1,1,Box4,Box4,13.26,13.26,53.7,53.7,0,0.895,213.98,0
226,9,PACKED,1,1,Box2,Box2,5.28,5.28,34.1,34.1,0,1.718,188.82,0
227,8,PACKED,1,1,Box8,Box8,14.62,14.62,61.9,61.9,0,5.575,739.23,0
228,7,PACKED,1,1,Box8,Box8,14.62,14.62,20.6,20.6,0,5.253,176.61,0
229,5,PACKED,1,1,Box8,Box8,14.62,14.62,48.8,48.8,0,1.939,174.24,0
230,5,PACKED,1,1,Box4,Box4,13.26,13.26,34.9,34.9,0,1.159,164.1,0
231,5,PACKED,1,1,Box4,Box4,13.26,13.26,50.7,50.7,0,1.206,204.37,0
232,7,PACKED,1,1,Box6,Box6,24.75,24.75,58.3,58.3,0,8.14,178.84,0
233,6,PACKED,1,1,Box2,Box2,5.28,5.28,29.8,29.8,0,0.875,173.86,0
234,4,PACKED,1,1,Box4,Box4,13.26,13.26,24.0,24.0,0,1.061,169.71,0
235,6,PACKED,1,1,Box4,Box4,13.26,13.26,35.8,35.8,0,3.642,159.97,0
236,6,PACKED,1,1,Box4,Box4,13.26,13.26,28.1,28.1,0,2.583,165.45,0
237,6,PACKED,1,1,Box9,Box6,42.5,24.75,36.6,62.8,0,7.293,171.13,0
238,10,PACKED,1,1,Box6,Box5,24.75,20.77,54.5,65.2,0,7.567,184.86,0
239,19,PACKED,1,1,Box9,Box9,42.5,42.5,54.8,54.8,0,23.059,199.17,0
240,4,PACKED,1,1,Box4,Box4,13.26,13.26,56.8,56.8,0,1.31,167.53,0
241,4,PACKED,2,2,Box5+Box9,Box5+Box9,63.28,63.28,45.2,45.2,0,4.534,230.44,0
242,2,PACKED,1,1,Box2,Box2,5.28,5.28,9.5,9.5,0,0.181,206.7,0
243,7,PACKED,1,1,Box4,Box4,13.26,13.26,54.8,54.8,0,1.998,179.17,0
244,6,PACKED,1,1,Box5,Box5,20.77,20.77,59.2,59.2,0,4.928,224.25,0
245,5,PACKED,1,1,Box4,Box2,13.26,5.28,16.8,42.7,0,2.768,193.94,0
246,6,PACKED,1,1,Box4,Box2,13.26,5.28,20.6,52.4,0,3.486,163.6,0
247,4,PACKED,1,1,Box4,Box4,13.26,13.26,52.2,52.2,0,0.908,163.82,0
248,14,PACKED,1,1,Box9,Box9,42.5,42.5,52.6,52.6,0,20.687,188.9,0
249,11,PACKED,1,1,Box9,Box9,42.5,42.5,53.9,53.9,0,6.521,173.34,0
250,12,PACKED,1,1,Box5,Box5,20.77,20.77,59.6,59.6,0,13.105,178.05,0
251,9,PACKED,1,1,Box5,Box5,20.77,20.77,58.4,58.4,0,7.734,172.5,0
252,6,PACKED,1,1,Box4,Box4,13.26,13.26,61.2,61.2,0,1.323,160.98,0
253,4,PACKED,1,1,Box8,Box8,14.62,14.62,53.7,53.7,0,1.282,191.38,0
254,5,PACKED,1,1,Box8,Box8,14.62,14.62,63.2,63.2,0,2.191,177.79,0
255,4,PACKED,1,1,Box2,Box2,5.28,5.28,34.8,34.8,0,0.433,162.74,0
256,3,PACKED,1,1,Box5,Box5,20.77,20.77,41.1,41.1,0,1.318,174.68,0
257,4,PACKED,1,1,Box4,Box4,13.26,13.26,53.1,53.1,0,0.928,173.14,0
258,4,PACKED,1,1,Box2,Box2,5.28,5.28,37.5,37.5,0,0.624,180.84,0
259,5,PACKED,1,1,Box6,Box6,24.75,24.75,54.1,54.1,0,3.377,195.12,0
260,8,PACKED,2,1,Box5+Box6,Box9,45.53,42.5,68.4,73.2,0,14.183,383.14,0
261,6,PACKED,1,1,Box2,Box2,5.28,5.28,47.8,47.8,0,0.807,176.06,0
262,5,PACKED,1,1,Box2,Box2,5.28,5.28,36.2,36.2,0,0.57,186.36,0
263,5,PACKED,1,1,Box8,Box8,14.62,14.62,81.3,81.3,0,2.163,170.01,0
264,6,PACKED,1,1,Box6,Box9,24.75,42.5,79.9,46.5,0,6.304,311.35,0
265,7,PACKED,1,1,Box5,Box5,20.77,20.77,61.8,61.8,0,7.242,204.09,0
266,8,PACKED,1,1,Box4,Box2,13.26,5.28,21.0,53.4,0,8.994,190.45,0
267,13,PACKED,1,1,Box9,Box9,42.5,42.5,62.4,62.4,0,16.115,168.58,0
268,11,PACKED,1,1,Box9,Box9,42.5,42.5,55.6,55.6,0,23.984,168.41,0
269,10,PACKED,1,1,Box8,Box8,14.62,14.62,44.5,44.5,0,12.559,157.67,0
270,8,PACKED,1,1,Box2,Box2,5.28,5.28,48.0,48.0,0,1.289,169.5,0
271,3,PACKED,1,1,Box6,Box6,24.75,24.75,64.2,64.2,0,1.452,157.26,0
272,2,PACKED,1,1,Box4,Box4,13.26,13.26,43.1,43.1,0,0.372,161.41,0
273,4,PACKED,1,1,Box9,Box9,42.5,42.5,45.4,45.4,0,2.614,175.48,0
274,7,PACKED,1,1,Box2,Box2,5.28,5.28,39.3,39.3,0,0.997,170.27,0
275,4,PACKED,1,1,Box5,Box5,20.77,20.77,36.3,36.3,0,1.89,833.78,0
276,2,PACKED,1,1,Box2,Box2,5.28,5.28,41.7,41.7,0,0.177,276.26,0
277,7,PACKED,1,1,Box6,Box6,24.75,24.75,65.2,65.2,0,3.734,164.3,0
278,3,PACKED,1,1,Box9,Box9,42.5,42.5,18.3,18.3,0,1.954,162.75,0
279,4,PACKED,1,1,Box8,Box8,14.62,14.62,46.3,46.3,0,1.49,213.59,0
280,8,PACKED,1,1,Box8,Box8,14.62,14.62,49.5,49.5,0,7.226,202.78,0
281,8,PACKED,1,1,Box8,Box8,14.62,14.62,62.5,62.5,0,7.973,315.04,0
282,8,PACKED,1,1,Box9,Box9,42.5,42.5,41.3,41.3,0,9.439,290.02,0
283,8,PACKED,1,1,Box4,Box4,13.26,13.26,55.1,55.1,0,3.062,158.77,0
284,7,PACKED,1,1,Box6,Box6,24.75,24.75,58.2,58.2,0,7.729,162.37,0
285,8,PACKED,1,1,Box8,Box8,14.62,14.62,46.7,46.7,0,3.184,177.96,0
286,7,PACKED,1,1,Box8,Box8,14.62,14.62,43.9,43.9,0,4.2,157.73,0
287,7,PACKED,1,1,Box8,Box8,14.62,14.62,60.7,60.7,0,5.91,174.12,0
288,3,PACKED,1,1,Box4,Box4,13.26,13.26,35.5,35.5,0,0.665,171.18,0
289,1,PACKED,1,1,Box2,Box2,5.28,5.28,47.3,47.3,0,0.1,161.39,0
290,8,PACKED,1,1,Box4,Box4,13.26,13.26,50.9,50.9,0,1.944,172.84,0
291,5,PACKED,1,1,Box4,Box4,13.26,13.26,54.4,54.4,0,1.488,199.0,0
292,8,PACKED,1,1,Box4,Box4,13.26,13.26,66.6,66.6,0,4.747,173.38,0
293,3,PACKED,1,1,Box5,Box5,20.77,20.77,67.9,67.9,0,1.223,174.79,0
294,4,PACKED,1,1,Box4,Box4,13.26,13.26,25.7,25.7,0,0.977,167.88,0
295,7,PACKED,1,1,Box4,Box4,13.26,13.26,53.4,53.4,0,2.255,171.42,0
296,4,PACKED,1,1,Box4,Box4,13.26,13.26,39.0,39.0,0,0.812,187.13,0
297,7,PACKED,1,1,Box4,Box4,13.26,13.26,28.4,28.4,0,3.052,179.67,0
298,5,PACKED,1,1,Box4,Box4,13.26,13.26,21.0,21.0,0,1.8,194.76,0
299,6,PACKED,1,1,Box4,Box4,13.26,13.26,35.1,35.1,0,2.173,150.92,0
300,7,PACKED,1,1,Box8,Box8,14.62,14.62,26.9,26.9,0,5.461,173.51,0
301,10,PACKED,1,1,Box5,Box5,20.77,20.77,50.0,50.0,0,11.577,183.51,0
302,10,PACKED,1,1,Box8,Box8,14.62,14.62,30.3,30.3,0,12.857,195.76,0
303,11,PACKED,1,1,Box9,Box9,42.5,42.5,54.4,54.4,0,21.546,164.16,0
304,4,PACKED,1,1,Box4,Box4,13.26,13.26,24.7,24.7,0,0.808,184.62,0
305,5,PACKED,1,1,Box6,Box6,24.75,24.75,71.1,71.1,0,3.446,190.24,0
306,7,PACKED,1,1,Box9,Box9,42.5,42.5,42.1,42.1,0,6.619,341.26,0
307,8,PACKED,1,1,Box2,Box2,5.28,5.28,61.2,61.2,0,1.399,193.36,0
308,5,PACKED,1,1,Box4,Box4,13.26,13.26,45.6,45.6,0,1.283,176.13,0
309,4,PACKED,1,1,Box5,Box5,20.77,20.77,52.2,52.2,0,2.334,179.69,0
310,7,PACKED,1,1,Box9,Box9,42.5,42.5,45.2,45.2,0,6.385,303.62,0
311,6,PACKED,1,1,Box2,Box2,5.28,5.28,29.8,29.8,0,0.878,179.85,0
312,8,PACKED,1,1,Box9,Box9,42.5,42.5,37.6,37.6,0,11.972,197.65,0
313,9,PACKED,1,1,Box8,Box8,14.62,14.62,53.2,53.2,0,6.589,184.15,0
314,8,PACKED,1,1,Box6,Box6,24.75,24.75,59.5,59.5,0,7.833,178.2,0
315,8,PACKED,1,1,Box8,Box8,14.62,14.62,59.8,59.8,0,4.484,164.59,0
316,6,PACKED,1,1,Box8,Box8,14.62,14.62,33.5,33.5,0,2.651,204.12,0
317,10,PACKED,1,1,Box5,Box5,20.77,20.77,52.7,52.7,0,20.049,283.3,0
318,12,PACKED,1,1,Box4,Box4,13.26,13.26,64.4,64.4,0,8.47,190.25,0
319,11,PACKED,1,1,Box6,Box6,24.75,24.75,59.3,59.3,0,15.245,183.46,0
320,17,PACKED,2,2,Box6+Box6,Box8+Box9,49.5,57.12,63.3,39.9,0,91.426,1011.15,0
321,15,PACKED,1,2,Box9,Box8+Box9,42.5,57.12,68.9,37.5,0,28.474,242.01,0
322,3,PACKED,1,1,Box2,Box2,5.28,5.28,14.2,14.2,0,0.283,182.8,0
323,5,PACKED,1,1,Box4,Box4,13.26,13.26,33.2,33.2,0,1.299,173.84,0
324,5,PACKED,1,1,Box5,Box5,20.77,20.77,55.6,55.6,0,3.106,160.4,0
325,3,PACKED,1,1,Box2,Box2,5.28,5.28,23.4,23.4,0,0.286,166.19,0
326,3,PACKED,1,1,Box2,Box2,5.28,5.28,24.6,24.6,0,0.279,179.98,0
327,4,PACKED,1,1,Box4,Box4,13.26,13.26,36.6,36.6,0,0.832,195.68,0
328,5,PACKED,1,1,Box4,Box4,13.26,13.26,19.1,19.1,0,1.776,187.45,0
329,7,PACKED,1,1,Box6,Box6,24.75,24.75,59.1,59.1,0,9.338,198.31,0
330,5,PACKED,1,1,Box4,Box4,13.26,13.26,41.1,41.1,0,1.738,161.18,0
331,6,PACKED,1,1,Box6,Box6,24.75,24.75,42.7,42.7,0,8.659,162.35,0
332,7,PACKED,1,1,Box8,Box8,14.62,14.62,46.5,46.5,0,6.458,176.43,0
333,8,PACKED,1,1,Box6,Box6,24.75,24.75,57.8,57.8,0,7.901,188.12,0
334,10,PACKED,1,1,Box6,Box5,24.75,20.77,49.1,58.7,0,11.212,189.08,0
335,24,PACKED,1,1,Box5,Box5,20.77,20.77,52.1,52.1,0,146.879,212.36,0
336,4,PACKED,1,1,Box4,Box4,13.26,13.26,41.5,41.5,0,0.925,165.86,0
337,3,PACKED,1,1,Box2,Box2,5.28,5.28,25.3,25.3,0,0.287,196.59,0
338,4,PACKED,1,1,Box4,Box4,13.26,13.26,53.6,53.6,0,0.719,187.5,0
339,3,PACKED,1,1,Box9,Box9,42.5,42.5,17.8,17.8,0,1.989,185.31,0
340,9,PACKED,1,1,Box2,Box2,5.28,5.28,40.3,40.3,0,1.522,174.44,0
341,6,PACKED,1,1,Box6,Box5,24.75,20.77,54.9,65.7,0,7.785,181.63,0
342,4,PACKED,1,1,Box4,Box4,13.26,13.26,23.2,23.2,0,0.819,186.59,0
343,4,PACKED,1,1,Box5,Box5,20.77,20.77,59.9,59.9,0,1.77,193.24,0
344,5,PACKED,1,1,Box5,Box5,20.77,20.77,64.1,64.1,0,3.815,177.91,0
345,8,PACKED,1,1,Box4,Box4,13.26,13.26,39.3,39.3,0,1.801,172.85,0
346,5,PACKED,1,1,Box4,Box4,13.26,13.26,55.0,55.0,0,1.04,194.33,0
347,8,PACKED,1,1,Box8,Box8,14.62,14.62,64.1,64.1,0,5.468,202.6,0
348,9,PACKED,1,1,Box5,Box5,20.77,20.77,53.5,53.5,0,9.056,174.38,0
349,4,PACKED,1,1,Box4,Box4,13.26,13.26,30.4,30.4,0,1.167,174.94,0
350,7,PACKED,1,1,Box5,Box5,20.77,20.77,46.5,46.5,0,4.933,177.12,0
351,8,PACKED,1,1,Box9,Box9,42.5,42.5,47.8,47.8,0,11.05,216.03,0
352,6,PACKED,1,1,Box4,Box4,13.26,13.26,36.7,36.7,0,2.356,163.96,0
353,8,PACKED,1,1,Box6,Box6,24.75,24.75,52.0,52.0,0,11.609,169.25,0
354,5,PACKED,1,1,Box8,Box8,14.62,14.62,73.8,73.8,0,1.936,194.74,0
355,6,PACKED,1,1,Box2,Box2,5.28,5.28,27.8,27.8,0,0.741,182.4,0
356,2,PACKED,1,1,Box8,Box8,14.62,14.62,38.7,38.7,0,0.561,183.75,0
357,7,PACKED,1,1,Box2,Box2,5.28,5.28,39.3,39.3,0,1.047,173.96,0
358,5,PACKED,1,1,Box4,Box4,13.26,13.26,48.2,48.2,0,1.18,180.32,0
359,6,PACKED,1,1,Box2,Box2,5.28,5.28,35.7,35.7,0,0.765,154.17,0
360,7,PACKED,1,1,Box5,Box5,20.77,20.77,66.6,66.6,0,4.079,164.28,0
361,7,PACKED,1,1,Box9,Box9,42.5,42.5,47.3,47.3,0,5.985,180.64,0
362,8,PACKED,1,1,Box4,Box4,13.26,13.26,53.1,53.1,0,2.542,193.46,0
363,7,PACKED,1,1,Box6,Box6,24.75,24.75,45.6,45.6,0,10.188,176.11,0
364,9,PACKED,1,1,Box6,Box6,24.75,24.75,48.8,48.8,0,9.171,187.77,0
365,4,PACKED,1,1,Box2,Box2,5.28,5.28,24.0,24.0,0,0.398,207.22,0
366,5,PACKED,1,1,Box4,Box4,13.26,13.26,57.4,57.4,0,1.699,202.2,0
367,6,PACKED,1,1,Box8,Box8,14.62,14.62,53.3,53.3,0,4.105,165.15,0
368,7,PACKED,1,1,Box8,Box8,14.62,14.62,69.5,69.5,0,4.62,730.55,0
369,4,PACKED,1,1,Box4,Box4,13.26,13.26,21.3,21.3,0,0.997,194.74,0
370,8,PACKED,1,1,Box9,Box9,42.5,42.5,63.1,63.1,0,5.168,174.49,0
371,6,PACKED,1,1,Box4,Box4,13.26,13.26,23.6,23.6,0,2.132,168.04,0
372,4,PACKED,1,1,Box2,Box2,5.28,5.28,34.7,34.7,0,0.406,156.74,0
373,8,PACKED,2,1,Box5+Box6,Box9,45.53,42.5,67.6,72.3,0,13.408,333.51,0
374,6,PACKED,1,1,Box8,Box8,14.62,14.62,58.7,58.7,0,3.011,154.22,0
375,4,PACKED,1,1,Box2,Box2,5.28,5.28,45.4,45.4,0,0.405,188.6,0
376,9,PACKED,1,1,Box5,Box5,20.77,20.77,63.3,63.3,0,13.148,314.53,0
377,10,PACKED,1,1,Box6,Box6,24.75,24.75,63.1,63.1,0,15.348,175.58,0
378,11,PACKED,1,1,Box5,Box5,20.77,20.77,56.4,56.4,0,31.622,206.69,0
379,4,PACKED,1,1,Box2,Box2,5.28,5.28,24.0,24.0,0,0.398,188.31,0
380,4,PACKED,1,1,Box4,Box4,13.26,13.26,65.4,65.4,0,0.932,175.48,0
381,2,PACKED,1,1,Box2,Box2,5.28,5.28,10.0,10.0,0,0.176,172.59,0
382,5,PACKED,3,3,Box5+Box9+Box9,Box5+Box9+Box9,105.78,105.78,35.4,35.4,0,23.955,273.0,0
383,5,PACKED,1,1,Box2,Box2,5.28,5.28,28.5,28.5,0,0.564,179.56,0
384,4,PACKED,1,1,Box4,Box4,13.26,13.26,59.9,59.9,0,0.923,184.15,0
385,5,PACKED,1,1,Box2,Box2,5.28,5.28,26.9,26.9,0,0.554,186.62,0
386,3,PACKED,1,1,Box4,Box4,13.26,13.26,22.6,22.6,0,0.639,158.61,0
387,3,PACKED,1,1,Box6,Box6,24.75,24.75,67.9,67.9,0,1.564,178.82,0
388,7,PACKED,1,1,Box8,Box8,14.62,14.62,62.7,62.7,0,3.304,174.32,0
389,14,PACKED,1,1,Box5,Box5,20.77,20.77,68.4,68.4,0,27.208,212.66,0
390,4,PACKED,1,1,Box4,Box4,13.26,13.26,31.3,31.3,0,0.825,176.61,0
391,3,PACKED,1,1,Box2,Box2,5.28,5.28,32.9,32.9,0,0.293,221.87,0
392,8,PACKED,1,1,Box9,Box9,42.5,42.5,42.7,42.7,0,6.44,171.33,0
393,11,PACKED,1,1,Box8,Box4,14.62,13.26,62.3,70.0,0,16.746,164.6,0
394,5,PACKED,1,1,Box5,Box5,20.77,20.77,60.8,60.8,0,2.524,169.88,0
395,5,PACKED,1,1,Box2,Box2,5.28,5.28,48.4,48.4,0,1.196,170.59,0
396,4,PACKED,1,1,Box8,Box8,14.62,14.62,38.1,38.1,0,1.53,183.06,0
397,5,PACKED,1,1,Box4,Box4,13.26,13.26,33.0,33.0,0,1.13,170.26,0
398,5,PACKED,1,1,Box8,Box8,14.62,14.62,35.9,35.9,0,1.859,169.94,0
399,7,PACKED,1,1,Box6,Box6,24.75,24.75,52.0,52.0,0,8.009,170.57,0
400,5,PACKED,1,1,Box8,Box8,14.62,14.62,30.2,30.2,0,1.693,180.24,0
401,7,PACKED,1,1,Box8,Box8,14.62,14.62,50.0,50.0,0,2.817,157.75,0
402,7,PACKED,1,1,Box2,Box2,5.28,5.28,54.7,54.7,0,1.687,187.43,0
403,6,PACKED,2,2,Box6+Box9,Box5+Box9,67.26,63.28,49.8,48.4,0,12.397,225.08,0
404,7,PACKED,1,1,Box8,Box8,14.62,14.62,45.9,45.9,0,3.185,160.65,0
405,12,PACKED,1,1,Box9,Box9,42.5,42.5,43.4,43.4,0,18.724,306.39,0
406,9,PACKED,1,1,Box9,Box9,42.5,42.5,61.8,61.8,0,6.069,180.07,0
407,20,PACKED,1,1,Box9,Box9,42.5,42.5,51.9,51.9,0,156.378,198.3,0
408,5,PACKED,1,1,Box8,Box8,14.62,14.62,73.8,73.8,0,1.949,177.71,0
409,4,PACKED,1,1,Box2,Box2,5.28,5.28,20.0,20.0,0,0.401,168.82,0
410,11,PACKED,1,1,Box4,Box4,13.26,13.26,36.1,36.1,0,3.845,168.56,0
411,4,PACKED,1,1,Box4,Box4,13.26,13.26,51.6,51.6,0,0.815,180.47,0
412,7,PACKED,1,1,Box5,Box5,20.77,20.77,57.9,57.9,0,3.854,177.64,0
413,4,PACKED,1,1,Box4,Box4,13.26,13.26,55.3,55.3,0,0.698,198.45,0
414,3,PACKED,1,1,Box2,Box2,5.28,5.28,25.8,25.8,0,0.291,733.72,0
415,4,PACKED,1,1,Box5,Box5,20.77,20.77,36.3,36.3,0,1.762,273.76,0
416,4,PACKED,1,1,Box5,Box4,20.77,13.26,44.1,70.1,0,1.979,187.48,0
417,4,PACKED,1,1,Box4,Box4,13.26,13.26,49.6,49.6,0,0.777,192.82,0
418,6,PACKED,1,1,Box4,Box4,13.26,13.26,33.2,33.2,0,2.043,183.47,0
419,4,PACKED,1,1,Box4,Box4,13.26,13.26,29.0,29.0,0,0.824,258.68,0
420,5,PACKED,1,1,Box9,Box9,42.5,42.5,26.2,26.2,0,4.715,331.78,0
421,5,PACKED,1,1,Box2,Box2,5.28,5.28,34.2,34.2,0,0.549,228.61,0
422,4,PACKED,1,1,Box4,Box4,13.26,13.26,25.8,25.8,0,0.843,194.19,0
423,8,PACKED,1,1,Box4,Box4,13.26,13.26,56.7,56.7,0,3.259,218.87,0
424,8,PACKED,1,1,Box4,Box4,13.26,13.26,28.8,28.8,0,3.978,179.37,0
425,5,PACKED,1,1,Box8,Box8,14.62,14.62,36.8,36.8,0,1.938,169.71,0
426,7,PACKED,1,1,Box8,Box8,14.62,14.62,27.4,27.4,0,4.541,178.84,0
427,10,PACKED,1,1,Box5,Box5,20.77,20.77,56.3,56.3,0,21.239,201.77,0
428,5,PACKED,1,1,Box8,Box8,14.62,14.62,48.8,48.8,0,2.088,206.69,0
429,10,PACKED,1,1,Box8,Box8,14.62,14.62,28.3,28.3,0,12.182,218.16,0
430,7,PACKED,1,1,Box8,Box8,14.62,14.62,64.5,64.5,0,4.994,193.12,0
431,7,PACKED,1,1,Box6,Box6,24.75,24.75,56.3,56.3,0,10.207,177.84,0
432,16,PACKED,1,1,Box9,Box9,42.5,42.5,69.1,69.1,0,11.674,173.83,0
433,10,PACKED,1,1,Box5,Box5,20.77,20.77,53.9,53.9,0,12.407,174.97,0
434,10,PACKED,1,1,Box6,Box6,24.75,24.75,62.4,62.4,0,21.615,192.21,0
435,12,PACKED,1,1,Box9,Box9,42.5,42.5,42.7,42.7,0,48.403,190.7,0
436,14,PACKED,1,1,Box9,Box9,42.5,42.5,47.3,47.3,0,24.02,190.94,0
437,2,PACKED,1,1,Box4,Box4,13.26,13.26,37.0,37.0,0,0.38,172.0,0
438,5,PACKED,1,1,Box2,Box2,5.28,5.28,33.6,33.6,0,0.726,197.28,0
439,5,PACKED,1,1,Box4,Box4,13.26,13.26,25.3,25.3,0,1.584,174.25,0
440,3,PACKED,1,1,Box2,Box2,5.28,5.28,23.4,23.4,0,0.275,212.19,0
441,7,PACKED,2,2,Box5+Box9,Box5+Box9,63.28,63.28,38.5,38.5,0,10.126,230.0,0
442,5,PACKED,1,1,Box9,Box9,42.5,42.5,35.7,35.7,0,3.496,159.32,0
443,4,PACKED,1,1,Box8,Box8,14.62,14.62,59.2,59.2,0,1.853,175.56,0
444,5,PACKED,1,1,Box4,Box4,13.26,13.26,30.4,30.4,0,1.817,186.66,0
445,8,PACKED,1,1,Box4,Box4,13.26,13.26,62.2,62.2,0,4.375,169.94,0
446,8,PACKED,1,1,Box2,Box2,5.28,5.28,48.0,48.0,0,1.386,194.11,0
447,1,PACKED,1,1,Box2,Box2,5.28,5.28,47.3,47.3,0,0.121,172.34,0
448,10,PACKED,1,1,Box5,Box5,20.77,20.77,55.8,55.8,0,21.834,183.65,0
449,2,PACKED,1,1,Box4,Box4,13.26,13.26,37.0,37.0,0,0.394,187.14,0
450,4,PACKED,1,1,Box6,Box6,24.75,24.75,57.8,57.8,0,2.046,212.02,0
451,4,PACKED,1,1,Box5,Box5,20.77,20.77,57.8,57.8,0,1.896,196.09,0
452,3,PACKED,1,1,Box4,Box4,13.26,13.26,24.7,24.7,0,0.642,180.83,0
453,5,PACKED,1,1,Box5,Box5,20.77,20.77,61.7,61.7,0,4.68,168.19,0
454,5,PACKED,1,1,Box4,Box4,13.26,13.26,54.0,54.0,0,1.657,180.01,0
455,5,PACKED,1,1,Box2,Box2,5.28,5.28,32.1,32.1,0,0.566,180.67,0
456,5,PACKED,1,1,Box9,Box9,42.5,42.5,26.5,26.5,0,5.362,204.45,0
457,11,PACKED,2,1,Box2+Box9,Box9,47.78,42.5,44.1,71.2,0,21.551,346.27,0
458,8,PACKED,1,1,Box8,Box8,14.62,14.62,60.7,60.7,0,8.256,718.39,0
459,9,PACKED,1,1,Box8,Box8,14.62,14.62,62.0,62.0,0,9.43,170.76,0
460,20,PACKED,1,1,Box4,Box4,13.26,13.26,41.1,41.1,0,32.037,200.8,0
461,9,PACKED,1,1,Box9,Box9,42.5,42.5,51.9,51.9,0,12.797,174.62,0
462,10,PACKED,1,1,Box8,Box8,14.62,14.62,58.1,58.1,0,6.046,166.0,0
463,6,PACKED,1,1,Box4,Box4,13.26,13.26,28.6,28.6,0,2.956,182.86,0
464,8,PACKED,1,1,Box8,Box8,14.62,14.62,43.8,43.8,0,8.456,162.6,0
465,5,PACKED,1,1,Box8,Box8,14.62,14.62,56.7,56.7,0,1.625,170.43,0
466,6,PACKED,1,1,Box4,Box4,13.26,13.26,45.9,45.9,0,1.314,188.85,0
467,8,PACKED,1,1,Box8,Box8,14.62,14.62,35.7,35.7,0,4.137,197.42,0
468,4,PACKED,1,1,Box2,Box2,5.28,5.28,24.0,24.0,0,0.397,212.76,0
469,7,PACKED,1,1,Box2,Box2,5.28,5.28,39.3,39.3,0,1.009,188.08,0
470,4,PACKED,1,1,Box4,Box4,13.26,13.26,29.0,29.0,0,0.886,184.83,0
471,8,PACKED,1,1,Box4,Box4,13.26,13.26,27.1,27.1,0,2.513,185.87,0
472,5,PACKED,1,1,Box4,Box4,13.26,13.26,39.3,39.3,0,1.486,176.56,0
473,5,PACKED,1,1,Box8,Box8,14.62,14.62,33.3,33.3,0,1.836,176.89,0
474,5,PACKED,1,1,Box8,Box8,14.62,14.62,28.4,28.4,0,2.879,169.45,0
475,9,PACKED,1,1,Box8,Box8,14.62,14.62,57.0,57.0,0,4.302,161.46,0
476,9,PACKED,1,1,Box9,Box9,42.5,42.5,40.9,40.9,0,18.479,315.12,0
477,11,PACKED,1,1,Box5,Box5,20.77,20.77,51.9,51.9,0,11.418,189.87,0
478,10,PACKED,1,1,Box9,Box9,42.5,42.5,48.6,48.6,0,16.967,196.97,0
479,10,PACKED,1,1,Box5,Box5,20.77,20.77,50.3,50.3,0,18.156,199.68,0
480,6,PACKED,1,1,Box4,Box4,13.26,13.26,31.1,31.1,0,1.601,193.92,0
481,10,PACKED,1,1,Box5,Box5,20.77,20.77,49.5,49.5,0,16.328,191.86,0
482,7,PACKED,2,1,Box5+Box9,Box9,63.28,42.5,42.4,66.3,0,7.951,175.4,0
483,2,PACKED,1,1,Box5,Box5,20.77,20.77,39.8,39.8,0,0.693,199.8,0
484,9,PACKED,1,1,Box2,Box2,5.28,5.28,66.0,66.0,0,1.53,173.86,0
485,7,PACKED,1,1,Box5,Box5,20.77,20.77,29.7,29.7,0,5.676,169.75,0
486,6,PACKED,1,1,Box4,Box4,13.26,13.26,48.8,48.8,0,1.774,172.81,0
487,4,PACKED,1,1,Box8,Box8,14.62,14.62,59.3,59.3,0,2.59,182.94,0
488,9,PACKED,1,1,Box4,Box4,13.26,13.26,32.2,32.2,0,7.469,182.9,0
489,7,PACKED,1,1,Box8,Box8,14.62,14.62,27.5,27.5,0,6.647,188.84,0
490,8,PACKED,1,1,Box5,Box5,20.77,20.77,59.0,59.0,0,7.299,225.72,0
491,8,PACKED,1,1,Box4,Box4,13.26,13.26,35.6,35.6,0,4.983,174.99,0
492,10,PACKED,1,1,Box2,Box2,5.28,5.28,61.2,61.2,0,1.782,168.39,0
493,4,PACKED,1,1,Box2,Box2,5.28,5.28,24.0,24.0,0,0.408,178.41,0
494,3,PACKED,1,1,Box5,Box4,20.77,13.26,41.8,66.4,0,1.354,203.02,0
495,4,PACKED,1,1,Box4,Box4,13.26,13.26,34.6,34.6,0,0.955,176.3,0
496,4,PACKED,1,1,Box4,Box4,13.26,13.26,31.2,31.2,0,0.727,202.41,0
497,6,PACKED,1,1,Box4,Box4,13.26,13.26,32.8,32.8,0,3.2,193.54,0
498,9,PACKED,1,1,Box8,Box8,14.62,14.62,42.8,42.8,0,13.129,178.33,0
499,7,PACKED,1,1,Box8,Box8,14.62,14.62,69.8,69.8,0,8.699,212.61,0
500,9,PACKED,1,1,Box6,Box8,24.75,14.62,38.4,65.0,0,20.606,199.1,0
501,4,PACKED,1,1,Box2,Box2,5.28,5.28,24.0,24.0,0,0.406,198.83,0
502,3,PACKED,1,1,Box4,Box4,13.26,13.26,19.1,19.1,0,0.641,187.78,0
503,7,PACKED,1,1,Box2,Box2,5.28,5.28,36.9,36.9,0,1.04,541.18,0
504,6,PACKED,1,1,Box2,Box2,5.28,5.28,29.8,29.8,0,0.868,163.16,0
505,12,PACKED,2,1,Box6+Box6,Box9,49.5,42.5,65.7,76.5,0,28.372,353.15,0
506,8,PACKED,1,1,Box9,Box9,42.5,42.5,48.2,48.2,0,9.074,191.43,0
507,7,PACKED,1,1,Box5,Box5,20.77,20.77,59.5,59.5,0,6.819,167.66,0
508,4,PACKED,1,1,Box2,Box2,5.28,5.28,24.0,24.0,0,0.412,212.58,0
509,4,PACKED,1,1,Box6,Box6,24.75,24.75,69.8,69.8,0,2.238,177.97,0
510,4,PACKED,1,1,Box4,Box4,13.26,13.26,24.7,24.7,0,0.796,188.17,0
511,6,PACKED,1,1,Box5,Box5,20.77,20.77,57.7,57.7,0,3.231,173.39,0
512,9,PACKED,1,1,Box2,Box2,5.28,5.28,62.1,62.1,0,1.739,158.22,0
513,3,PACKED,1,1,Box8,Box8,14.62,14.62,69.7,69.7,0,0.952,171.58,0
514,7,PACKED,1,1,Box4,Box4,13.26,13.26,60.4,60.4,0,3.218,169.6,0
515,6,PACKED,1,1,Box4,Box4,13.26,13.26,29.4,29.4,0,2.201,161.32,0
516,11,PACKED,1,1,Box5,Box5,20.77,20.77,60.7,60.7,0,16.315,176.65,0
517,7,PACKED,1,1,Box6,Box6,24.75,24.75,58.4,58.4,0,7.832,167.55,0
518,9,PACKED,1,1,Box4,Box4,13.26,13.26,47.2,47.2,0,4.438,172.08,0
519,6,PACKED,1,1,Box9,Box9,42.5,42.5,41.2,41.2,0,7.429,287.62,0
520,9,PACKED,1,1,Box5,Box8,20.77,14.62,48.1,68.1,0,16.839,166.2,0
521,8,PACKED,1,1,Box5,Box8,20.77,14.62,47.2,66.8,0,7.872,293.1,0
522,1,PACKED,1,1,Box2,Box2,5.28,5.28,5.9,5.9,0,0.091,156.0,0
523,5,PACKED,1,1,Box5,Box5,20.77,20.77,50.6,50.6,0,2.901,163.64,0
524,7,PACKED,1,1,Box9,Box9,42.5,42.5,62.0,62.0,0,3.141,166.25,0
525,8,PACKED,1,1,Box2,Box2,5.28,5.28,52.3,52.3,0,1.267,180.39,0
526,4,PACKED,1,1,Box2,Box2,5.28,5.28,52.3,52.3,0,0.456,168.17,0
527,3,PACKED,1,1,Box4,Box4,13.26,13.26,24.2,24.2,0,0.644,170.59,0
528,5,PACKED,1,1,Box8,Box8,14.62,14.62,34.0,34.0,0,2.005,166.37,0
529,7,PACKED,1,1,Box6,Box6,24.75,24.75,60.8,60.8,0,6.757,180.75,0
530,6,PACKED,1,1,Box5,Box4,20.77,13.26,40.4,64.2,0,4.775,186.3,0
531,8,PACKED,1,1,Box2,Box2,5.28,5.28,56.8,56.8,0,1.606,181.59,0
532,7,PACKED,1,1,Box2,Box2,5.28,5.28,39.4,39.4,0,1.098,156.36,0
533,9,PACKED,2,2,Box6+Box6,Box4+Box9,49.5,55.76,68.7,54.1,0,15.063,245.38,0
534,8,PACKED,1,1,Box9,Box9,42.5,42.5,46.4,46.4,0,8.405,176.37,0
535,4,PACKED,1,1,Box6,Box6,24.75,24.75,69.8,69.8,0,2.25,218.91,0
536,4,PACKED,1,1,Box6,Box6,24.75,24.75,69.8,69.8,0,2.299,157.57,0
537,4,PACKED,1,1,Box4,Box4,13.26,13.26,52.1,52.1,0,0.814,177.62,0
538,10,PACKED,1,1,Box5,Box8,20.77,14.62,45.7,64.7,0,18.668,306.25,0
539,9,PACKED,1,1,Box9,Box9,42.5,42.5,50.8,50.8,0,7.79,230.47,0
540,7,PACKED,1,1,Box4,Box4,13.26,13.26,44.0,44.0,0,4.634,174.05,0
541,8,PACKED,1,1,Box8,Box4,14.62,13.26,54.7,61.4,0,7.144,175.79,0
542,4,PACKED,1,1,Box2,Box2,5.28,5.28,24.0,24.0,0,0.403,169.65,0
543,3,PACKED,1,1,Box8,Box8,14.62,14.62,51.4,51.4,0,0.636,155.0,0
544,8,PACKED,1,1,Box2,Box2,5.28,5.28,48.0,48.0,0,1.225,178.29,0
545,2,PACKED,1,1,Box2,Box2,5.28,5.28,51.9,51.9,0,0.187,182.42,0
546,2,PACKED,1,1,Box4,Box4,13.26,13.26,36.0,36.0,0,0.368,169.25,0
547,10,PACKED,1,1,Box9,Box9,42.5,42.5,60.4,60.4,0,10.865,177.27,0
548,6,PACKED,1,1,Box2,Box2,5.28,5.28,29.8,29.8,0,0.861,165.12,0
549,8,PACKED,1,1,Box8,Box8,14.62,14.62,52.8,52.8,0,7.939,623.9,0
550,10,PACKED,1,1,Box9,Box9,42.5,42.5,39.8,39.8,0,28.83,194.61,0
551,3,PACKED,1,1,Box2,Box2,5.28,5.28,14.2,14.2,0,0.273,184.59,0
552,2,PACKED,1,1,Box8,Box8,14.62,14.62,64.9,64.9,0,0.573,186.6,0
553,5,PACKED,1,1,Box5,Box5,20.77,20.77,49.7,49.7,0,3.458,170.77,0
554,8,PACKED,1,1,Box6,Box6,24.75,24.75,63.5,63.5,0,5.481,305.5,0
555,9,PACKED,1,1,Box4,Box4,13.26,13.26,61.3,61.3,0,3.016,176.72,0
556,8,PACKED,1,1,Box8,Box8,14.62,14.62,43.6,43.6,0,4.193,199.01,0
557,6,PACKED,1,1,Box6,Box9,24.75,42.5,63.2,36.8,0,5.597,199.39,0
558,7,PACKED,1,1,Box4,Box4,13.26,13.26,36.8,36.8,0,2.421,188.46,0
559,5,PACKED,1,1,Box8,Box8,14.62,14.62,27.5,27.5,0,2.578,186.94,0
560,7,PACKED,1,1,Box2,Box2,5.28,5.28,39.3,39.3,0,0.993,162.09,0
561,6,PACKED,2,2,Box5+Box9,Box5+Box9,63.28,63.28,46.3,46.3,0,7.453,256.84,0
562,6,PACKED,1,1,Box2,Box2,5.28,5.28,29.8,29.8,0,0.865,190.28,0
563,6,PACKED,1,1,Box4,Box4,13.26,13.26,59.8,59.8,0,1.571,163.37,0
564,11,PACKED,1,1,Box5,Box5,20.77,20.77,52.9,52.9,0,18.182,325.62,0
565,4,PACKED,1,1,Box2,Box2,5.28,5.28,24.0,24.0,0,0.407,189.18,0
566,4,PACKED,1,1,Box2,Box2,5.28,5.28,24.0,24.0,0,0.398,195.27,0
567,4,PACKED,1,1,Box4,Box4,13.26,13.26,24.7,24.7,0,1.009,188.25,0
568,2,PACKED,1,1,Box4,Box4,13.26,13.26,35.3,35.3,0,0.405,181.14,0
569,4,PACKED,1,1,Box4,Box4,13.26,13.26,66.4,66.4,0,0.777,209.75,0
570,6,PACKED,1,1,Box9,Box9,42.5,42.5,60.0,60.0,0,5.166,166.31,0
571,5,PACKED,1,1,Box4,Box4,13.26,13.26,44.5,44.5,0,1.78,174.65,0
572,4,PACKED,1,1,Box4,Box4,13.26,13.26,28.7,28.7,0,0.884,164.75,0
573,2,PACKED,1,1,Box4,Box4,13.26,13.26,58.9,58.9,0,0.473,176.3,0
574,6,PACKED,1,1,Box5,Box5,20.77,20.77,56.5,56.5,0,5.578,168.76,0
575,4,PACKED,1,1,Box8,Box8,14.62,14.62,43.4,43.4,0,1.963,304.52,0
576,4,PACKED,1,1,Box2,Box2,5.28,5.28,49.6,49.6,0,0.409,179.97,0
577,9,PACKED,2,2,Box4+Box9,Box4+Box9,55.76,55.76,60.4,50.8,0,13.595,414.56,0
578,9,PACKED,1,1,Box2,Box2,5.28,5.28,45.1,45.1,0,1.737,166.92,0
579,7,PACKED,1,1,Box6,Box6,24.75,24.75,50.7,50.7,0,7.626,186.76,0
580,10,PACKED,1,1,Box8,Box8,14.62,14.62,67.3,67.3,0,10.337,305.21,0
581,8,PACKED,1,1,Box8,Box8,14.62,14.62,31.6,31.6,0,11.251,197.15,0
582,4,PACKED,1,1,Box2,Box2,5.28,5.28,24.0,24.0,0,0.402,169.88,0
583,2,PACKED,1,1,Box2,Box2,5.28,5.28,38.2,38.2,0,0.19,215.54,0
584,2,PACKED,1,1,Box4,Box4,13.26,13.26,49.8,49.8,0,0.372,172.35,0
585,8,PACKED,1,1,Box8,Box8,14.62,14.62,46.9,46.9,0,1.546,214.28,0
586,6,PACKED,1,1,Box6,Box6,24.75,24.75,42.9,42.9,0,7.842,165.2,0
587,8,PACKED,1,1,Box4,Box4,13.26,13.26,32.8,32.8,0,4.198,181.5,0
588,4,PACKED,1,1,Box8,Box8,14.62,14.62,27.5,27.5,0,1.462,193.0,0
589,16,PACKED,1,1,Box4,Box4,13.26,13.26,36.7,36.7,0,21.084,175.6,0
590,7,PACKED,1,1,Box5,Box5,20.77,20.77,59.3,59.3,0,6.844,199.54,0
591,4,PACKED,1,1,Box4,Box4,13.26,13.26,40.2,40.2,0,1.535,546.67,0
592,7,PACKED,1,1,Box8,Box8,14.62,14.62,40.3,40.3,0,3.682,186.24,0
593,5,PACKED,1,1,Box9,Box9,42.5,42.5,47.0,47.0,0,5.549,194.29,0
594,9,PACKED,1,1,Box9,Box9,42.5,42.5,43.8,43.8,0,13.492,427.92,0
595,6,PACKED,1,1,Box4,Box4,13.26,13.26,61.0,61.0,0,2.463,158.02,0
596,8,PACKED,1,1,Box9,Box9,42.5,42.5,53.1,53.1,0,8.334,200.78,0
597,7,PACKED,1,1,Box5,Box5,20.77,20.77,58.5,58.5,0,7.07,173.37,0
598,8,PACKED,1,1,Box4,Box4,13.26,13.26,42.7,42.7,0,2.948,193.66,0
599,6,PACKED,1,1,Box9,Box6,42.5,24.75,37.7,64.8,0,6.746,176.29,0
600,10,PACKED,1,1,Box9,Box9,42.5,42.5,47.9,47.9,0,23.424,204.09,0
601,10,PACKED,1,1,Box5,Box5,20.77,20.77,66.6,66.6,0,10.806,177.84,0
602,2,PACKED,1,1,Box2,Box2,5.28,5.28,15.6,15.6,0,0.185,194.71,0
603,6,PACKED,1,1,Box2,Box2,5.28,5.28,37.4,37.4,0,0.74,175.34,0
604,7,PACKED,1,1,Box5,Box5,20.77,20.77,44.3,44.3,0,7.024,180.59,0
605,4,PACKED,1,1,Box5,Box5,20.77,20.77,50.2,50.2,0,1.987,168.48,0
606,5,PACKED,1,1,Box6,Box6,24.75,24.75,61.4,61.4,0,3.582,165.94,0
607,8,PACKED,1,1,Box9,Box9,42.5,42.5,43.1,43.1,0,8.11,181.25,0
608,7,PACKED,1,1,Box9,Box9,42.5,42.5,51.3,51.3,0,5.913,320.82,0
609,7,PACKED,1,1,Box4,Box4,13.26,13.26,37.6,37.6,0,3.55,167.9,0
610,13,PACKED,1,1,Box9,Box9,42.5,42.5,64.9,64.9,0,21.636,185.47,0
611,19,PACKED,1,1,Box9,Box9,42.5,42.5,62.3,62.3,0,48.875,211.35,0
612,5,PACKED,1,1,Box4,Box4,13.26,13.26,43.0,43.0,0,1.047,205.63,0
613,6,PACKED,1,1,Box8,Box8,14.62,14.62,41.2,41.2,0,3.151,176.12,0
614,9,PACKED,1,1,Box9,Box6,42.5,24.75,35.4,60.7,0,13.985,310.63,0
615,5,PACKED,1,1,Box8,Box8,14.62,14.62,34.1,34.1,0,2.433,180.99,0
616,11,PACKED,1,1,Box8,Box8,14.62,14.62,52.1,52.1,0,11.984,171.71,0
617,11,PACKED,1,1,Box6,Box6,24.75,24.75,48.2,48.2,0,23.687,175.58,0
618,8,PACKED,1,1,Box8,Box8,14.62,14.62,66.6,66.6,0,6.092,204.17,0
619,6,PACKED,1,1,Box5,Box5,20.77,20.77,55.0,55.0,0,4.657,168.2,0
620,9,PACKED,1,1,Box5,Box5,20.77,20.77,56.4,56.4,0,13.255,295.36,0
621,8,PACKED,1,1,Box5,Box5,20.77,20.77,41.3,41.3,0,12.473,165.9,0
622,4,PACKED,1,1,Box2,Box2,5.28,5.28,24.0,24.0,0,0.4,175.38,0
623,3,PACKED,1,1,Box2,Box2,5.28,5.28,23.7,23.7,0,0.28,180.73,0
624,5,PACKED,1,1,Box4,Box4,13.26,13.26,47.0,47.0,0,1.057,168.08,0
625,6,PACKED,1,1,Box2,Box2,5.28,5.28,39.1,39.1,0,0.766,173.13,0
626,4,PACKED,1,1,Box8,Box8,14.62,14.62,63.3,63.3,0,1.355,199.7,0
627,9,PACKED,1,1,Box6,Box6,24.75,24.75,68.3,68.3,0,10.543,200.14,0
628,5,PACKED,1,1,Box4,Box4,13.26,13.26,35.1,35.1,0,1.322,174.63,0
629,7,PACKED,1,1,Box6,Box6,24.75,24.75,69.6,69.6,0,5.02,174.8,0
630,5,PACKED,1,1,Box8,Box8,14.62,14.62,58.0,58.0,0,2.827,184.12,0
631,7,PACKED,1,1,Box4,Box4,13.26,13.26,29.3,29.3,0,2.481,319.81,0
632,9,PACKED,1,1,Box9,Box9,42.5,42.5,51.5,51.5,0,9.695,163.35,0
633,5,PACKED,1,1,Box4,Box4,13.26,13.26,37.0,37.0,0,1.239,522.44,0
634,6,PACKED,1,1,Box2,Box2,5.28,5.28,29.8,29.8,0,0.852,166.76,0
635,6,PACKED,1,1,Box5,Box5,20.77,20.77,55.8,55.8,0,5.208,192.96,0
636,10,PACKED,1,1,Box9,Box9,42.5,42.5,55.2,55.2,0,8.69,185.72,0
637,11,PACKED,1,1,Box5,Box5,20.77,20.77,57.7,57.7,0,8.391,177.32,0
638,4,PACKED,1,1,Box6,Box6,24.75,24.75,69.8,69.8,0,2.272,168.75,0
639,2,PACKED,1,1,Box8,Box8,14.62,14.62,13.7,13.7,0,0.497,192.48,0
640,7,PACKED,1,1,Box8,Box8,14.62,14.62,67.6,67.6,0,5.488,189.98,0
641,10,PACKED,1,1,Box6,Box6,24.75,24.75,48.7,48.7,0,20.9,367.72,0
642,4,PACKED,1,1,Box2,Box2,5.28,5.28,39.2,39.2,0,0.479,191.51,0
643,9,PACKED,1,1,Box5,Box5,20.77,20.77,56.1,56.1,0,7.217,191.4,0
644,7,PACKED,1,1,Box9,Box9,42.5,42.5,34.0,34.0,0,10.329,164.9,0
645,4,PACKED,1,1,Box2,Box2,5.28,5.28,24.0,24.0,0,0.406,187.34,0
646,5,PACKED,1,1,Box9,Box9,42.5,42.5,57.2,57.2,0,2.006,186.64,0
647,6,PACKED,1,1,Box2,Box2,5.28,5.28,49.0,49.0,0,0.848,187.95,0
648,11,PACKED,1,1,Box9,Box9,42.5,42.5,41.3,41.3,0,23.674,194.91,0
649,10,PACKED,1,1,Box5,Box5,20.77,20.77,57.2,57.2,0,23.803,208.66,0
650,8,PACKED,1,1,Box2,Box2,5.28,5.28,48.0,48.0,0,1.287,174.86,0
651,8,PACKED,1,1,Box2,Box2,5.28,5.28,48.0,48.0,0,1.348,193.36,0
652,12,PACKED,1,1,Box5,Box5,20.77,20.77,54.1,54.1,0,10.037,324.43,0
653,3,PACKED,1,1,Box8,Box8,14.62,14.62,11.9,11.9,0,0.888,164.56,0
654,7,PACKED,1,1,Box4,Box4,13.26,13.26,49.4,49.4,0,2.383,181.88,0
655,5,PACKED,1,1,Box5,Box5,20.77,20.77,55.3,55.3,0,3.082,191.91,0
656,5,PACKED,1,1,Box8,Box8,14.62,14.62,25.7,25.7,0,2.662,189.51,0
657,5,PACKED,1,1,Box5,Box5,20.77,20.77,28.2,28.2,0,3.344,185.66,0
658,6,PACKED,1,1,Box8,Box8,14.62,14.62,69.5,69.5,0,6.539,194.62,0
659,7,PACKED,1,1,Box8,Box8,14.62,14.62,63.4,63.4,0,2.269,184.84,0
660,9,PACKED,1,1,Box9,Box9,42.5,42.5,43.1,43.1,0,22.035,214.98,0
661,4,PACKED,1,1,Box4,Box4,13.26,13.26,25.2,25.2,0,0.815,205.88,0
662,3,PACKED,1,1,Box8,Box8,14.62,14.62,20.4,20.4,0,0.892,194.82,0
663,6,PACKED,1,1,Box6,Box6,24.75,24.75,53.4,53.4,0,6.228,196.06,0
664,6,PACKED,1,1,Box4,Box4,13.26,13.26,49.0,49.0,0,2.354,194.37,0
665,5,PACKED,1,1,Box4,Box4,13.26,13.26,26.7,26.7,0,1.776,198.38,0
666,7,PACKED,1,1,Box5,Box5,20.77,20.77,61.8,61.8,0,6.589,193.64,0
667,10,PACKED,1,1,Box8,Box5,14.62,20.77,67.4,47.7,0,9.435,193.51,0
668,4,PACKED,1,1,Box6,Box6,24.75,24.75,69.8,69.8,0,2.269,205.51,0
669,5,PACKED,1,1,Box4,Box4,13.26,13.26,35.9,35.9,0,2.177,264.23,0
670,5,PACKED,1,1,Box4,Box4,13.26,13.26,49.5,49.5,0,1.145,302.24,0
671,11,PACKED,1,1,Box4,Box4,13.26,13.26,46.4,46.4,0,5.993,237.49,0
672,5,PACKED,1,1,Box4,Box4,13.26,13.26,35.7,35.7,0,1.413,197.59,0
673,1,PACKED,1,1,Box2,Box2,5.28,5.28,44.9,44.9,0,0.098,190.72,0
674,4,PACKED,1,1,Box2,Box2,5.28,5.28,18.0,18.0,0,0.396,555.94,0
675,4,PACKED,1,1,Box2,Box2,5.28,5.28,24.0,24.0,0,0.397,177.95,0
676,4,PACKED,1,1,Box2,Box2,5.28,5.28,24.0,24.0,0,0.387,173.28,0
677,9,PACKED,2,2,Box9+Box9,Box9+Box9,85.01,85.01,39.7,39.7,0,19.54,243.83,0
678,4,PACKED,1,1,Box9,Box9,42.5,42.5,26.6,26.6,0,2.896,179.98,0
679,7,PACKED,1,1,Box8,Box8,14.62,14.62,48.1,48.1,0,4.776,196.15,0
680,8,PACKED,2,1,Box6+Box6,Box9,49.5,42.5,65.5,76.3,0,6.242,340.18,0
681,5,PACKED,1,1,Box6,Box6,24.75,24.75,40.3,40.3,0,4.377,173.36,0
682,5,PACKED,1,1,Box4,Box4,13.26,13.26,40.9,40.9,0,1.38,174.49,0
683,5,PACKED,1,1,Box2,Box2,5.28,5.28,52.4,52.4,0,0.697,231.06,0
684,7,PACKED,1,1,Box9,Box9,42.5,42.5,47.3,47.3,0,9.797,182.06,0
685,6,PACKED,1,1,Box9,Box9,42.5,42.5,33.6,33.6,0,6.966,179.81,0
686,9,PACKED,1,1,Box6,Box6,24.75,24.75,59.9,59.9,0,17.078,331.2,0
687,4,PACKED,1,1,Box4,Box4,13.26,13.26,59.4,59.4,0,0.927,169.56,0
688,7,PACKED,1,1,Box8,Box8,14.62,14.62,40.2,40.2,0,4.408,176.38,0
689,7,PACKED,2,2,Box5+Box9,Box4+Box9,63.28,55.76,54.9,57.9,0,11.471,474.31,0
690,4,PACKED,1,1,Box4,Box4,13.26,13.26,44.4,44.4,0,1.249,173.37,0
691,4,PACKED,1,1,Box8,Box8,14.62,14.62,14.8,14.8,0,1.422,194.75,0
692,5,PACKED,1,1,Box4,Box4,13.26,13.26,52.6,52.6,0,2.372,188.85,0
693,2,PACKED,1,1,Box2,Box2,5.28,5.28,52.4,52.4,0,0.187,191.44,0
694,5,PACKED,1,1,Box4,Box4,13.26,13.26,35.6,35.6,0,1.154,191.84,0
695,8,PACKED,1,1,Box6,Box6,24.75,24.75,57.3,57.3,0,7.75,174.12,0
696,5,PACKED,1,1,Box4,Box4,13.26,13.26,19.3,19.3,0,2.508,187.55,0
697,5,PACKED,1,1,Box8,Box8,14.62,14.62,21.6,21.6,0,2.591,184.33,0
698,10,PACKED,1,1,Box5,Box5,20.77,20.77,69.0,69.0,0,9.628,173.57,0
699,10,PACKED,1,1,Box8,Box4,14.62,13.26,58.3,65.6,0,20.433,209.14,0
700,4,PACKED,1,1,Box2,Box2,5.28,5.28,24.0,24.0,0,0.407,184.18,0
701,5,PACKED,1,1,Box8,Box8,14.62,14.62,19.8,19.8,0,3.075,198.86,0
702,7,PACKED,1,1,Box4,Box4,13.26,13.26,57.9,57.9,0,2.501,196.09,0
703,8,PACKED,2,1,Box4+Box9,Box9,55.76,42.5,57.0,82.7,0,9.23,371.82,0
704,7,PACKED,1,1,Box9,Box9,42.5,42.5,45.6,45.6,0,5.257,290.71,0
705,7,PACKED,1,1,Box4,Box4,13.26,13.26,34.3,34.3,0,1.995,180.66,0
706,8,PACKED,1,1,Box5,Box5,20.77,20.77,59.0,59.0,0,5.079,193.49,0
707,7,PACKED,1,1,Box4,Box4,13.26,13.26,29.1,29.1,0,4.126,187.64,0
708,1,PACKED,1,1,Box2,Box2,5.28,5.28,9.2,9.2,0,0.095,191.32,0
709,3,PACKED,1,1,Box9,Box9,42.5,42.5,18.5,18.5,0,2.091,194.75,0
710,5,PACKED,1,1,Box4,Box4,13.26,13.26,43.0,43.0,0,1.073,192.11,0
711,5,PACKED,1,1,Box4,Box2,13.26,5.28,23.0,58.6,0,1.546,191.77,0
712,7,PACKED,1,1,Box4,Box4,13.26,13.26,63.4,63.4,0,2.466,198.49,0
713,11,PACKED,1,1,Box8,Box8,14.62,14.62,68.5,68.5,0,10.337,2614.53,0
714,7,PACKED,1,1,Box9,Box9,42.5,42.5,53.3,53.3,0,4.544,185.84,0
715,8,PACKED,1,1,Box9,Box9,42.5,42.5,40.9,40.9,0,11.103,316.97,0
716,7,PACKED,1,1,Box5,Box5,20.77,20.77,62.7,62.7,0,2.598,174.72,0
717,3,PACKED,1,1,Box9,Box9,42.5,42.5,49.0,49.0,0,1.522,176.16,0
718,4,PACKED,1,1,Box4,Box4,13.26,13.26,40.0,40.0,0,1.403,172.33,0
719,4,PACKED,1,1,Box4,Box4,13.26,13.26,24.7,24.7,0,0.793,187.3,0
720,5,PACKED,1,1,Box2,Box2,5.28,5.28,17.2,17.2,0,0.545,179.15,0
721,2,PACKED,1,1,Box2,Box2,5.28,5.28,19.2,19.2,0,0.185,181.05,0
722,4,PACKED,1,1,Box2,Box2,5.28,5.28,27.8,27.8,0,0.4,198.91,0
723,7,PACKED,1,1,Box4,Box4,13.26,13.26,45.2,45.2,0,2.859,202.0,0
724,5,PACKED,1,1,Box4,Box4,13.26,13.26,35.6,35.6,0,1.55,202.22,0
725,7,PACKED,1,1,Box6,Box6,24.75,24.75,60.3,60.3,0,5.676,167.99,0
726,9,PACKED,1,1,Box6,Box6,24.75,24.75,53.2,53.2,0,9.838,203.7,0
727,7,PACKED,1,1,Box4,Box4,13.26,13.26,51.0,51.0,0,3.172,161.42,0
728,3,PACKED,1,1,Box2,Box2,5.28,5.28,24.4,24.4,0,0.319,184.25,0
729,6,PACKED,1,1,Box2,Box2,5.28,5.28,28.8,28.8,0,0.929,167.86,0
730,5,PACKED,1,1,Box9,Box9,42.5,42.5,46.6,46.6,0,4.846,178.61,0
731,7,PACKED,1,1,Box5,Box5,20.77,20.77,69.2,69.2,0,4.413,181.63,0
732,15,PACKED,1,1,Box8,Box8,14.62,14.62,61.3,61.3,0,28.493,211.77,0
733,5,PACKED,1,1,Box4,Box4,13.26,13.26,20.7,20.7,0,1.409,427.45,0
734,5,PACKED,1,1,Box8,Box8,14.62,14.62,76.7,76.7,0,2.444,169.11,0
735,4,PACKED,1,1,Box2,Box2,5.28,5.28,24.0,24.0,0,0.403,197.16,0
736,1,PACKED,1,1,Box2,Box2,5.28,5.28,15.7,15.7,0,0.091,180.94,0
737,6,PACKED,1,1,Box2,Box2,5.28,5.28,29.8,29.8,0,0.874,182.11,0
738,8,PACKED,1,1,Box5,Box6,20.77,24.75,67.8,56.7,0,5.029,209.8,0
739,8,PACKED,1,1,Box6,Box6,24.75,24.75,54.6,54.6,0,7.707,211.12,0
740,11,PACKED,1,1,Box5,Box5,20.77,20.77,62.0,62.0,0,27.424,197.99,0
741,4,PACKED,1,1,Box8,Box8,14.62,14.62,14.6,14.6,0,1.482,177.96,0
742,1,PACKED,1,1,Box2,Box2,5.28,5.28,32.4,32.4,0,0.102,185.31,0
743,8,PACKED,1,1,Box2,Box2,5.28,5.28,48.0,48.0,0,1.231,189.85,0
744,5,PACKED,1,1,Box4,Box4,13.26,13.26,58.1,58.1,0,0.884,190.14,0
745,2,PACKED,1,1,Box8,Box8,14.62,14.62,38.7,38.7,0,0.568,678.6,0
746,11,PACKED,1,1,Box4,Box4,13.26,13.26,34.1,34.1,0,6.43,179.86,0
747,5,PACKED,1,1,Box4,Box4,13.26,13.26,26.0,26.0,0,2.54,202.94,0
748,5,PACKED,1,1,Box4,Box4,13.26,13.26,38.5,38.5,0,1.151,204.59,0
749,6,PACKED,1,1,Box8,Box8,14.62,14.62,28.5,28.5,0,3.453,186.45,0
750,9,PACKED,1,1,Box9,Box9,42.5,42.5,66.9,66.9,0,6.999,196.62,0
751,4,PACKED,1,1,Box2,Box2,5.28,5.28,24.0,24.0,0,0.415,169.37,0
752,3,PACKED,1,1,Box4,Box4,13.26,13.26,25.3,25.3,0,0.683,169.78,0
753,6,PACKED,1,1,Box2,Box2,5.28,5.28,51.4,51.4,0,0.743,177.44,0
754,5,PACKED,1,1,Box4,Box4,13.26,13.26,40.2,40.2,0,1.215,192.56,0
755,6,PACKED,1,1,Box2,Box2,5.28,5.28,29.8,29.8,0,0.865,194.55,0
756,7,PACKED,1,1,Box8,Box8,14.62,14.62,36.5,36.5,0,6.691,191.78,0
757,15,PACKED,1,1,Box5,Box5,20.77,20.77,61.9,61.9,0,20.656,190.53,0
758,11,PACKED,1,1,Box4,Box4,13.26,13.26,40.8,40.8,0,10.501,208.64,0
759,4,PACKED,1,1,Box6,Box6,24.75,24.75,83.4,83.4,0,0.883,187.77,0
760,3,PACKED,1,1,Box2,Box2,5.28,5.28,20.9,20.9,0,0.287,169.63,0
761,5,PACKED,1,1,Box6,Box6,24.75,24.75,67.8,67.8,0,3.537,177.38,0
762,4,PACKED,1,1,Box2,Box2,5.28,5.28,18.8,18.8,0,0.404,178.72,0
763,6,PACKED,1,1,Box5,Box5,20.77,20.77,57.7,57.7,0,2.293,207.92,0
764,4,PACKED,1,1,Box5,Box5,20.77,20.77,61.3,61.3,0,2.002,193.64,0
765,5,PACKED,1,1,Box8,Box8,14.62,14.62,26.2,26.2,0,1.678,221.02,0
766,7,PACKED,1,1,Box8,Box8,14.62,14.62,34.8,34.8,0,5.095,172.28,0
767,6,PACKED,1,1,Box2,Box2,5.28,5.28,29.8,29.8,0,0.878,188.96,0
768,14,PACKED,1,1,Box8,Box8,14.62,14.62,60.6,60.6,0,16.934,185.01,0
769,7,PACKED,1,1,Box2,Box2,5.28,5.28,51.4,51.4,0,4.756,180.49,0
770,11,PACKED,1,1,Box6,Box6,24.75,24.75,59.3,59.3,0,20.791,186.04,0
771,10,PACKED,1,1,Box6,Box6,24.75,24.75,58.8,58.8,0,10.176,182.43,0
772,4,PACKED,2,2,Box5+Box9,Box5+Box9,63.28,63.28,46.2,46.2,0,5.678,250.27,0
773,9,PACKED,1,1,Box6,Box6,24.75,24.75,64.1,64.1,0,13.38,172.7,0
774,5,PACKED,1,1,Box8,Box8,14.62,14.62,22.2,22.2,0,2.234,207.63,0
775,9,PACKED,1,1,Box6,Box6,24.75,24.75,65.5,65.5,0,11.737,177.5,0
776,8,PACKED,1,1,Box9,Box9,42.5,42.5,42.1,42.1,0,6.675,327.39,0
777,11,PACKED,1,1,Box8,Box8,14.62,14.62,55.2,55.2,0,14.874,177.17,0
778,7,PACKED,1,1,Box6,Box6,24.75,24.75,43.9,43.9,0,7.588,182.78,0
779,7,PACKED,1,1,Box4,Box4,13.26,13.26,52.5,52.5,0,2.309,190.98,0
780,7,PACKED,1,1,Box5,Box5,20.77,20.77,55.2,55.2,0,5.408,175.68,0
781,8,PACKED,1,1,Box5,Box5,20.77,20.77,63.8,63.8,0,14.923,183.8,0
782,10,PACKED,1,1,Box9,Box9,42.5,42.5,49.2,49.2,0,15.881,190.17,0
783,16,PACKED,1,1,Box6,Box6,24.75,24.75,66.1,66.1,0,46.844,209.12,0
784,4,PACKED,2,2,Box5+Box9,Box5+Box9,63.28,63.28,46.6,46.6,0,4.289,250.7,0
785,5,PACKED,1,1,Box9,Box6,42.5,24.75,38.9,66.7,0,4.078,182.25,0
786,7,PACKED,1,1,Box4,Box4,13.26,13.26,28.4,28.4,0,2.308,183.49,0
787,11,PACKED,1,1,Box9,Box9,42.5,42.5,48.2,48.2,0,16.726,466.15,0
788,3,PACKED,1,1,Box2,Box2,5.28,5.28,30.0,30.0,0,0.286,195.22,0
789,7,PACKED,1,1,Box5,Box5,20.77,20.77,54.3,54.3,0,6.388,185.42,0
790,6,PACKED,1,1,Box4,Box2,13.26,5.28,18.7,47.7,0,2.755,169.45,0
791,5,PACKED,1,1,Box4,Box4,13.26,13.26,28.1,28.1,0,1.447,172.62,0
792,11,PACKED,1,1,Box5,Box5,20.77,20.77,67.9,67.9,0,4.743,167.59,0
793,7,PACKED,1,1,Box5,Box5,20.77,20.77,50.9,50.9,0,11.716,189.32,0
794,11,PACKED,1,1,Box8,Box8,14.62,14.62,43.0,43.0,0,9.61,170.02,0
795,6,PACKED,1,1,Box8,Box8,14.62,14.62,43.5,43.5,0,3.073,172.98,0
796,14,PACKED,1,1,Box5,Box5,20.77,20.77,64.7,64.7,0,44.794,191.72,0
797,1,PACKED,1,1,Box4,Box4,13.26,13.26,44.6,44.6,0,0.218,157.67,0
798,3,PACKED,1,1,Box4,Box4,13.26,13.26,30.0,30.0,0,0.51,175.52,0
799,7,PACKED,1,1,Box8,Box4,14.62,13.26,58.5,65.8,0,3.719,165.33,0
800,5,PACKED,1,1,Box4,Box4,13.26,13.26,53.1,53.1,0,1.22,167.1,0
801,7,PACKED,1,1,Box2,Box2,5.28,5.28,46.2,46.2,0,1.053,166.64,0
802,6,PACKED,1,1,Box8,Box8,14.62,14.62,37.2,37.2,0,2.135,198.56,0
803,6,PACKED,1,1,Box4,Box4,13.26,13.26,39.5,39.5,0,1.551,180.72,0
804,7,PACKED,1,1,Box9,Box9,42.5,42.5,69.5,69.5,0,4.22,155.41,0
805,7,PACKED,1,1,Box6,Box6,24.75,24.75,46.7,46.7,0,10.222,492.61,0
806,9,PACKED,2,1,Box4+Box9,Box9,55.76,42.5,49.1,78.4,0,18.651,342.18,0
807,11,PACKED,1,1,Box9,Box9,42.5,42.5,55.5,55.5,0,10.14,199.93,0
808,4,PACKED,1,1,Box2,Box2,5.28,5.28,20.0,20.0,0,0.401,192.41,0
809,4,PACKED,1,1,Box4,Box4,13.26,13.26,36.5,36.5,0,0.913,179.41,0
810,4,PACKED,1,1,Box4,Box4,13.26,13.26,33.0,33.0,0,1.429,171.74,0
811,11,PACKED,1,1,Box9,Box9,42.5,42.5,45.2,45.2,0,29.355,167.1,0
812,4,PACKED,1,1,Box2,Box2,5.28,5.28,29.2,29.2,0,0.44,196.57,0
813,4,PACKED,1,1,Box8,Box8,14.62,14.62,33.7,33.7,0,1.627,174.89,0
814,5,PACKED,1,1,Box6,Box6,24.75,24.75,59.6,59.6,0,3.53,181.18,0
815,6,PACKED,1,1,Box8,Box8,14.62,14.62,35.9,35.9,0,2.901,166.6,0
816,5,PACKED,1,1,Box4,Box2,13.26,5.28,25.4,64.8,0,1.747,182.43,0
817,10,PACKED,1,1,Box8,Box8,14.62,14.62,64.9,64.9,0,14.04,188.4,0
818,7,PACKED,1,1,Box2,Box2,5.28,5.28,53.7,53.7,0,2.151,182.25,0
819,7,PACKED,1,1,Box6,Box6,24.75,24.75,62.3,62.3,0,12.75,162.45,0
820,8,PACKED,1,1,Box4,Box4,13.26,13.26,41.9,41.9,0,4.57,194.61,0
821,32,PACKED,3,2,Box6+Box6+Box9,Box9+Box9,92.01,85.01,68.2,74.1,0,1026.208,471.26,0
822,4,PACKED,1,1,Box6,Box6,24.75,24.75,69.8,69.8,0,2.252,173.08,0
823,5,PACKED,1,1,Box6,Box6,24.75,24.75,72.0,72.0,0,3.537,221.62,0
824,9,PACKED,1,1,Box5,Box5,20.77,20.77,60.3,60.3,0,6.863,291.26,0
825,6,PACKED,1,1,Box9,Box9,42.5,42.5,51.0,51.0,0,5.558,175.75,0
826,8,PACKED,1,1,Box9,Box9,42.5,42.5,42.9,42.9,0,13.628,196.37,0
827,10,PACKED,1,1,Box9,Box9,42.5,42.5,48.1,48.1,0,21.216,165.41,0
828,12,PACKED,1,1,Box5,Box5,20.77,20.77,55.3,55.3,0,18.798,360.36,0
829,8,PACKED,1,1,Box2,Box2,5.28,5.28,48.0,48.0,0,1.242,164.03,0
830,8,PACKED,1,1,Box2,Box2,5.28,5.28,48.0,48.0,0,1.23,171.25,0
831,2,PACKED,1,1,Box8,Box8,14.62,14.62,44.4,44.4,0,0.62,185.41,0
832,4,PACKED,1,1,Box5,Box5,20.77,20.77,71.2,71.2,0,2.476,165.15,0
833,3,PACKED,1,1,Box4,Box4,13.26,13.26,34.5,34.5,0,0.562,169.48,0
834,4,PACKED,1,1,Box9,Box9,42.5,42.5,45.5,45.5,0,2.607,169.49,0
835,5,PACKED,1,1,Box4,Box4,13.26,13.26,22.0,22.0,0,1.72,178.5,0
836,6,PACKED,1,1,Box9,Box9,42.5,42.5,57.8,57.8,0,4.802,176.52,0
837,5,PACKED,1,1,Box9,Box9,42.5,42.5,38.5,38.5,0,5.489,166.35,0
838,5,PACKED,1,1,Box8,Box8,14.62,14.62,43.1,43.1,0,2.042,191.22,0
839,17,PACKED,2,2,Box4+Box9,Box8+Box9,55.76,57.12,57.3,47.9,0,115.912,447.68,0
840,14,PACKED,1,1,Box9,Box6,42.5,24.75,39.7,68.2,0,51.957,182.9,0
841,6,PACKED,1,1,Box8,Box8,14.62,14.62,41.7,41.7,0,2.172,186.81,0
842,5,PACKED,1,1,Box2,Box2,5.28,5.28,26.7,26.7,0,0.538,171.1,0
843,8,PACKED,1,1,Box4,Box4,13.26,13.26,64.1,64.1,0,5.339,172.11,0
844,9,PACKED,1,1,Box5,Box5,20.77,20.77,50.6,50.6,0,13.601,180.44,0
845,7,PACKED,1,1,Box6,Box6,24.75,24.75,65.6,65.6,0,8.16,198.13,0
846,7,PACKED,1,1,Box5,Box5,20.77,20.77,66.2,66.2,0,5.328,165.76,0
847,9,PACKED,1,1,Box8,Box5,14.62,20.77,66.6,47.0,0,8.562,167.34,0
848,4,PACKED,1,1,Box4,Box4,13.26,13.26,24.7,24.7,0,0.79,185.63,0
849,5,PACKED,1,1,Box4,Box4,13.26,13.26,20.7,20.7,0,1.428,257.51,0
850,5,PACKED,1,1,Box2,Box2,5.28,5.28,34.5,34.5,0,0.601,174.05,0
851,7,PACKED,1,1,Box8,Box8,14.62,14.62,27.6,27.6,0,3.26,193.04,0
852,6,PACKED,1,1,Box8,Box8,14.62,14.62,51.0,51.0,0,3.208,176.05,0
853,11,PACKED,1,1,Box5,Box6,20.77,24.75,69.3,57.9,0,9.17,164.88,0
854,4,PACKED,1,1,Box2,Box2,5.28,5.28,32.9,32.9,0,0.418,191.25,0
855,5,PACKED,1,1,Box4,Box4,13.26,13.26,54.3,54.3,0,1.7,180.96,0
856,7,PACKED,1,1,Box8,Box8,14.62,14.62,19.9,19.9,0,5.077,166.33,0
857,3,PACKED,1,1,Box2,Box2,5.28,5.28,27.7,27.7,0,0.296,218.19,0
858,6,PACKED,1,1,Box6,Box6,24.75,24.75,67.5,67.5,0,4.589,214.91,0
859,11,PACKED,1,1,Box5,Box5,20.77,20.77,53.2,53.2,0,20.09,177.35,0
860,7,PACKED,1,1,Box9,Box9,42.5,42.5,47.6,47.6,0,5.837,282.03,0
861,23,PACKED,2,2,Box4+Box9,Box2+Box9,55.76,47.78,63.7,61.2,0,178.399,424.73,0
862,8,PACKED,1,1,Box4,Box4,13.26,13.26,56.0,56.0,0,4.001,167.15,0
863,2,PACKED,1,1,Box2,Box2,5.28,5.28,31.4,31.4,0,0.179,169.76,0
864,6,PACKED,1,1,Box9,Box9,42.5,42.5,32.0,32.0,0,3.951,170.1,0
865,5,PACKED,1,1,Box2,Box2,5.28,5.28,51.3,51.3,0,0.622,167.85,0
866,8,PACKED,1,1,Box4,Box4,13.26,13.26,60.2,60.2,0,2.804,179.41,0
867,10,PACKED,1,1,Box8,Box8,14.62,14.62,61.8,61.8,0,20.936,175.45,0
868,13,PACKED,1,1,Box5,Box5,20.77,20.77,48.3,48.3,0,32.478,172.55,0
869,5,PACKED,1,1,Box4,Box4,13.26,13.26,49.4,49.4,0,2.235,527.16,0
870,10,PACKED,1,1,Box4,Box4,13.26,13.26,36.1,36.1,0,10.055,168.45,0
871,6,PACKED,1,1,Box2,Box2,5.28,5.28,44.4,44.4,0,0.824,162.58,0
872,7,PACKED,1,1,Box4,Box4,13.26,13.26,60.2,60.2,0,2.325,165.59,0
873,7,PACKED,1,1,Box4,Box4,13.26,13.26,41.9,41.9,0,2.723,156.86,0
874,12,PACKED,1,1,Box5,Box5,20.77,20.77,53.1,53.1,0,22.237,311.04,0
875,7,PACKED,1,1,Box8,Box8,14.62,14.62,40.1,40.1,0,4.622,178.7,0
876,6,PACKED,1,1,Box2,Box2,5.28,5.28,35.0,35.0,0,0.825,173.92,0
877,6,PACKED,1,1,Box8,Box8,14.62,14.62,50.3,50.3,0,2.886,195.12,0
878,11,PACKED,1,1,Box9,Box9,42.5,42.5,42.1,42.1,0,33.743,329.05,0
879,10,PACKED,1,1,Box9,Box9,42.5,42.5,49.7,49.7,0,7.487,347.96,0
880,21,PACKED,1,1,Box6,Box6,24.75,24.75,62.9,62.9,0,36.754,347.37,0
881,2,PACKED,1,1,Box4,Box4,13.26,13.26,38.6,38.6,0,0.364,177.59,0
882,5,PACKED,1,1,Box4,Box4,13.26,13.26,25.6,25.6,0,1.639,208.86,0
883,5,PACKED,1,1,Box4,Box4,13.26,13.26,21.4,21.4,0,1.133,193.92,0
884,4,PACKED,1,1,Box8,Box8,14.62,14.62,42.1,42.1,0,1.503,167.01,0
885,6,PACKED,1,1,Box5,Box5,20.77,20.77,48.0,48.0,0,6.963,317.9,0
886,8,PACKED,1,1,Box4,Box4,13.26,13.26,57.6,57.6,0,2.751,172.69,0
887,10,PACKED,2,2,Box5+Box9,Box8+Box9,63.28,57.12,61.7,59.5,0,14.558,400.56,0
888,20,PACKED,1,1,Box9,Box9,42.5,42.5,60.0,60.0,0,32.637,246.38,0
889,1,PACKED,1,1,Box2,Box2,5.28,5.28,42.7,42.7,0,0.099,154.21,0
890,3,PACKED,1,1,Box4,Box4,13.26,13.26,20.1,20.1,0,0.673,183.9,0
891,7,PACKED,1,1,Box4,Box4,13.26,13.26,28.1,28.1,0,2.654,256.68,0
892,5,PACKED,1,1,Box4,Box4,13.26,13.26,13.0,13.0,0,1.363,196.54,0
893,5,PACKED,1,1,Box4,Box4,13.26,13.26,32.0,32.0,0,1.751,211.46,0
894,10,PACKED,1,1,Box8,Box8,14.62,14.62,35.4,35.4,0,11.012,194.45,0
895,12,PACKED,1,1,Box6,Box6,24.75,24.75,62.4,62.4,0,23.994,226.57,0
896,11,PACKED,2,2,Box4+Box9,Box4+Box9,55.76,55.76,66.1,54.3,0,16.256,515.93,0
897,9,PACKED,1,1,Box8,Box8,14.62,14.62,44.8,44.8,0,6.264,228.44,0
898,7,PACKED,1,1,Box8,Box8,14.62,14.62,56.4,56.4,0,7.425,197.83,0
899,11,PACKED,1,1,Box8,Box8,14.62,14.62,40.5,40.5,0,13.906,195.2,0
900,23,PACKED,2,2,Box9+Box9,Box5+Box9,85.01,63.28,61.4,74.9,0,283.879,463.39,0
901,7,PACKED,1,1,Box4,Box4,13.26,13.26,42.0,42.0,0,2.31,178.27,0
902,16,PACKED,1,1,Box5,Box5,20.77,20.77,49.6,49.6,0,22.44,460.61,0
903,5,PACKED,1,1,Box4,Box4,13.26,13.26,67.7,67.7,0,2.358,652.76,0
904,3,PACKED,1,1,Box4,Box4,13.26,13.26,43.9,43.9,0,0.958,196.25,0
905,3,PACKED,1,1,Box2,Box2,5.28,5.28,54.2,54.2,0,0.291,191.73,0
906,4,PACKED,1,1,Box5,Box5,20.77,20.77,24.7,24.7,0,1.953,177.35,0
907,4,PACKED,1,1,Box5,Box5,20.77,20.77,55.8,55.8,0,1.797,177.79,0
908,8,PACKED,1,1,Box8,Box8,14.62,14.62,44.7,44.7,0,4.175,185.49,0
909,4,PACKED,1,1,Box4,Box4,13.26,13.26,35.7,35.7,0,0.846,166.67,0
910,8,PACKED,2,1,Box8+Box9,Box9,57.12,42.5,55.8,82.9,0,13.516,359.95,0
911,8,PACKED,1,1,Box4,Box4,13.26,13.26,34.4,34.4,0,4.304,159.94,0
912,10,PACKED,1,1,Box5,Box5,20.77,20.77,64.2,64.2,0,6.232,172.8,0
913,8,PACKED,1,1,Box5,Box5,20.77,20.77,54.7,54.7,0,4.461,169.09,0
914,13,PACKED,1,1,Box9,Box9,42.5,42.5,62.1,62.1,0,8.662,209.84,0
915,7,PACKED,1,1,Box6,Box6,24.75,24.75,62.1,62.1,0,7.602,180.24,0
916,7,PACKED,1,1,Box5,Box5,20.77,20.77,60.7,60.7,0,6.109,174.82,0
917,5,PACKED,1,1,Box4,Box2,13.26,5.28,19.9,50.7,0,1.531,171.96,0
918,3,PACKED,1,1,Box2,Box2,5.28,5.28,38.9,38.9,0,0.299,170.02,0
919,5,PACKED,1,1,Box2,Box2,5.28,5.28,33.3,33.3,0,0.588,188.7,0
920,6,PACKED,1,1,Box4,Box4,13.26,13.26,46.9,46.9,0,2.03,184.23,0
921,7,PACKED,1,1,Box4,Box4,13.26,13.26,31.9,31.9,0,1.762,171.01,0
922,6,PACKED,1,1,Box5,Box5,20.77,20.77,56.7,56.7,0,4.889,172.82,0
923,7,PACKED,1,1,Box4,Box4,13.26,13.26,50.2,50.2,0,2.603,166.79,0
924,5,PACKED,1,1,Box4,Box4,13.26,13.26,37.4,37.4,0,1.215,183.75,0
925,6,PACKED,1,1,Box4,Box2,13.26,5.28,26.0,66.0,0,2.385,192.34,0
926,8,PACKED,1,1,Box9,Box9,42.5,42.5,42.2,42.2,0,10.044,310.07,0
927,7,PACKED,1,1,Box8,Box8,14.62,14.62,46.3,46.3,0,3.436,184.35,0
928,8,PACKED,1,1,Box9,Box9,42.5,42.5,48.7,48.7,0,8.124,203.59,0
929,10,PACKED,1,1,Box9,Box9,42.5,42.5,54.5,54.5,0,14.519,188.8,0
930,10,PACKED,1,1,Box5,Box5,20.77,20.77,63.9,63.9,0,14.437,191.11,0
931,9,PACKED,1,1,Box5,Box5,20.77,20.77,58.5,58.5,0,5.49,339.94,0
932,4,PACKED,1,1,Box4,Box2,13.26,5.28,29.0,73.9,0,1.627,193.9,0
933,5,PACKED,1,1,Box2,Box2,5.28,5.28,32.1,32.1,0,0.589,170.54,0
934,3,PACKED,1,1,Box8,Box8,14.62,14.62,85.4,85.4,0,0.795,193.65,0
935,4,PACKED,1,1,Box2,Box2,5.28,5.28,53.4,53.4,0,0.441,193.59,0
936,7,PACKED,1,1,Box4,Box4,13.26,13.26,49.2,49.2,0,1.56,171.66,0
937,5,PACKED,1,1,Box4,Box4,13.26,13.26,69.3,69.3,0,0.901,182.42,0
938,5,PACKED,1,1,Box8,Box8,14.62,14.62,33.4,33.4,0,2.03,214.85,0
939,7,PACKED,1,1,Box8,Box8,14.62,14.62,66.3,66.3,0,8.062,193.3,0
940,10,PACKED,1,1,Box8,Box8,14.62,14.62,63.7,63.7,0,55.373,192.07,0
941,15,PACKED,1,1,Box5,Box5,20.77,20.77,69.2,69.2,0,39.532,176.79,0
942,3,PACKED,1,1,Box2,Box2,5.28,5.28,23.9,23.9,0,0.32,578.79,0
943,6,PACKED,1,1,Box6,Box6,24.75,24.75,68.7,68.7,0,4.323,176.96,0
944,6,PACKED,1,1,Box6,Box6,24.75,24.75,61.2,61.2,0,5.732,155.25,0
945,5,PACKED,1,1,Box5,Box5,20.77,20.77,66.1,66.1,0,4.202,186.68,0
946,3,PACKED,1,1,Box5,Box5,20.77,20.77,29.0,29.0,0,1.155,169.31,0
947,7,PACKED,1,1,Box8,Box8,14.62,14.62,34.1,34.1,0,4.916,186.57,0
948,10,PACKED,1,1,Box9,Box9,42.5,42.5,52.1,52.1,0,13.894,177.96,0
949,8,PACKED,1,1,Box8,Box8,14.62,14.62,38.3,38.3,0,4.974,198.86,0
950,10,PACKED,1,1,Box8,Box8,14.62,14.62,66.8,66.8,0,6.987,180.83,0
951,6,PACKED,1,1,Box5,Box5,20.77,20.77,62.6,62.6,0,4.241,171.47,0
952,5,PACKED,1,1,Box4,Box4,13.26,13.26,47.0,47.0,0,1.099,177.74,0
953,5,PACKED,1,1,Box5,Box5,20.77,20.77,58.2,58.2,0,2.529,197.9,0
954,5,PACKED,1,1,Box4,Box4,13.26,13.26,28.5,28.5,0,1.156,200.19,0
955,4,PACKED,1,1,Box4,Box4,13.26,13.26,41.2,41.2,0,0.841,194.51,0
956,5,PACKED,1,1,Box8,Box4,14.62,13.26,56.9,63.9,0,2.173,177.04,0
957,7,PACKED,1,1,Box9,Box6,42.5,24.75,38.9,66.8,0,8.877,298.63,0
958,9,PACKED,1,1,Box6,Box6,24.75,24.75,68.1,68.1,0,13.882,182.46,0
959,9,PACKED,1,1,Box8,Box8,14.62,14.62,67.3,67.3,0,9.731,187.58,0
960,14,PACKED,2,2,Box4+Box9,Box4+Box9,55.76,55.76,50.1,49.4,0,70.182,435.14,0
961,11,PACKED,1,1,Box9,Box9,42.5,42.5,56.7,56.7,0,14.929,195.9,0
962,5,PACKED,1,1,Box9,Box9,42.5,42.5,62.0,62.0,0,3.235,179.73,0
963,5,PACKED,1,1,Box4,Box4,13.26,13.26,42.0,42.0,0,1.266,178.13,0
964,3,PACKED,1,1,Box5,Box5,20.77,20.77,35.7,35.7,0,1.192,166.61,0
965,7,PACKED,1,1,Box8,Box8,14.62,14.62,25.2,25.2,0,4.967,203.74,0
966,4,PACKED,1,1,Box2,Box2,5.28,5.28,39.8,39.8,0,0.406,224.77,0
967,7,PACKED,1,1,Box8,Box8,14.62,14.62,66.1,66.1,0,1.599,187.29,0
968,6,PACKED,1,1,Box2,Box2,5.28,5.28,45.1,45.1,0,1.365,203.67,0
969,4,PACKED,1,1,Box2,Box2,5.28,5.28,33.2,33.2,0,0.444,186.0,0
970,3,PACKED,1,1,Box9,Box9,42.5,42.5,24.6,24.6,0,1.931,168.06,0
971,4,PACKED,1,1,Box4,Box4,13.26,13.26,30.0,30.0,0,1.082,200.82,0
972,6,PACKED,1,1,Box8,Box8,14.62,14.62,19.7,19.7,0,3.027,188.64,0
973,8,PACKED,1,1,Box8,Box8,14.62,14.62,54.5,54.5,0,5.082,177.85,0
974,9,PACKED,1,1,Box4,Box4,13.26,13.26,66.8,66.8,0,7.411,199.62,0
975,10,PACKED,1,1,Box9,Box9,42.5,42.5,63.6,63.6,0,6.686,206.67,0
976,3,PACKED,1,1,Box8,Box8,14.62,14.62,39.9,39.9,0,1.107,167.21,0
977,6,PACKED,1,1,Box2,Box2,5.28,5.28,21.3,21.3,0,0.807,187.03,0
978,4,PACKED,1,1,Box9,Box9,42.5,42.5,49.1,49.1,0,2.724,177.23,0
979,4,PACKED,1,1,Box8,Box8,14.62,14.62,41.8,41.8,0,1.513,177.37,0
980,9,PACKED,1,1,Box5,Box5,20.77,20.77,60.1,60.1,0,6.69,175.51,0
981,10,PACKED,1,1,Box9,Box9,42.5,42.5,54.5,54.5,0,16.471,601.22,0
982,6,PACKED,1,1,Box8,Box8,14.62,14.62,34.4,34.4,0,2.351,181.41,0
983,7,PACKED,1,1,Box9,Box9,42.5,42.5,53.2,53.2,0,4.259,192.07,0
984,5,PACKED,1,1,Box4,Box4,13.26,13.26,25.5,25.5,0,2.437,197.09,0
985,6,PACKED,1,1,Box4,Box4,13.26,13.26,34.3,34.3,0,4.608,188.47,0
986,17,PACKED,1,1,Box8,Box8,14.62,14.62,62.4,62.4,0,27.191,177.93,0
987,14,PACKED,1,1,Box9,Box9,42.5,42.5,41.7,41.7,0,23.493,179.88,0
988,8,PACKED,1,1,Box6,Box6,24.75,24.75,42.6,42.6,0,19.647,319.89,0
989,13,PACKED,2,2,Box4+Box9,Box4+Box9,55.76,55.76,55.8,48.2,0,38.819,419.5,0
990,3,PACKED,1,1,Box2,Box2,5.28,5.28,14.2,14.2,0,0.28,174.89,0
991,4,PACKED,1,1,Box4,Box4,13.26,13.26,28.7,28.7,0,0.876,166.48,0
992,2,PACKED,1,1,Box2,Box2,5.28,5.28,19.2,19.2,0,0.178,168.56,0
993,3,PACKED,1,1,Box2,Box2,5.28,5.28,51.2,51.2,0,0.278,176.79,0
994,5,PACKED,1,1,Box4,Box4,13.26,13.26,22.8,22.8,0,1.241,190.34,0
995,3,PACKED,1,1,Box8,Box8,14.62,14.62,55.3,55.3,0,0.698,205.68,0
996,3,PACKED,1,1,Box4,Box4,13.26,13.26,31.2,31.2,0,0.643,170.34,0
997,5,PACKED,1,1,Box4,Box4,13.26,13.26,25.9,25.9,0,2.128,191.54,0
998,4,PACKED,1,1,Box8,Box8,14.62,14.62,46.5,46.5,0,1.957,179.05,0
999,7,PACKED,1,1,Box8,Box8,14.62,14.62,44.2,44.2,0,2.237,206.91,0
1000,7,PACKED,1,1,Box9,Box9,42.5,42.5,56.4,56.4,0,5.618,178.46,0
1001,7,PACKED,1,1,Box6,Box5,24.75,20.77,52.0,62.3,0,6.775,162.3,0
1002,7,PACKED,1,1,Box5,Box5,20.77,20.77,52.5,52.5,0,3.985,185.5,0
1003,5,PACKED,1,1,Box2,Box2,5.28,5.28,51.9,51.9,0,0.58,174.82,0
1004,9,PACKED,1,1,Box9,Box9,42.5,42.5,54.2,54.2,0,13.603,206.14,0
1005,8,PACKED,1,1,Box9,Box9,42.5,42.5,55.0,55.0,0,5.669,179.6,0
1006,8,PACKED,1,1,Box6,Box6,24.75,24.75,56.6,56.6,0,7.821,185.3,0
1007,8,PACKED,1,1,Box9,Box9,42.5,42.5,40.8,40.8,0,11.201,327.58,0
1008,7,PACKED,1,1,Box8,Box8,14.62,14.62,29.6,29.6,0,7.391,177.66,0
1009,11,PACKED,1,1,Box9,Box9,42.5,42.5,66.9,66.9,0,13.026,174.53,0
1010,4,PACKED,1,1,Box5,Box5,20.77,20.77,74.2,74.2,0,1.618,168.6,0
1011,2,PACKED,1,1,Box4,Box4,13.26,13.26,42.8,42.8,0,0.363,173.89,0
1012,5,PACKED,1,1,Box4,Box4,13.26,13.26,38.9,38.9,0,1.121,177.9,0
1013,6,PACKED,1,1,Box4,Box4,13.26,13.26,57.8,57.8,0,1.294,168.98,0
1014,6,PACKED,1,1,Box8,Box6,14.62,24.75,80.0,47.2,0,3.73,329.73,0
1015,8,PACKED,1,1,Box9,Box9,42.5,42.5,52.2,52.2,0,7.453,189.77,0
1016,5,PACKED,1,1,Box5,Box5,20.77,20.77,51.0,51.0,0,3.033,194.85,0
1017,7,PACKED,1,1,Box5,Box5,20.77,20.77,65.8,65.8,0,7.968,184.5,0
1018,10,PACKED,1,1,Box9,Box9,42.5,42.5,59.0,59.0,0,15.755,199.18,0
1019,10,PACKED,1,1,Box9,Box9,42.5,42.5,49.3,49.3,0,17.16,199.4,0
1020,8,PACKED,1,1,Box6,Box6,24.75,24.75,53.9,53.9,0,10.146,467.36,0
1021,7,PACKED,1,1,Box4,Box4,13.26,13.26,55.6,55.6,0,1.837,173.16,0
1022,4,PACKED,1,1,Box4,Box4,13.26,13.26,53.6,53.6,0,0.7,265.52,0
1023,4,PACKED,1,1,Box8,Box8,14.62,14.62,69.6,69.6,0,1.694,221.83,0
1024,4,PACKED,1,1,Box5,Box5,20.77,20.77,67.5,67.5,0,1.933,228.47,0
1025,6,PACKED,1,1,Box4,Box8,13.26,14.62,71.4,63.5,0,2.991,339.47,0
1026,6,PACKED,1,1,Box8,Box8,14.62,14.62,55.3,55.3,0,3.046,286.0,0
1027,6,PACKED,1,1,Box4,Box4,13.26,13.26,46.2,46.2,0,1.595,189.9,0
1028,17,PACKED,1,1,Box9,Box9,42.5,42.5,68.4,68.4,0,46.988,213.33,0
1029,11,PACKED,1,1,Box6,Box6,24.75,24.75,60.5,60.5,0,30.225,172.99,0
1030,1,PACKED,1,1,Box2,Box2,5.28,5.28,15.7,15.7,0,0.103,184.1,0
1031,1,PACKED,1,1,Box2,Box2,5.28,5.28,26.0,26.0,0,0.099,172.18,0
1032,7,PACKED,1,1,Box5,Box5,20.77,20.77,51.8,51.8,0,4.188,172.97,0
1033,5,PACKED,1,1,Box4,Box4,13.26,13.26,71.5,71.5,0,1.195,188.34,0
1034,5,PACKED,1,1,Box4,Box4,13.26,13.26,60.7,60.7,0,1.45,199.96,0
1035,5,PACKED,1,1,Box4,Box4,13.26,13.26,37.4,37.4,0,1.05,171.43,0
1036,5,PACKED,1,1,Box4,Box4,13.26,13.26,61.6,61.6,0,1.485,190.01,0
1037,8,PACKED,1,1,Box4,Box4,13.26,13.26,43.0,43.0,0,1.698,190.48,0
1038,7,PACKED,1,1,Box5,Box5,20.77,20.77,37.6,37.6,0,7.993,171.32,0
1039,9,PACKED,1,1,Box6,Box6,24.75,24.75,65.1,65.1,0,16.9,179.44,0
1040,5,PACKED,1,1,Box4,Box4,13.26,13.26,63.2,63.2,0,1.257,184.29,0
1041,6,PACKED,1,1,Box9,Box9,42.5,42.5,41.7,41.7,0,6.258,297.37,0
1042,16,PACKED,1,1,Box9,Box9,42.5,42.5,51.8,51.8,0,43.692,186.45,0
1043,6,PACKED,1,1,Box5,Box5,20.77,20.77,26.6,26.6,0,5.683,172.89,0
1044,3,PACKED,1,1,Box8,Box8,14.62,14.62,28.2,28.2,0,0.39,175.28,0
1045,6,PACKED,1,1,Box4,Box4,13.26,13.26,30.1,30.1,0,1.923,198.73,0
1046,14,PACKED,1,1,Box9,Box9,42.5,42.5,58.2,58.2,0,7.511,249.57,0
1047,6,PACKED,1,1,Box5,Box5,20.77,20.77,62.6,62.6,0,4.163,182.7,0
1048,17,PACKED,1,1,Box9,Box9,42.5,42.5,53.1,53.1,0,17.546,190.28,0
1049,5,PACKED,1,1,Box4,Box4,13.26,13.26,38.9,38.9,0,1.143,181.73,0
1050,4,PACKED,1,1,Box2,Box2,5.28,5.28,35.2,35.2,0,0.433,174.86,0
1051,5,PACKED,1,1,Box4,Box4,13.26,13.26,37.9,37.9,0,1.45,187.66,0
1052,6,PACKED,1,1,Box8,Box8,14.62,14.62,46.9,46.9,0,2.626,167.72,0
1053,11,PACKED,1,1,Box9,Box9,42.5,42.5,45.8,45.8,0,27.946,181.38,0
1054,8,PACKED,1,1,Box5,Box5,20.77,20.77,50.6,50.6,0,7.634,323.81,0
1055,9,PACKED,2,2,Box6+Box9,Box4+Box9,67.26,55.76,66.0,62.7,0,14.794,427.29,0
1056,1,PACKED,1,1,Box2,Box2,5.28,5.28,10.6,10.6,0,0.107,394.81,0
1057,4,PACKED,1,1,Box4,Box4,13.26,13.26,24.7,24.7,0,0.794,187.85,0
1058,4,PACKED,1,1,Box2,Box2,5.28,5.28,42.4,42.4,0,0.463,176.22,0
1059,10,PACKED,1,1,Box6,Box6,24.75,24.75,59.4,59.4,0,21.896,323.24,0
1060,3,PACKED,1,1,Box4,Box4,13.26,13.26,20.4,20.4,0,0.624,180.09,0
1061,4,PACKED,1,1,Box2,Box2,5.28,5.28,18.7,18.7,0,0.408,190.57,0
1062,4,PACKED,1,1,Box4,Box4,13.26,13.26,22.9,22.9,0,0.992,167.46,0
1063,5,PACKED,1,1,Box8,Box8,14.62,14.62,26.5,26.5,0,1.632,184.44,0
1064,5,PACKED,1,1,Box4,Box2,13.26,5.28,18.5,46.9,0,2.408,188.7,0
1065,8,PACKED,1,1,Box9,Box9,42.5,42.5,52.0,52.0,0,9.817,166.49,0
1066,7,PACKED,1,1,Box5,Box5,20.77,20.77,37.6,37.6,0,8.021,188.57,0
1067,7,PACKED,1,1,Box8,Box8,14.62,14.62,24.6,24.6,0,5.366,189.07,0
1068,5,PACKED,1,1,Box4,Box4,13.26,13.26,45.0,45.0,0,0.985,258.19,0
1069,12,PACKED,1,1,Box2,Box2,5.28,5.28,42.0,42.0,0,2.569,170.74,0
1070,6,PACKED,1,1,Box9,Box9,42.5,42.5,48.1,48.1,0,3.938,185.31,0
1071,8,PACKED,1,1,Box5,Box5,20.77,20.77,50.9,50.9,0,7.517,191.28,0
1072,6,PACKED,1,1,Box4,Box4,13.26,13.26,47.3,47.3,0,1.78,168.68,0
1073,6,PACKED,1,1,Box6,Box6,24.75,24.75,58.2,58.2,0,4.105,172.64,0
1074,4,PACKED,1,1,Box2,Box2,5.28,5.28,43.4,43.4,0,0.428,167.53,0
1075,8,PACKED,1,1,Box4,Box4,13.26,13.26,28.1,28.1,0,4.219,302.73,0
1076,11,PACKED,1,1,Box9,Box9,42.5,42.5,48.0,48.0,0,24.884,195.35,0
1077,4,PACKED,1,1,Box2,Box2,5.28,5.28,44.3,44.3,0,0.411,193.91,0
1078,11,PACKED,1,1,Box6,Box6,24.75,24.75,63.0,63.0,0,19.897,336.61,0
1079,5,PACKED,1,1,Box8,Box8,14.62,14.62,44.6,44.6,0,1.547,170.16,0
1080,7,PACKED,1,1,Box6,Box6,24.75,24.75,60.4,60.4,0,6.685,315.8,0
1081,13,PACKED,2,2,Box6+Box9,Box8+Box9,67.26,57.12,63.0,66.1,0,27.809,435.6,0
1082,3,PACKED,1,1,Box2,Box2,5.28,5.28,19.9,19.9,0,0.284,164.48,0
1083,3,PACKED,1,1,Box8,Box8,14.62,14.62,17.1,17.1,0,0.599,196.12,0
1084,5,PACKED,1,1,Box8,Box8,14.62,14.62,35.0,35.0,0,2.224,192.73,0
1085,4,PACKED,1,1,Box4,Box4,13.26,13.26,21.0,21.0,0,1.006,179.68,0
1086,6,PACKED,1,1,Box8,Box8,14.62,14.62,61.5,61.5,0,6.183,171.39,0
1087,3,PACKED,1,1,Box2,Box2,5.28,5.28,23.7,23.7,0,0.276,169.88,0
1088,3,PACKED,1,1,Box2,Box2,5.28,5.28,14.2,14.2,0,0.27,164.68,0
1089,4,PACKED,1,1,Box4,Box4,13.26,13.26,32.4,32.4,0,1.015,181.83,0
1090,5,PACKED,1,1,Box2,Box2,5.28,5.28,22.0,22.0,0,0.547,185.53,0
1091,14,PACKED,1,1,Box9,Box9,42.5,42.5,42.4,42.4,0,44.394,330.84,0
1092,7,PACKED,1,1,Box9,Box9,42.5,42.5,34.3,34.3,0,10.537,169.07,0
1093,13,PACKED,1,1,Box4,Box4,13.26,13.26,60.6,60.6,0,6.196,411.23,0
1094,9,PACKED,1,1,Box5,Box5,20.77,20.77,60.0,60.0,0,9.482,193.0,0
1095,3,PACKED,1,1,Box2,Box2,5.28,5.28,36.6,36.6,0,0.278,162.0,0
1096,3,PACKED,1,1,Box2,Box2,5.28,5.28,41.5,41.5,0,0.275,170.21,0
1097,5,PACKED,1,1,Box2,Box2,5.28,5.28,29.6,29.6,0,0.544,176.41,0
1098,7,PACKED,1,1,Box4,Box4,13.26,13.26,27.4,27.4,0,3.151,181.26,0
1099,4,PACKED,1,1,Box5,Box5,20.77,20.77,55.0,55.0,0,1.993,189.47,0
1100,11,PACKED,1,1,Box5,Box5,20.77,20.77,69.6,69.6,0,6.101,173.7,0
1101,2,PACKED,1,1,Box2,Box2,5.28,5.28,20.9,20.9,0,0.178,164.49,0
1102,5,PACKED,1,1,Box4,Box4,13.26,13.26,26.8,26.8,0,1.121,188.2,0
1103,8,PACKED,1,1,Box4,Box4,13.26,13.26,27.5,27.5,0,5.778,182.57,0
1104,5,PACKED,1,1,Box8,Box8,14.62,14.62,39.5,39.5,0,1.77,207.98,0
1105,6,PACKED,1,1,Box8,Box8,14.62,14.62,43.1,43.1,0,1.691,170.46,0
1106,7,PACKED,1,1,Box6,Box6,24.75,24.75,63.6,63.6,0,4.908,421.52,0
1107,4,PACKED,1,1,Box6,Box6,24.75,24.75,69.8,69.8,0,2.248,175.54,0
1108,3,PACKED,1,1,Box2,Box2,5.28,5.28,29.9,29.9,0,0.284,177.86,0
1109,4,PACKED,1,1,Box4,Box4,13.26,13.26,51.6,51.6,0,0.804,229.61,0
1110,3,PACKED,1,1,Box2,Box2,5.28,5.28,24.0,24.0,0,0.309,181.26,0
1111,7,PACKED,1,1,Box9,Box9,42.5,42.5,54.1,54.1,0,4.732,176.91,0
1112,6,PACKED,1,1,Box9,Box9,42.5,42.5,44.9,44.9,0,4.547,199.09,0
1113,5,PACKED,1,1,Box5,Box5,20.77,20.77,38.2,38.2,0,1.992,219.06,0
1114,11,PACKED,1,1,Box9,Box9,42.5,42.5,68.6,68.6,0,9.312,189.13,0
1115,8,PACKED,1,1,Box9,Box9,42.5,42.5,53.5,53.5,0,5.362,196.02,0
1116,15,PACKED,3,2,Box4+Box6+Box9,Box6+Box9,80.52,67.26,58.9,72.9,0,81.494,481.66,0
1117,10,PACKED,1,1,Box9,Box9,42.5,42.5,61.5,61.5,0,13.925,189.89,0
1118,10,PACKED,1,1,Box9,Box9,42.5,42.5,53.7,53.7,0,8.234,187.83,0
1119,8,PACKED,1,1,Box6,Box6,24.75,24.75,58.9,58.9,0,3.635,311.49,0
1120,5,PACKED,1,1,Box6,Box6,24.75,24.75,64.5,64.5,0,2.985,172.68,0
1121,5,PACKED,1,1,Box4,Box4,13.26,13.26,29.5,29.5,0,1.097,199.09,0
1122,4,PACKED,1,1,Box8,Box8,14.62,14.62,50.5,50.5,0,1.242,170.02,0
1123,5,PACKED,1,1,Box8,Box8,14.62,14.62,39.9,39.9,0,2.031,171.08,0
1124,5,PACKED,1,1,Box4,Box4,13.26,13.26,38.0,38.0,0,1.426,170.31,0
1125,13,PACKED,1,1,Box6,Box6,24.75,24.75,61.9,61.9,0,49.052,331.11,0
1126,10,PACKED,1,1,Box6,Box6,24.75,24.75,66.6,66.6,0,19.073,202.57,0
1127,10,PACKED,1,1,Box6,Box6,24.75,24.75,61.6,61.6,0,23.966,170.82,0
1128,16,PACKED,1,1,Box6,Box6,24.75,24.75,62.8,62.8,0,27.185,333.88,0
1129,8,PACKED,1,1,Box4,Box4,13.26,13.26,39.2,39.2,0,1.899,566.95,0
1130,4,PACKED,1,1,Box2,Box2,5.28,5.28,23.0,23.0,0,0.397,271.48,0
1131,6,PACKED,1,1,Box4,Box4,13.26,13.26,33.0,33.0,0,2.072,221.58,0
1132,10,PACKED,1,1,Box8,Box8,14.62,14.62,57.0,57.0,0,12.296,225.13,0
1133,9,PACKED,1,1,Box5,Box5,20.77,20.77,66.9,66.9,0,7.702,686.14,0
1134,5,PACKED,1,1,Box2,Box2,5.28,5.28,46.2,46.2,0,0.569,282.58,0
1135,3,PACKED,1,1,Box2,Box2,5.28,5.28,51.7,51.7,0,0.286,282.01,0
1136,14,PACKED,2,2,Box6+Box6,Box2+Box9,49.5,47.78,69.5,42.3,0,32.924,476.75,0
1137,5,PACKED,1,1,Box4,Box4,13.26,13.26,31.1,31.1,0,1.781,214.83,0
1138,8,PACKED,1,1,Box5,Box5,20.77,20.77,53.0,53.0,0,11.643,196.04,0
1139,13,PACKED,1,1,Box5,Box5,20.77,20.77,50.0,50.0,0,26.669,212.48,0
1140,4,PACKED,1,1,Box6,Box6,24.75,24.75,69.8,69.8,0,2.237,196.8,0
1141,6,PACKED,1,1,Box2,Box2,5.28,5.28,31.1,31.1,0,0.737,197.54,0
1142,7,PACKED,1,1,Box6,Box6,24.75,24.75,46.3,46.3,0,9.453,165.57,0
1143,5,PACKED,1,1,Box6,Box6,24.75,24.75,79.3,79.3,0,2.483,193.98,0
1144,8,PACKED,2,1,Box5+Box8,Box9,35.39,42.5,65.8,54.4,0,13.317,165.4,0
1145,5,PACKED,1,1,Box4,Box2,13.26,5.28,18.8,47.9,0,2.369,198.01,0
1146,16,PACKED,1,1,Box9,Box9,42.5,42.5,56.2,56.2,0,18.822,187.6,0
1147,7,PACKED,1,1,Box8,Box8,14.62,14.62,28.1,28.1,0,4.562,173.26,0
1148,1,PACKED,1,1,Box2,Box2,5.28,5.28,42.2,42.2,0,0.101,175.24,0
1149,5,PACKED,1,1,Box4,Box4,13.26,13.26,20.7,20.7,0,1.416,201.49,0
1150,4,PACKED,1,1,Box4,Box4,13.26,13.26,32.4,32.4,0,0.895,174.12,0
1151,7,PACKED,1,1,Box4,Box2,13.26,5.28,23.2,59.0,0,3.013,173.26,0
1152,6,PACKED,1,1,Box8,Box8,14.62,14.62,66.1,66.1,0,2.33,190.0,0
1153,8,PACKED,1,1,Box8,Box8,14.62,14.62,46.2,46.2,0,5.638,191.33,0
1154,2,PACKED,1,1,Box2,Box2,5.28,5.28,11.1,11.1,0,0.177,171.97,0
1155,4,PACKED,1,1,Box4,Box4,13.26,13.26,59.4,59.4,0,0.89,180.65,0
1156,10,PACKED,1,1,Box8,Box8,14.62,14.62,65.4,65.4,0,16.332,191.36,0
1157,8,PACKED,1,1,Box2,Box2,5.28,5.28,24.3,24.3,0,1.159,192.35,0
1158,4,PACKED,1,1,Box4,Box4,13.26,13.26,45.5,45.5,0,0.775,183.47,0
1159,5,PACKED,1,1,Box4,Box4,13.26,13.26,57.4,57.4,0,1.706,197.41,0
1160,4,PACKED,1,1,Box4,Box4,13.26,13.26,35.4,35.4,0,0.819,166.69,0
1161,5,PACKED,1,1,Box8,Box8,14.62,14.62,29.3,29.3,0,1.979,181.98,0
1162,12,PACKED,1,1,Box8,Box8,14.62,14.62,51.9,51.9,0,16.801,168.93,0
1163,7,PACKED,1,1,Box8,Box8,14.62,14.62,56.3,56.3,0,2.79,181.05,0
1164,9,PACKED,1,1,Box9,Box9,42.5,42.5,57.5,57.5,0,11.565,472.0,0
1165,1,PACKED,1,1,Box2,Box2,5.28,5.28,26.0,26.0,0,0.095,189.54,0
1166,5,PACKED,1,1,Box4,Box4,13.26,13.26,20.7,20.7,0,1.39,171.2,0
1167,5,PACKED,1,1,Box6,Box5,24.75,20.77,53.4,63.8,0,4.424,189.29,0
1168,7,PACKED,1,1,Box5,Box5,20.77,20.77,57.6,57.6,0,6.751,178.21,0
1169,6,PACKED,2,2,Box5+Box9,Box5+Box9,63.28,63.28,48.2,47.0,0,8.533,234.72,0
1170,5,PACKED,1,1,Box9,Box9,42.5,42.5,33.7,33.7,0,5.607,200.79,0
1171,7,PACKED,1,1,Box6,Box6,24.75,24.75,59.2,59.2,0,7.621,170.36,0
1172,9,PACKED,1,1,Box4,Box4,13.26,13.26,44.0,44.0,0,3.752,166.3,0
1173,9,PACKED,1,1,Box6,Box6,24.75,24.75,45.3,45.3,0,20.27,171.92,0
1174,5,PACKED,1,1,Box6,Box6,24.75,24.75,64.5,64.5,0,2.42,189.62,0
1175,3,PACKED,1,1,Box2,Box2,5.28,5.28,25.2,25.2,0,0.281,214.95,0
1176,4,PACKED,1,1,Box4,Box4,13.26,13.26,39.4,39.4,0,0.849,194.34,0
1177,5,PACKED,1,1,Box6,Box6,24.75,24.75,58.4,58.4,0,3.755,212.25,0
1178,4,PACKED,1,1,Box2,Box2,5.28,5.28,28.5,28.5,0,0.431,167.12,0
1179,11,PACKED,1,1,Box9,Box9,42.5,42.5,41.8,41.8,0,18.66,307.9,0
1180,6,PACKED,1,1,Box4,Box4,13.26,13.26,41.6,41.6,0,1.809,177.57,0
1181,6,PACKED,1,1,Box6,Box9,24.75,42.5,70.2,40.9,0,3.08,334.43,0
1182,6,PACKED,1,1,Box4,Box4,13.26,13.26,45.0,45.0,0,1.864,164.89,0
1183,4,PACKED,1,1,Box5,Box5,20.77,20.77,26.3,26.3,0,1.935,182.98,0
1184,5,PACKED,1,1,Box5,Box5,20.77,20.77,58.9,58.9,0,2.777,175.6,0
1185,5,PACKED,1,1,Box4,Box4,13.26,13.26,54.0,54.0,0,1.499,199.21,0
1186,6,PACKED,1,1,Box8,Box8,14.62,14.62,53.2,53.2,0,2.225,176.78,0
1187,7,PACKED,1,1,Box9,Box9,42.5,42.5,51.8,51.8,0,8.95,187.35,0
1188,5,PACKED,1,1,Box4,Box4,13.26,13.26,23.2,23.2,0,1.172,192.15,0
1189,14,PACKED,1,1,Box4,Box4,13.26,13.26,66.6,66.6,0,20.486,192.79,0
1190,1,PACKED,1,1,Box2,Box2,5.28,5.28,11.0,11.0,0,0.1,171.37,0
1191,2,PACKED,1,1,Box9,Box9,42.5,42.5,33.7,33.7,0,0.798,167.12,0
1192,3,PACKED,1,1,Box2,Box2,5.28,5.28,18.7,18.7,0,0.284,171.52,0
1193,6,PACKED,1,1,Box6,Box6,24.75,24.75,59.7,59.7,0,6.985,306.98,0
1194,7,PACKED,1,1,Box8,Box8,14.62,14.62,58.8,58.8,0,4.54,186.01,0
1195,1,PACKED,1,1,Box5,Box5,20.77,20.77,44.3,44.3,0,0.28,168.12,0
1196,4,PACKED,1,1,Box6,Box6,24.75,24.75,69.8,69.8,0,2.211,178.59,0
1197,2,PACKED,1,1,Box4,Box4,13.26,13.26,23.8,23.8,0,0.37,180.32,0
1198,3,PACKED,1,1,Box2,Box2,5.28,5.28,11.7,11.7,0,0.289,189.43,0
1199,5,PACKED,1,1,Box2,Box2,5.28,5.28,39.5,39.5,0,0.568,192.6,0
1200,6,PACKED,1,1,Box6,Box6,24.75,24.75,58.8,58.8,0,4.61,178.74,0
1201,5,PACKED,1,1,Box4,Box4,13.26,13.26,33.5,33.5,0,1.5,173.66,0
1202,6,PACKED,1,1,Box4,Box4,13.26,13.26,23.1,23.1,0,2.191,469.53,0
1203,4,PACKED,1,1,Box4,Box4,13.26,13.26,49.0,49.0,0,0.812,191.41,0
1204,8,PACKED,1,1,Box6,Box5,24.75,20.77,57.2,68.4,0,9.593,178.86,0
1205,18,PACKED,1,1,Box9,Box9,42.5,42.5,58.8,58.8,0,15.756,199.73,0
1206,12,PACKED,1,1,Box8,Box8,14.62,14.62,41.5,41.5,0,13.643,180.15,0
1207,8,PACKED,1,1,Box8,Box8,14.62,14.62,51.8,51.8,0,8.362,155.66,0
1208,11,PACKED,1,1,Box9,Box9,42.5,42.5,43.8,43.8,0,30.144,216.68,0
1209,13,PACKED,1,1,Box5,Box5,20.77,20.77,59.3,59.3,0,12.552,197.98,0
1210,3,PACKED,1,1,Box2,Box2,5.28,5.28,16.5,16.5,0,0.284,192.91,0
1211,8,PACKED,1,1,Box5,Box5,20.77,20.77,51.4,51.4,0,8.785,190.56,0
1212,10,PACKED,1,1,Box4,Box4,13.26,13.26,40.3,40.3,0,6.019,187.25,0
1213,4,PACKED,1,1,Box2,Box2,5.28,5.28,40.7,40.7,0,0.405,194.68,0
1214,7,PACKED,1,1,Box5,Box5,20.77,20.77,36.4,36.4,0,8.55,189.95,0
1215,2,PACKED,1,1,Box4,Box2,13.26,5.28,22.3,56.7,0,0.396,198.59,0
1216,5,PACKED,1,1,Box2,Box2,5.28,5.28,40.2,40.2,0,0.564,167.21,0
1217,5,PACKED,1,1,Box2,Box2,5.28,5.28,38.4,38.4,0,0.586,174.0,0
1218,7,PACKED,1,1,Box9,Box9,42.5,42.5,37.1,37.1,0,7.799,189.62,0
1219,6,PACKED,1,1,Box4,Box4,13.26,13.26,39.1,39.1,0,1.359,162.73,0
1220,4,PACKED,1,1,Box4,Box4,13.26,13.26,36.3,36.3,0,0.833,170.4,0
1221,12,PACKED,1,1,Box9,Box9,42.5,42.5,56.3,56.3,0,13.384,200.08,0
1222,16,PACKED,2,1,Box5+Box6,Box9,45.53,42.5,66.7,71.1,0,41.152,400.62,0
1223,16,PACKED,2,1,Box5+Box6,Box9,45.53,42.5,66.7,71.1,0,42.616,367.48,0
1224,16,PACKED,2,1,Box5+Box6,Box9,45.53,42.5,66.7,71.1,0,41.363,365.52,0
1225,16,PACKED,2,1,Box5+Box6,Box9,45.53,42.5,66.7,71.1,0,41.599,382.3,0
1226,23,PACKED,2,2,Box5+Box9,Box8+Box9,63.28,57.12,60.3,60.0,0,84.892,441.41,0
1227,16,PACKED,2,1,Box5+Box6,Box9,45.53,42.5,66.7,71.1,0,41.322,361.37,0
1228,16,PACKED,2,1,Box5+Box6,Box9,45.53,42.5,66.7,71.1,0,41.269,352.56,0
1229,28,PACKED,2,2,Box9+Box9,Box6+Box9,85.01,67.26,59.3,71.8,0,152.224,452.93,0
1230,16,PACKED,2,1,Box5+Box6,Box9,45.53,42.5,66.7,71.1,0,41.177,361.67,0
1231,16,PACKED,2,1,Box5+Box6,Box9,45.53,42.5,66.7,71.1,0,41.786,363.72,0
1232,16,PACKED,2,1,Box5+Box6,Box9,45.53,42.5,66.7,71.1,0,43.185,376.89,0
1233,18,PACKED,2,2,Box6+Box6,Box2+Box9,49.5,47.78,67.4,57.5,0,46.111,716.85,0
1234,16,PACKED,2,1,Box5+Box6,Box9,45.53,42.5,66.7,71.1,0,41.604,405.26,0
1235,16,PACKED,2,1,Box5+Box6,Box9,45.53,42.5,66.7,71.1,0,41.496,361.14,0
1236,16,PACKED,2,1,Box5+Box6,Box9,45.53,42.5,66.7,71.1,0,41.96,378.94,0
1237,16,PACKED,2,1,Box5+Box6,Box9,45.53,42.5,66.7,71.1,0,42.16,346.34,0
1238,16,PACKED,2,1,Box5+Box6,Box9,45.53,42.5,66.7,71.1,0,43.698,375.73,0
1239,16,PACKED,2,1,Box5+Box6,Box9,45.53,42.5,66.7,71.1,0,42.745,388.12,0
1240,16,PACKED,2,1,Box5+Box6,Box9,45.53,42.5,66.7,71.1,0,42.04,397.79,0
1241,16,PACKED,2,1,Box5+Box6,Box9,45.53,42.5,66.7,71.1,0,41.496,375.78,0
1242,22,PACKED,2,2,Box5+Box9,Box8+Box9,63.28,57.12,65.2,62.5,0,63.619,430.42,0
1243,26,PACKED,2,2,Box6+Box9,Box6+Box9,67.26,67.26,67.7,63.3,0,192.676,634.56,0
1244,18,PACKED,2,2,Box6+Box6,Box8+Box9,49.5,57.12,69.2,43.8,0,61.248,528.89,0
1245,30,PACKED,2,2,Box9+Box9,Box9+Box9,85.01,85.01,61.3,61.3,0,260.348,562.86,0
1246,16,PACKED,2,1,Box5+Box6,Box9,45.53,42.5,66.7,71.1,0,41.929,368.63,0
1247,16,PACKED,2,1,Box5+Box6,Box9,45.53,42.5,66.7,71.1,0,41.431,372.0,0
1248,16,PACKED,2,1,Box5+Box6,Box9,45.53,42.5,66.7,71.1,0,41.319,343.2,0
1249,16,PACKED,2,1,Box5+Box6,Box9,45.53,42.5,66.7,71.1,0,41.685,366.95,0
1250,16,PACKED,2,1,Box5+Box6,Box9,45.53,42.5,66.7,71.1,0,41.416,371.07,0
1251,16,PACKED,2,1,Box5+Box6,Box9,45.53,42.5,66.7,71.1,0,41.859,356.93,0
1252,16,PACKED,2,1,Box5+Box6,Box9,45.53,42.5,66.7,71.1,0,41.558,382.46,0
1253,16,PACKED,2,1,Box5+Box6,Box9,45.53,42.5,66.7,71.1,0,41.68,376.08,0
1254,16,PACKED,2,1,Box5+Box6,Box9,45.53,42.5,66.7,71.1,0,43.014,511.33,0
1255,16,PACKED,2,1,Box5+Box6,Box9,45.53,42.5,66.7,71.1,0,41.955,356.2,0
1256,16,PACKED,2,1,Box5+Box6,Box9,45.53,42.5,66.7,71.1,0,42.96,381.37,0
1257,16,PACKED,2,1,Box5+Box6,Box9,45.53,42.5,66.7,71.1,0,41.551,405.92,0
1258,16,PACKED,2,1,Box5+Box6,Box9,45.53,42.5,66.7,71.1,0,42.673,376.69,0
1259,16,PACKED,2,1,Box5+Box6,Box9,45.53,42.5,66.7,71.1,0,41.731,363.89,0
1260,16,PACKED,2,1,Box5+Box6,Box9,45.53,42.5,66.7,71.1,0,41.539,344.79,0
1261,16,PACKED,2,1,Box5+Box6,Box9,45.53,42.5,66.7,71.1,0,42.662,373.99,0
1262,16,PACKED,2,1,Box5+Box6,Box9,45.53,42.5,66.7,71.1,0,41.477,336.35,0
1263,16,PACKED,2,1,Box5+Box6,Box9,45.53,42.5,66.7,71.1,0,42.243,437.4,0
1264,16,PACKED,2,1,Box5+Box6,Box9,45.53,42.5,66.7,71.1,0,41.385,337.49,0
1265,16,PACKED,2,1,Box5+Box6,Box9,45.53,42.5,66.7,71.1,0,41.814,357.69,0
1266,16,PACKED,2,1,Box5+Box6,Box9,45.53,42.5,66.7,71.1,0,42.698,383.12,0
1267,16,PACKED,2,1,Box5+Box6,Box9,45.53,42.5,66.7,71.1,0,41.61,406.96,0
1268,16,PACKED,2,1,Box5+Box6,Box9,45.53,42.5,66.7,71.1,0,41.792,372.96,0
1269,16,PACKED,2,1,Box5+Box6,Box9,45.53,42.5,66.7,71.1,0,41.459,346.9,0
1270,16,PACKED,2,1,Box5+Box6,Box9,45.53,42.5,66.7,71.1,0,41.67,351.66,0
1271,16,PACKED,2,1,Box5+Box6,Box9,45.53,42.5,66.7,71.1,0,43.114,393.32,0
1272,16,PACKED,2,1,Box5+Box6,Box9,45.53,42.5,66.7,71.1,0,41.477,352.65,0
1273,16,PACKED,2,1,Box5+Box6,Box9,45.53,42.5,66.7,71.1,0,41.427,367.51,0
1274,16,PACKED,2,1,Box5+Box6,Box9,45.53,42.5,66.7,71.1,0,41.69,360.0,0
1275,16,PACKED,2,1,Box5+Box6,Box9,45.53,42.5,66.7,71.1,0,41.705,334.16,0
1276,16,PACKED,2,1,Box5+Box6,Box9,45.53,42.5,66.7,71.1,0,42.123,782.82,0
1277,16,PACKED,2,1,Box5+Box6,Box9,45.53,42.5,66.7,71.1,0,43.13,360.71,0
1278,16,PACKED,2,1,Box5+Box6,Box9,45.53,42.5,66.7,71.1,0,43.129,409.5,0
1279,16,PACKED,2,1,Box5+Box6,Box9,45.53,42.5,66.7,71.1,0,41.445,409.81,0
1280,16,PACKED,2,1,Box5+Box6,Box9,45.53,42.5,66.7,71.1,0,42.05,388.96,0
1281,16,PACKED,2,1,Box5+Box6,Box9,45.53,42.5,66.7,71.1,0,42.035,365.61,0
1282,16,PACKED,2,1,Box5+Box6,Box9,45.53,42.5,66.7,71.1,0,41.244,493.97,0
1283,16,PACKED,2,1,Box5+Box6,Box9,45.53,42.5,66.7,71.1,0,42.533,379.12,0
1284,16,PACKED,2,1,Box5+Box6,Box9,45.53,42.5,66.7,71.1,0,41.447,377.45,0
1285,16,PACKED,2,1,Box5+Box6,Box9,45.53,42.5,66.7,71.1,0,41.395,378.59,0
1286,1,PACKED,1,1,Box2,Box2,5.28,5.28,10.6,10.6,0,0.1,176.81,0
1287,14,PACKED,1,1,Box6,Box6,24.75,24.75,59.1,59.1,0,40.281,352.0,0
1288,10,PACKED,1,1,Box6,Box6,24.75,24.75,61.0,61.0,0,20.443,189.95,0
1289,5,PACKED,1,1,Box8,Box8,14.62,14.62,28.8,28.8,0,2.354,183.93,0
1290,1,PACKED,1,1,Box2,Box2,5.28,5.28,42.2,42.2,0,0.1,190.22,0
1291,10,PACKED,1,1,Box5,Box5,20.77,20.77,57.4,57.4,0,8.433,196.96,0
1292,6,PACKED,1,1,Box6,Box9,24.75,42.5,72.0,42.0,0,4.824,328.69,0
1293,7,PACKED,1,1,Box4,Box4,13.26,13.26,32.9,32.9,0,1.562,198.74,0
1294,7,PACKED,1,1,Box6,Box5,24.75,20.77,46.2,55.3,0,8.384,175.34,0
1295,6,PACKED,1,1,Box8,Box8,14.62,14.62,48.5,48.5,0,2.966,176.35,0
1296,9,PACKED,1,1,Box6,Box6,24.75,24.75,66.9,66.9,0,11.597,194.87,0
1297,3,PACKED,1,1,Box2,Box2,5.28,5.28,24.1,24.1,0,0.296,162.53,0
1298,7,PACKED,1,1,Box2,Box2,5.28,5.28,40.3,40.3,0,1.138,165.49,0
1299,6,PACKED,1,1,Box8,Box8,14.62,14.62,54.7,54.7,0,2.803,177.54,0
1300,11,PACKED,1,1,Box9,Box9,42.5,42.5,41.1,41.1,0,25.641,297.49,0
1301,10,PACKED,1,1,Box2,Box2,5.28,5.28,53.1,53.1,0,2.105,178.18,0
1302,7,PACKED,1,1,Box9,Box9,42.5,42.5,44.1,44.1,0,6.668,299.95,0
1303,2,PACKED,1,1,Box4,Box4,13.26,13.26,37.0,37.0,0,0.368,160.15,0
1304,2,PACKED,1,1,Box2,Box2,5.28,5.28,31.4,31.4,0,0.173,187.04,0
1305,4,PACKED,1,1,Box9,Box9,42.5,42.5,55.9,55.9,0,2.855,172.54,0
1306,6,PACKED,1,1,Box8,Box4,14.62,13.26,47.4,53.2,0,3.789,429.32,0
1307,12,PACKED,1,1,Box5,Box5,20.77,20.77,51.2,51.2,0,14.849,321.4,0
1308,4,PACKED,1,1,Box8,Box8,14.62,14.62,33.6,33.6,0,1.652,196.0,0
1309,6,PACKED,1,1,Box9,Box9,42.5,42.5,53.9,53.9,0,3.978,162.83,0
1310,9,PACKED,1,1,Box8,Box8,14.62,14.62,40.2,40.2,0,9.356,182.96,0
1311,8,PACKED,1,1,Box4,Box4,13.26,13.26,45.8,45.8,0,2.42,165.27,0
1312,10,PACKED,1,1,Box9,Box9,42.5,42.5,42.9,42.9,0,20.461,326.23,0
1313,5,PACKED,1,1,Box2,Box2,5.28,5.28,28.1,28.1,0,0.554,178.16,0
1314,2,PACKED,1,1,Box8,Box8,14.62,14.62,11.7,11.7,0,0.341,171.96,0
1315,8,PACKED,1,1,Box6,Box6,24.75,24.75,61.6,61.6,0,10.145,170.73,0
1316,4,PACKED,1,1,Box4,Box4,13.26,13.26,26.9,26.9,0,0.905,174.45,0
1317,4,PACKED,1,1,Box4,Box4,13.26,13.26,25.8,25.8,0,0.881,184.82,0
1318,7,PACKED,1,1,Box8,Box8,14.62,14.62,31.8,31.8,0,4.883,160.57,0
1319,7,PACKED,1,1,Box5,Box5,20.77,20.77,47.3,47.3,0,6.3,162.18,0
1320,5,PACKED,1,1,Box2,Box2,5.28,5.28,25.9,25.9,0,0.592,170.64,0
1321,16,PACKED,2,2,Box8+Box9,Box4+Box9,57.12,55.76,62.0,57.5,0,66.605,407.0,0
1322,7,PACKED,1,1,Box4,Box4,13.26,13.26,60.9,60.9,0,4.37,195.5,0
1323,7,PACKED,1,1,Box4,Box4,13.26,13.26,36.6,36.6,0,1.622,172.3,0
1324,8,PACKED,1,1,Box6,Box5,24.75,20.77,54.4,65.1,0,11.194,172.99,0
1325,8,PACKED,1,1,Box4,Box4,13.26,13.26,39.3,39.3,0,2.197,196.12,0
1326,10,PACKED,1,1,Box9,Box9,42.5,42.5,53.2,53.2,0,13.028,179.77,0
1327,4,PACKED,1,1,Box4,Box4,13.26,13.26,65.4,65.4,0,0.94,166.15,0
1328,4,PACKED,1,1,Box2,Box2,5.28,5.28,26.5,26.5,0,0.448,189.01,0
1329,7,PACKED,1,1,Box6,Box6,24.75,24.75,64.6,64.6,0,6.425,173.58,0
1330,5,PACKED,1,1,Box8,Box8,14.62,14.62,26.6,26.6,0,2.161,197.29,0
1331,3,PACKED,1,1,Box8,Box8,14.62,14.62,47.0,47.0,0,0.942,192.05,0
1332,5,PACKED,1,1,Box8,Box8,14.62,14.62,75.3,75.3,0,2.706,180.37,0
1333,7,PACKED,1,1,Box8,Box8,14.62,14.62,54.4,54.4,0,3.667,170.09,0
1334,4,PACKED,1,1,Box2,Box2,5.28,5.28,20.0,20.0,0,0.395,195.54,0
1335,5,PACKED,1,1,Box4,Box4,13.26,13.26,18.4,18.4,0,1.486,193.22,0
1336,4,PACKED,1,1,Box8,Box8,14.62,14.62,16.4,16.4,0,1.426,164.71,0
1337,4,PACKED,1,1,Box2,Box2,5.28,5.28,32.1,32.1,0,0.403,182.72,0
1338,17,PACKED,1,1,Box5,Box5,20.77,20.77,59.0,59.0,0,39.724,196.29,0
1339,9,PACKED,1,1,Box8,Box4,14.62,13.26,59.6,67.0,0,9.888,165.03,0
1340,4,PACKED,2,1,Box5+Box5,Box9,41.55,42.5,66.4,64.6,0,4.191,166.32,0
1341,6,PACKED,1,1,Box4,Box4,13.26,13.26,26.0,26.0,0,2.904,156.41,0
1342,7,PACKED,1,1,Box8,Box8,14.62,14.62,40.9,40.9,0,5.439,164.55,0
1343,10,PACKED,1,1,Box4,Box4,13.26,13.26,30.0,30.0,0,5.055,174.28,0
1344,7,PACKED,2,1,Box2+Box9,Box9,47.78,42.5,47.4,71.6,0,7.827,588.74,0
1345,9,PACKED,1,1,Box6,Box6,24.75,24.75,64.8,64.8,0,14.623,321.24,0
1346,2,PACKED,1,1,Box4,Box4,13.26,13.26,60.0,60.0,0,0.459,169.65,0
1347,6,PACKED,1,1,Box5,Box5,20.77,20.77,54.6,54.6,0,5.255,168.3,0
1348,4,PACKED,1,1,Box6,Box6,24.75,24.75,69.8,69.8,0,2.219,166.05,0
1349,9,PACKED,1,1,Box9,Box9,42.5,42.5,61.7,61.7,0,11.811,198.69,0
1350,9,PACKED,1,1,Box9,Box9,42.5,42.5,41.6,41.6,0,22.524,316.72,0
1351,4,PACKED,1,1,Box2,Box2,5.28,5.28,19.0,19.0,0,0.4,166.85,0
1352,5,PACKED,1,1,Box2,Box2,5.28,5.28,26.6,26.6,0,0.547,199.72,0
1353,6,PACKED,1,1,Box9,Box9,42.5,42.5,36.4,36.4,0,7.001,164.81,0
1354,5,PACKED,1,1,Box8,Box8,14.62,14.62,36.6,36.6,0,1.895,172.16,0
1355,19,PACKED,1,1,Box9,Box9,42.5,42.5,45.8,45.8,0,92.644,353.67,0
1356,3,PACKED,1,1,Box2,Box2,5.28,5.28,25.1,25.1,0,0.296,162.94,0
1357,4,PACKED,1,1,Box4,Box2,13.26,5.28,13.4,34.1,0,2.044,185.26,0
1358,5,PACKED,1,1,Box4,Box4,13.26,13.26,47.8,47.8,0,1.212,162.95,0
1359,5,PACKED,1,1,Box9,Box9,42.5,42.5,28.1,28.1,0,4.643,159.62,0
1360,8,PACKED,1,1,Box4,Box4,13.26,13.26,42.2,42.2,0,4.309,160.92,0
1361,5,PACKED,1,1,Box9,Box6,42.5,24.75,37.0,63.6,0,7.252,174.36,0
1362,4,PACKED,1,1,Box2,Box2,5.28,5.28,67.1,67.1,0,0.653,170.3,0
1363,2,PACKED,1,1,Box2,Box2,5.28,5.28,31.4,31.4,0,0.183,193.29,0
1364,5,PACKED,1,1,Box4,Box4,13.26,13.26,25.4,25.4,0,1.589,167.19,0
1365,8,PACKED,1,1,Box6,Box6,24.75,24.75,44.2,44.2,0,10.782,190.47,0
1366,7,PACKED,1,1,Box8,Box8,14.62,14.62,16.3,16.3,0,5.413,182.51,0
1367,8,PACKED,1,1,Box5,Box5,20.77,20.77,52.2,52.2,0,5.099,312.3,0
1368,11,PACKED,1,1,Box6,Box5,24.75,20.77,52.9,63.3,0,41.287,200.23,0
1369,4,PACKED,1,1,Box4,Box4,13.26,13.26,28.7,28.7,0,0.92,189.21,0
1370,12,PACKED,1,1,Box4,Box4,13.26,13.26,50.1,50.1,0,8.078,172.32,0
1371,10,PACKED,1,1,Box6,Box9,24.75,42.5,68.3,39.8,0,24.7,180.05,0
1372,5,PACKED,1,1,Box9,Box9,42.5,42.5,32.9,32.9,0,3.603,195.17,0
1373,3,PACKED,1,1,Box8,Box8,14.62,14.62,17.7,17.7,0,1.004,191.56,0
1374,5,PACKED,1,1,Box2,Box2,5.28,5.28,59.3,59.3,0,0.602,179.1,0
1375,8,PACKED,1,1,Box9,Box9,42.5,42.5,46.7,46.7,0,11.282,177.0,0
1376,7,PACKED,1,1,Box2,Box2,5.28,5.28,55.1,55.1,0,1.269,268.43,0
1377,4,PACKED,1,1,Box4,Box4,13.26,13.26,46.4,46.4,0,1.103,334.16,0
1378,6,PACKED,1,1,Box5,Box5,20.77,20.77,50.3,50.3,0,4.874,209.02,0
1379,13,PACKED,2,2,Box6+Box9,Box5+Box9,67.26,63.28,68.0,68.3,0,37.683,712.92,0
1380,12,PACKED,1,1,Box5,Box5,20.77,20.77,51.1,51.1,0,25.886,469.58,0
1381,2,PACKED,1,1,Box4,Box4,13.26,13.26,37.0,37.0,0,0.378,237.41,0
1382,5,PACKED,1,1,Box4,Box4,13.26,13.26,35.4,35.4,0,1.036,226.66,0
1383,8,PACKED,1,1,Box4,Box4,13.26,13.26,32.5,32.5,0,5.4,203.45,0
1384,6,PACKED,1,1,Box9,Box9,42.5,42.5,54.6,54.6,0,6.521,188.34,0
1385,6,PACKED,1,1,Box4,Box4,13.26,13.26,55.7,55.7,0,2.55,171.19,0
1386,8,PACKED,1,1,Box6,Box6,24.75,24.75,64.6,64.6,0,10.473,181.77,0
1387,8,PACKED,1,1,Box8,Box8,14.62,14.62,58.4,58.4,0,4.132,181.3,0
1388,5,PACKED,1,1,Box4,Box4,13.26,13.26,18.6,18.6,0,1.403,184.54,0
1389,4,PACKED,1,1,Box4,Box4,13.26,13.26,30.9,30.9,0,0.926,193.95,0
1390,9,PACKED,1,1,Box8,Box8,14.62,14.62,57.1,57.1,0,7.17,179.75,0
1391,10,PACKED,1,1,Box8,Box8,14.62,14.62,60.3,60.3,0,11.577,200.62,0
1392,5,PACKED,2,1,Box5+Box8,Box9,35.39,42.5,63.6,52.3,0,5.589,184.04,0
1393,6,PACKED,1,1,Box4,Box4,13.26,13.26,53.7,53.7,0,2.226,163.27,0
1394,10,PACKED,1,1,Box8,Box8,14.62,14.62,50.2,50.2,0,10.225,206.22,0
1395,8,PACKED,1,1,Box8,Box8,14.62,14.62,41.9,41.9,0,5.907,203.57,0
1396,9,PACKED,1,1,Box5,Box5,20.77,20.77,52.2,52.2,0,16.241,193.74,0
1397,10,PACKED,1,1,Box8,Box8,14.62,14.62,50.3,50.3,0,11.939,165.68,0
1398,3,PACKED,1,1,Box4,Box4,13.26,13.26,18.5,18.5,0,0.684,180.98,0
1399,3,PACKED,1,1,Box2,Box2,5.28,5.28,42.5,42.5,0,0.304,172.09,0
1400,5,PACKED,1,1,Box4,Box4,13.26,13.26,32.6,32.6,0,1.248,162.04,0
1401,5,PACKED,1,1,Box4,Box2,13.26,5.28,21.5,54.7,0,2.134,198.99,0
1402,10,PACKED,1,1,Box9,Box9,42.5,42.5,41.4,41.4,0,15.035,325.8,0
1403,8,PACKED,2,1,Box6+Box6,Box9,49.5,42.5,66.9,77.9,0,10.11,353.97,0
1404,1,PACKED,1,1,Box4,Box4,13.26,13.26,44.6,44.6,0,0.221,173.03,0
1405,24,PACKED,2,2,Box4+Box9,Box4+Box9,55.76,55.76,68.3,55.0,0,130.369,443.69,0
1406,24,PACKED,2,2,Box4+Box9,Box4+Box9,55.76,55.76,68.3,55.0,0,132.564,448.87,0
1407,5,PACKED,1,1,Box4,Box4,13.26,13.26,40.7,40.7,0,1.378,188.4,0
1408,10,PACKED,1,2,Box9,Box4+Box9,42.5,55.76,63.1,36.9,0,15.114,318.97,0
1409,5,PACKED,1,1,Box6,Box6,24.75,24.75,52.7,52.7,0,4.978,175.91,0
1410,3,PACKED,1,1,Box2,Box2,5.28,5.28,53.0,53.0,0,0.29,488.44,0
1411,13,PACKED,1,1,Box9,Box9,42.5,42.5,44.7,44.7,0,31.469,173.59,0
1412,8,PACKED,1,1,Box4,Box4,13.26,13.26,41.5,41.5,0,2.58,174.84,0
1413,4,PACKED,1,1,Box5,Box5,20.77,20.77,69.5,69.5,0,1.934,174.06,0
1414,5,PACKED,1,1,Box4,Box4,13.26,13.26,40.1,40.1,0,1.241,194.79,0
1415,7,PACKED,1,1,Box6,Box6,24.75,24.75,55.3,55.3,0,9.781,195.17,0
1416,1,PACKED,1,1,Box2,Box2,5.28,5.28,18.5,18.5,0,0.099,223.3,0
1417,9,PACKED,1,1,Box5,Box5,20.77,20.77,57.3,57.3,0,6.06,176.54,0
1418,5,PACKED,1,1,Box2,Box2,5.28,5.28,54.8,54.8,0,0.754,209.3,0
1419,8,PACKED,1,1,Box6,Box6,24.75,24.75,62.1,62.1,0,7.749,157.47,0
1420,7,PACKED,1,1,Box4,Box4,13.26,13.26,25.3,25.3,0,5.766,167.82,0
1421,6,PACKED,1,1,Box4,Box4,13.26,13.26,45.4,45.4,0,2.445,159.28,0
1422,5,PACKED,1,1,Box4,Box4,13.26,13.26,30.9,30.9,0,1.004,171.42,0
1423,5,PACKED,1,1,Box8,Box8,14.62,14.62,47.1,47.1,0,3.257,177.38,0
1424,6,PACKED,1,1,Box9,Box9,42.5,42.5,35.2,35.2,0,6.894,173.35,0
1425,13,PACKED,1,1,Box5,Box5,20.77,20.77,65.6,65.6,0,19.128,182.62,0
1426,7,PACKED,1,1,Box2,Box2,5.28,5.28,50.1,50.1,0,1.318,202.37,0
1427,3,PACKED,1,1,Box4,Box2,13.26,5.28,16.9,43.0,0,0.669,194.24,0
1428,4,PACKED,1,1,Box2,Box2,5.28,5.28,42.8,42.8,0,0.436,170.03,0
1429,9,PACKED,1,1,Box5,Box5,20.77,20.77,56.2,56.2,0,9.233,171.15,0
1430,7,PACKED,1,1,Box4,Box4,13.26,13.26,64.3,64.3,0,4.146,197.69,0
1431,8,PACKED,1,1,Box8,Box8,14.62,14.62,49.3,49.3,0,5.809,168.51,0
1432,7,PACKED,1,1,Box9,Box9,42.5,42.5,49.1,49.1,0,6.836,180.44,0
1433,6,PACKED,1,1,Box4,Box4,13.26,13.26,24.8,24.8,0,1.799,175.68,0
1434,9,PACKED,1,1,Box8,Box8,14.62,14.62,56.6,56.6,0,6.284,185.89,0
1435,5,PACKED,1,1,Box4,Box4,13.26,13.26,55.6,55.6,0,1.726,165.23,0
1436,8,PACKED,1,1,Box4,Box4,13.26,13.26,60.7,60.7,0,1.761,157.61,0
1437,6,PACKED,1,1,Box8,Box5,14.62,20.77,73.1,51.7,0,3.315,329.39,0
1438,4,PACKED,1,1,Box4,Box2,13.26,5.28,21.3,54.1,0,1.007,182.8,0
1439,3,PACKED,1,1,Box2,Box2,5.28,5.28,23.4,23.4,0,0.279,174.93,0
1440,5,PACKED,1,1,Box8,Box8,14.62,14.62,46.7,46.7,0,0.946,163.42,0
1441,5,PACKED,1,1,Box5,Box5,20.77,20.77,58.1,58.1,0,4.08,198.87,0
1442,7,PACKED,1,1,Box8,Box8,14.62,14.62,59.7,59.7,0,5.098,182.9,0
1443,2,PACKED,1,1,Box4,Box4,13.26,13.26,43.2,43.2,0,0.369,176.41,0
1444,5,PACKED,1,1,Box4,Box4,13.26,13.26,33.0,33.0,0,1.031,174.99,0
1445,4,PACKED,1,1,Box2,Box2,5.28,5.28,48.2,48.2,0,0.433,178.27,0
1446,4,PACKED,1,1,Box4,Box4,13.26,13.26,33.7,33.7,0,0.813,174.58,0
1447,8,PACKED,1,1,Box8,Box8,14.62,14.62,43.4,43.4,0,6.93,162.85,0
1448,5,PACKED,1,1,Box4,Box4,13.26,13.26,34.8,34.8,0,1.588,464.45,0
1449,9,PACKED,1,1,Box8,Box8,14.62,14.62,59.0,59.0,0,4.153,197.63,0
1450,8,PACKED,1,1,Box5,Box5,20.77,20.77,68.3,68.3,0,6.475,196.39,0
1451,5,PACKED,1,1,Box4,Box4,13.26,13.26,33.5,33.5,0,1.457,186.26,0
1452,4,PACKED,1,1,Box4,Box4,13.26,13.26,66.4,66.4,0,0.739,187.25,0
1453,4,PACKED,1,1,Box2,Box2,5.28,5.28,19.3,19.3,0,0.402,174.12,0
1454,4,PACKED,1,1,Box6,Box6,24.75,24.75,63.1,63.1,0,2.479,196.65,0
1455,11,PACKED,1,1,Box5,Box5,20.77,20.77,43.3,43.3,0,8.564,173.63,0
1456,13,PACKED,1,1,Box5,Box6,20.77,24.75,68.7,57.4,0,10.519,197.28,0
1457,6,PACKED,1,1,Box4,Box4,13.26,13.26,47.1,47.1,0,1.432,163.98,0
1458,4,PACKED,1,1,Box4,Box4,13.26,13.26,42.7,42.7,0,1.065,190.0,0
1459,5,PACKED,1,1,Box8,Box8,14.62,14.62,47.3,47.3,0,1.465,222.43,0
1460,7,PACKED,1,1,Box6,Box6,24.75,24.75,43.1,43.1,0,13.131,320.47,0
1461,3,PACKED,1,1,Box9,Box9,42.5,42.5,27.6,27.6,0,1.638,173.71,0
1462,3,PACKED,1,1,Box2,Box2,5.28,5.28,29.6,29.6,0,0.291,195.8,0
1463,4,PACKED,1,1,Box9,Box9,42.5,42.5,53.6,53.6,0,2.598,172.92,0
1464,10,PACKED,1,1,Box5,Box5,20.77,20.77,54.7,54.7,0,10.942,165.55,0
1465,7,PACKED,1,1,Box5,Box8,20.77,14.62,40.6,57.5,0,2.811,186.45,0
1466,10,PACKED,1,1,Box6,Box5,24.75,20.77,49.7,59.5,0,34.189,196.6,0
1467,4,PACKED,1,1,Box4,Box4,13.26,13.26,18.0,18.0,0,0.994,189.75,0
1468,9,PACKED,1,1,Box8,Box8,14.62,14.62,58.8,58.8,0,7.783,163.48,0
1469,7,PACKED,1,1,Box4,Box2,13.26,5.28,18.5,47.1,0,3.247,159.46,0
1470,12,PACKED,1,1,Box5,Box5,20.77,20.77,66.6,66.6,0,7.976,171.96,0
1471,8,PACKED,1,1,Box5,Box5,20.77,20.77,44.5,44.5,0,15.43,180.59,0
1472,10,PACKED,1,1,Box8,Box8,14.62,14.62,56.3,56.3,0,10.229,160.31,0
1473,12,PACKED,1,1,Box9,Box9,42.5,42.5,52.7,52.7,0,21.923,193.33,0
1474,4,PACKED,1,1,Box9,Box9,42.5,42.5,46.7,46.7,0,2.452,177.34,0
1475,5,PACKED,1,1,Box2,Box2,5.28,5.28,24.9,24.9,0,0.565,213.98,0
1476,6,PACKED,1,1,Box8,Box8,14.62,14.62,59.6,59.6,0,1.883,177.7,0
1477,16,PACKED,1,1,Box6,Box6,24.75,24.75,68.4,68.4,0,15.699,173.63,0
1478,4,PACKED,1,1,Box4,Box4,13.26,13.26,34.8,34.8,0,0.816,167.65,0
1479,6,PACKED,1,1,Box9,Box9,42.5,42.5,62.8,62.8,0,5.586,182.33,0
1480,7,PACKED,1,1,Box8,Box8,14.62,14.62,34.2,34.2,0,5.52,189.24,0
1481,8,PACKED,1,1,Box5,Box5,20.77,20.77,63.7,63.7,0,5.313,175.06,0
1482,7,PACKED,1,1,Box8,Box8,14.62,14.62,29.1,29.1,0,4.303,184.79,0
1483,11,PACKED,1,1,Box6,Box6,24.75,24.75,69.8,69.8,0,22.079,181.18,0
1484,10,PACKED,2,2,Box5+Box9,Box4+Box9,63.28,55.76,46.3,46.9,0,29.992,420.34,0
1485,4,PACKED,1,1,Box2,Box2,5.28,5.28,43.8,43.8,0,0.409,263.5,0
1486,1,PACKED,1,1,Box2,Box2,5.28,5.28,7.0,7.0,0,0.094,165.44,0
1487,9,PACKED,1,1,Box4,Box4,13.26,13.26,39.1,39.1,0,3.47,169.92,0
1488,8,PACKED,1,1,Box9,Box9,42.5,42.5,41.7,41.7,0,10.949,373.12,0
1489,8,PACKED,1,1,Box6,Box6,24.75,24.75,40.4,40.4,0,8.194,197.82,0
1490,10,PACKED,1,1,Box9,Box9,42.5,42.5,44.3,44.3,0,22.113,380.89,0
1491,9,PACKED,1,1,Box9,Box9,42.5,42.5,58.8,58.8,0,10.527,191.71,0
1492,11,PACKED,1,1,Box9,Box9,42.5,42.5,60.0,60.0,0,10.942,233.85,0
1493,15,PACKED,1,1,Box9,Box9,42.5,42.5,52.3,52.3,0,35.466,203.12,0
1494,10,PACKED,1,1,Box4,Box4,13.26,13.26,39.3,39.3,0,2.904,253.49,0
1495,4,PACKED,2,1,Box5+Box5,Box9,41.55,42.5,66.4,64.6,0,4.28,212.34,0
1496,5,PACKED,1,1,Box4,Box4,13.26,13.26,42.7,42.7,0,1.18,177.35,0
1497,7,PACKED,1,1,Box6,Box6,24.75,24.75,59.9,59.9,0,9.722,360.77,0
1498,7,PACKED,1,1,Box4,Box4,13.26,13.26,19.5,19.5,0,3.844,164.59,0
1499,7,PACKED,1,1,Box4,Box4,13.26,13.26,55.2,55.2,0,3.118,189.8,0
1500,9,PACKED,1,1,Box6,Box6,24.75,24.75,46.2,46.2,0,12.436,166.06,0
1501,6,PACKED,1,1,Box8,Box8,14.62,14.62,48.4,48.4,0,3.36,181.82,0
1502,15,PACKED,1,1,Box9,Box9,42.5,42.5,43.1,43.1,0,51.891,217.54,0
1503,11,PACKED,1,1,Box9,Box9,42.5,42.5,54.3,54.3,0,13.744,180.0,0
1504,4,PACKED,1,1,Box5,Box5,20.77,20.77,64.5,64.5,0,1.49,168.64,0
1505,1,PACKED,1,1,Box2,Box2,5.28,5.28,10.4,10.4,0,0.094,194.26,0
1506,4,PACKED,1,1,Box4,Box4,13.26,13.26,28.7,28.7,0,0.907,198.14,0
1507,8,PACKED,1,1,Box8,Box8,14.62,14.62,46.3,46.3,0,4.167,217.0,0
1508,7,PACKED,1,1,Box4,Box4,13.26,13.26,40.5,40.5,0,1.967,184.79,0
1509,4,PACKED,1,1,Box4,Box4,13.26,13.26,30.2,30.2,0,0.688,193.3,0
1510,6,PACKED,1,1,Box9,Box9,42.5,42.5,50.0,50.0,0,7.941,202.28,0
1511,6,PACKED,1,1,Box8,Box8,14.62,14.62,35.9,35.9,0,2.107,160.19,0
1512,9,PACKED,1,1,Box9,Box9,42.5,42.5,51.4,51.4,0,12.588,181.53,0
1513,7,PACKED,1,1,Box5,Box5,20.77,20.77,43.4,43.4,0,8.497,202.09,0
1514,5,PACKED,1,1,Box4,Box2,13.26,5.28,36.3,92.3,0,1.392,194.91,0
1515,5,PACKED,1,1,Box8,Box5,14.62,20.77,61.8,43.7,0,1.763,186.9,0
1516,5,PACKED,1,1,Box4,Box4,13.26,13.26,24.6,24.6,0,1.772,200.29,0
1517,4,PACKED,1,1,Box2,Box2,5.28,5.28,26.2,26.2,0,0.413,178.52,0
1518,5,PACKED,1,1,Box5,Box5,20.77,20.77,50.6,50.6,0,3.481,185.79,0
1519,5,PACKED,1,1,Box8,Box8,14.62,14.62,30.1,30.1,0,1.77,169.68,0
1520,6,PACKED,1,1,Box4,Box4,13.26,13.26,40.2,40.2,0,1.581,521.06,0
1521,5,PACKED,1,1,Box4,Box4,13.26,13.26,40.8,40.8,0,1.117,203.21,0
1522,6,PACKED,1,1,Box4,Box4,13.26,13.26,37.7,37.7,0,1.578,173.36,0
1523,6,PACKED,1,1,Box8,Box8,14.62,14.62,16.4,16.4,0,3.565,160.75,0
1524,7,PACKED,1,1,Box8,Box6,14.62,24.75,69.7,41.2,0,6.277,212.84,0
1525,9,PACKED,1,1,Box4,Box4,13.26,13.26,53.3,53.3,0,4.481,169.2,0
1526,4,PACKED,1,1,Box4,Box4,13.26,13.26,54.1,54.1,0,1.019,175.07,0
1527,2,PACKED,1,1,Box4,Box4,13.26,13.26,49.8,49.8,0,0.386,188.03,0
1528,5,PACKED,1,1,Box9,Box9,42.5,42.5,42.5,42.5,0,3.275,182.87,0
1529,4,PACKED,1,1,Box5,Box5,20.77,20.77,49.7,49.7,0,2.071,169.09,0
1530,9,PACKED,1,1,Box6,Box6,24.75,24.75,64.6,64.6,0,20.277,171.07,0
1531,1,PACKED,1,1,Box4,Box4,13.26,13.26,44.6,44.6,0,0.214,175.08,0
1532,8,PACKED,2,2,Box8+Box9,Box8+Box9,57.12,57.12,48.7,48.7,0,18.526,234.5,0
1533,4,PACKED,1,1,Box4,Box4,13.26,13.26,24.3,24.3,0,0.975,159.93,0
1534,6,PACKED,1,1,Box4,Box4,13.26,13.26,37.7,37.7,0,1.718,180.76,0
1535,7,PACKED,1,1,Box6,Box6,24.75,24.75,42.2,42.2,0,10.96,191.12,0
1536,4,PACKED,1,1,Box4,Box4,13.26,13.26,66.4,66.4,0,0.755,174.04,0
1537,4,PACKED,1,1,Box2,Box2,5.28,5.28,26.6,26.6,0,0.401,191.96,0
1538,3,PACKED,1,1,Box2,Box2,5.28,5.28,14.2,14.2,0,0.281,178.41,0
1539,6,PACKED,1,1,Box8,Box5,14.62,20.77,85.1,60.1,0,3.68,344.88,0
1540,6,PACKED,1,1,Box4,Box4,13.26,13.26,64.1,64.1,0,1.737,195.24,0
1541,7,PACKED,1,1,Box5,Box5,20.77,20.77,64.3,64.3,0,3.724,183.73,0
1542,8,PACKED,1,1,Box8,Box8,14.62,14.62,67.0,67.0,0,5.464,180.55,0
1543,5,PACKED,1,1,Box6,Box6,24.75,24.75,49.1,49.1,0,3.389,156.56,0
1544,7,PACKED,1,1,Box5,Box8,20.77,14.62,43.1,61.0,0,9.707,186.59,0
1545,5,PACKED,1,1,Box6,Box8,24.75,14.62,45.2,76.5,0,5.639,214.08,0
1546,8,PACKED,1,1,Box5,Box5,20.77,20.77,62.5,62.5,0,11.952,183.48,0
1547,7,PACKED,1,1,Box4,Box2,13.26,5.28,22.6,57.4,0,3.752,161.31,0
1548,7,PACKED,1,1,Box5,Box5,20.77,20.77,56.5,56.5,0,9.381,169.53,0
1549,11,PACKED,1,1,Box5,Box5,20.77,20.77,52.5,52.5,0,15.829,304.52,0
1550,10,PACKED,1,1,Box2,Box2,5.28,5.28,47.5,47.5,0,1.694,182.87,0
1551,3,PACKED,1,1,Box2,Box2,5.28,5.28,14.2,14.2,0,0.283,158.33,0
1552,4,PACKED,1,1,Box4,Box4,13.26,13.26,53.6,53.6,0,0.733,190.97,0
1553,4,PACKED,1,1,Box6,Box6,24.75,24.75,42.9,42.9,0,2.026,183.63,0
1554,6,PACKED,1,1,Box2,Box2,5.28,5.28,35.5,35.5,0,0.761,187.7,0
1555,7,PACKED,1,1,Box8,Box8,14.62,14.62,35.4,35.4,0,4.558,172.84,0
1556,4,PACKED,1,1,Box4,Box4,13.26,13.26,62.8,62.8,0,0.984,158.54,0
1557,5,PACKED,1,1,Box4,Box4,13.26,13.26,38.2,38.2,0,1.608,168.88,0
1558,5,PACKED,1,1,Box6,Box6,24.75,24.75,69.4,69.4,0,3.052,294.36,0
1559,8,PACKED,1,1,Box4,Box4,13.26,13.26,37.8,37.8,0,1.984,188.84,0
1560,11,PACKED,1,1,Box5,Box5,20.77,20.77,67.7,67.7,0,17.394,166.69,0
1561,5,PACKED,1,1,Box4,Box4,13.26,13.26,21.6,21.6,0,2.12,180.0,0
1562,6,PACKED,1,1,Box8,Box8,14.62,14.62,39.4,39.4,0,1.44,174.58,0
1563,9,PACKED,1,1,Box8,Box8,14.62,14.62,47.9,47.9,0,4.858,191.24,0
1564,8,PACKED,1,1,Box8,Box8,14.62,14.62,64.9,64.9,0,5.671,179.75,0
1565,8,PACKED,1,1,Box6,Box6,24.75,24.75,66.0,66.0,0,15.29,177.09,0
1566,5,PACKED,1,1,Box4,Box4,13.26,13.26,42.4,42.4,0,1.248,193.23,0
1567,4,PACKED,1,1,Box9,Box9,42.5,42.5,18.3,18.3,0,3.492,186.93,0
1568,7,PACKED,1,1,Box9,Box9,42.5,42.5,41.2,41.2,0,9.696,298.01,0
1569,4,PACKED,1,1,Box5,Box5,20.77,20.77,64.5,64.5,0,1.324,199.96,0
1570,5,PACKED,1,1,Box4,Box4,13.26,13.26,48.4,48.4,0,2.226,177.75,0
1571,9,PACKED,1,1,Box8,Box8,14.62,14.62,55.1,55.1,0,6.872,173.38,0
1572,4,PACKED,1,1,Box4,Box4,13.26,13.26,54.3,54.3,0,0.812,180.41,0
1573,7,PACKED,1,1,Box4,Box4,13.26,13.26,58.9,58.9,0,3.622,179.28,0
1574,7,PACKED,1,1,Box5,Box5,20.77,20.77,60.8,60.8,0,6.814,170.81,0
1575,7,PACKED,1,1,Box4,Box4,13.26,13.26,41.3,41.3,0,2.57,165.89,0
1576,13,PACKED,1,1,Box9,Box9,42.5,42.5,47.4,47.4,0,27.608,184.66,0
1577,10,PACKED,1,1,Box6,Box6,24.75,24.75,49.3,49.3,0,14.254,193.19,0
1578,8,PACKED,1,1,Box5,Box5,20.77,20.77,49.0,49.0,0,10.953,189.62,0
1579,8,PACKED,1,1,Box8,Box8,14.62,14.62,63.9,63.9,0,5.896,316.2,0
1580,3,PACKED,1,1,Box2,Box2,5.28,5.28,18.0,18.0,0,0.276,183.67,0
1581,8,PACKED,1,1,Box6,Box6,24.75,24.75,63.4,63.4,0,18.801,182.39,0
1582,10,PACKED,1,1,Box5,Box5,20.77,20.77,48.7,48.7,0,13.412,168.85,0
1583,7,PACKED,1,1,Box9,Box9,42.5,42.5,54.7,54.7,0,4.031,170.75,0
1584,6,PACKED,1,1,Box8,Box8,14.62,14.62,39.6,39.6,0,2.283,177.61,0
1585,16,PACKED,1,1,Box8,Box8,14.62,14.62,68.9,68.9,0,11.853,164.12,0
1586,2,PACKED,1,1,Box4,Box4,13.26,13.26,23.8,23.8,0,0.365,175.63,0
1587,3,PACKED,1,1,Box4,Box4,13.26,13.26,31.8,31.8,0,0.686,192.55,0
1588,5,PACKED,1,1,Box4,Box4,13.26,13.26,25.9,25.9,0,1.201,174.78,0
1589,1,PACKED,1,1,Box2,Box2,5.28,5.28,10.6,10.6,0,0.098,168.14,0
1590,1,PACKED,1,1,Box9,Box9,42.5,42.5,15.9,15.9,0,0.394,177.21,0
1591,5,PACKED,1,1,Box5,Box5,20.77,20.77,56.7,56.7,0,3.14,176.28,0
1592,4,PACKED,1,1,Box8,Box8,14.62,14.62,18.5,18.5,0,1.463,197.03,0
1593,5,PACKED,1,1,Box4,Box4,13.26,13.26,38.8,38.8,0,1.186,177.31,0
1594,8,PACKED,1,1,Box9,Box9,42.5,42.5,52.0,52.0,0,9.889,399.9,0
1595,5,PACKED,1,1,Box2,Box2,5.28,5.28,54.8,54.8,0,0.553,213.28,0
1596,4,PACKED,1,1,Box5,Box5,20.77,20.77,64.5,64.5,0,1.31,180.12,0
1597,2,PACKED,1,1,Box8,Box8,14.62,14.62,39.0,39.0,0,0.588,176.16,0
1598,4,PACKED,1,1,Box4,Box4,13.26,13.26,22.0,22.0,0,0.858,166.68,0
1599,3,PACKED,1,1,Box4,Box4,13.26,13.26,45.9,45.9,0,0.632,173.78,0
1600,6,PACKED,1,1,Box4,Box4,13.26,13.26,25.0,25.0,0,2.41,178.93,0
1601,5,PACKED,1,1,Box8,Box8,14.62,14.62,22.1,22.1,0,2.093,184.6,0
1602,6,PACKED,1,1,Box8,Box8,14.62,14.62,31.0,31.0,0,3.527,171.36,0
1603,7,PACKED,1,1,Box4,Box4,13.26,13.26,39.9,39.9,0,2.882,194.94,0
1604,5,PACKED,1,1,Box8,Box8,14.62,14.62,41.9,41.9,0,0.695,206.07,0
1605,4,PACKED,1,1,Box4,Box4,13.26,13.26,21.1,21.1,0,0.96,200.11,0
1606,6,PACKED,1,1,Box4,Box4,13.26,13.26,47.1,47.1,0,1.445,187.83,0
1607,6,PACKED,1,1,Box4,Box4,13.26,13.26,26.3,26.3,0,1.986,164.4,0
1608,7,PACKED,1,1,Box6,Box6,24.75,24.75,42.5,42.5,0,8.61,305.66,0
1609,9,PACKED,2,2,Box6+Box9,Box9+Box9,67.26,85.01,61.9,50.1,0,16.136,419.74,0
1610,4,PACKED,1,1,Box4,Box4,13.26,13.26,66.4,66.4,0,0.872,207.6,0
1611,3,PACKED,1,1,Box4,Box4,13.26,13.26,26.6,26.6,0,0.662,200.69,0
1612,8,PACKED,1,1,Box8,Box4,14.62,13.26,51.0,57.3,0,4.444,186.24,0
1613,6,PACKED,1,1,Box4,Box4,13.26,13.26,33.5,33.5,0,1.407,183.35,0
1614,5,PACKED,1,1,Box8,Box8,14.62,14.62,63.4,63.4,0,2.553,160.3,0
1615,3,PACKED,1,1,Box4,Box4,13.26,13.26,24.6,24.6,0,0.671,197.56,0
1616,3,PACKED,1,1,Box2,Box2,5.28,5.28,45.8,45.8,0,0.297,165.84,0
1617,4,PACKED,1,1,Box2,Box2,5.28,5.28,46.1,46.1,0,0.446,186.05,0
1618,13,PACKED,1,1,Box9,Box9,42.5,42.5,60.0,60.0,0,16.188,193.07,0
1619,8,PACKED,1,1,Box8,Box8,14.62,14.62,53.1,53.1,0,4.417,167.22,0
1620,12,PACKED,1,1,Box8,Box8,14.62,14.62,45.7,45.7,0,16.799,187.89,0
1621,7,PACKED,1,1,Box8,Box8,14.62,14.62,33.0,33.0,0,5.233,171.26,0
1622,8,PACKED,1,1,Box8,Box8,14.62,14.62,33.5,33.5,0,11.565,170.54,0
1623,12,PACKED,1,1,Box6,Box9,24.75,42.5,67.9,39.5,0,22.938,195.75,0
1624,4,PACKED,1,1,Box4,Box4,13.26,13.26,29.3,29.3,0,0.969,255.05,0
1625,6,PACKED,2,2,Box9+Box9,Box9+Box9,85.01,85.01,47.6,47.6,0,3.421,246.33,0
1626,4,PACKED,1,1,Box6,Box6,24.75,24.75,69.8,69.8,0,2.215,185.13,0
1627,4,PACKED,1,1,Box2,Box2,5.28,5.28,20.3,20.3,0,0.572,176.94,0
1628,5,PACKED,1,1,Box6,Box6,24.75,24.75,62.6,62.6,0,3.627,194.78,0
1629,4,PACKED,1,1,Box9,Box9,42.5,42.5,42.0,42.0,0,1.969,170.42,0
1630,6,PACKED,1,1,Box5,Box5,20.77,20.77,45.7,45.7,0,4.425,401.57,0
1631,8,PACKED,1,1,Box4,Box4,13.26,13.26,45.5,45.5,0,3.963,190.22,0
1632,11,PACKED,1,1,Box5,Box5,20.77,20.77,69.0,69.0,0,13.052,199.78,0
1633,6,PACKED,1,1,Box8,Box6,14.62,24.75,83.0,49.0,0,3.706,334.09,0
1634,2,PACKED,1,1,Box4,Box4,13.26,13.26,33.2,33.2,0,0.384,181.68,0
1635,5,PACKED,1,1,Box9,Box9,42.5,42.5,58.5,58.5,0,3.336,164.81,0
1636,4,PACKED,1,1,Box9,Box9,42.5,42.5,48.1,48.1,0,2.648,191.99,0
1637,4,PACKED,1,1,Box4,Box4,13.26,13.26,49.6,49.6,0,0.774,177.3,0
1638,5,PACKED,1,1,Box8,Box8,14.62,14.62,29.0,29.0,0,2.312,172.55,0
1639,5,PACKED,1,1,Box2,Box2,5.28,5.28,29.9,29.9,0,0.619,189.66,0
1640,5,PACKED,1,1,Box2,Box2,5.28,5.28,39.9,39.9,0,0.562,201.01,0
1641,6,PACKED,1,1,Box6,Box9,24.75,42.5,73.6,42.9,0,2.708,397.08,0
1642,9,PACKED,1,1,Box5,Box5,20.77,20.77,50.2,50.2,0,18.934,175.26,0
1643,11,PACKED,1,1,Box9,Box9,42.5,42.5,67.0,67.0,0,6.919,182.77,0
1644,8,PACKED,1,1,Box8,Box8,14.62,14.62,58.9,58.9,0,5.578,200.04,0
1645,10,PACKED,1,1,Box4,Box4,13.26,13.26,57.4,57.4,0,3.627,171.6,0
1646,4,PACKED,1,1,Box4,Box4,13.26,13.26,66.4,66.4,0,0.74,255.14,0
1647,4,PACKED,1,1,Box4,Box4,13.26,13.26,66.4,66.4,0,0.72,196.71,0
1648,2,PACKED,1,1,Box2,Box2,5.28,5.28,36.9,36.9,0,0.186,162.51,0
1649,2,PACKED,1,1,Box4,Box4,13.26,13.26,30.8,30.8,0,0.284,172.22,0
1650,2,PACKED,1,1,Box2,Box2,5.28,5.28,38.2,38.2,0,0.182,176.44,0
1651,6,PACKED,1,1,Box8,Box5,14.62,20.77,70.2,49.6,0,2.484,314.01,0
1652,8,PACKED,1,1,Box5,Box5,20.77,20.77,48.9,48.9,0,5.54,177.35,0
1653,4,PACKED,1,1,Box4,Box4,13.26,13.26,40.7,40.7,0,1.017,177.86,0
1654,5,PACKED,1,1,Box9,Box9,42.5,42.5,46.8,46.8,0,2.615,172.06,0
1655,7,PACKED,1,1,Box6,Box6,24.75,24.75,67.4,67.4,0,5.844,178.17,0
1656,4,PACKED,1,1,Box4,Box4,13.26,13.26,27.2,27.2,0,1.058,183.02,0
1657,7,PACKED,1,1,Box6,Box6,24.75,24.75,55.6,55.6,0,10.518,176.64,0
1658,6,PACKED,1,1,Box5,Box6,20.77,24.75,70.8,59.1,0,3.231,320.66,0
1659,17,PACKED,2,2,Box5+Box9,Box4+Box9,63.28,55.76,66.0,64.2,0,61.545,432.05,0
1660,4,PACKED,1,1,Box4,Box4,13.26,13.26,47.0,47.0,0,0.892,270.1,0
1661,3,PACKED,1,1,Box5,Box5,20.77,20.77,49.6,49.6,0,1.317,189.62,0
1662,8,PACKED,1,1,Box6,Box6,24.75,24.75,58.7,58.7,0,11.499,700.24,0
1663,5,PACKED,1,1,Box6,Box6,24.75,24.75,64.9,64.9,0,3.856,185.01,0
1664,7,PACKED,1,1,Box9,Box9,42.5,42.5,45.3,45.3,0,10.131,298.5,0
1665,4,PACKED,1,1,Box2,Box2,5.28,5.28,29.4,29.4,0,0.484,191.2,0
1666,7,PACKED,1,1,Box5,Box5,20.77,20.77,52.1,52.1,0,8.168,185.46,0
1667,6,PACKED,1,1,Box8,Box8,14.62,14.62,53.5,53.5,0,1.613,277.77,0
1668,11,PACKED,1,1,Box8,Box8,14.62,14.62,41.5,41.5,0,13.965,171.26,0
1669,8,PACKED,1,1,Box5,Box5,20.77,20.77,50.7,50.7,0,6.925,174.82,0
1670,1,PACKED,1,1,Box2,Box2,5.28,5.28,9.1,9.1,0,0.1,153.76,0
1671,12,PACKED,1,1,Box8,Box8,14.62,14.62,52.4,52.4,0,9.626,185.33,0
1672,6,PACKED,1,1,Box8,Box8,14.62,14.62,66.7,66.7,0,2.245,171.92,0
1673,7,PACKED,1,1,Box4,Box4,13.26,13.26,49.2,49.2,0,3.864,161.52,0
1674,5,PACKED,1,1,Box4,Box4,13.26,13.26,40.1,40.1,0,1.044,182.41,0
1675,6,PACKED,1,1,Box4,Box4,13.26,13.26,27.5,27.5,0,2.172,166.96,0
1676,8,PACKED,1,1,Box8,Box8,14.62,14.62,48.7,48.7,0,3.188,193.51,0
1677,7,PACKED,1,1,Box9,Box9,42.5,42.5,41.1,41.1,0,7.701,315.38,0
1678,7,PACKED,2,2,Box5+Box9,Box5+Box9,63.28,63.28,39.2,39.2,0,10.555,270.42,0
1679,10,PACKED,1,1,Box9,Box9,42.5,42.5,50.2,50.2,0,17.423,182.29,0
1680,9,PACKED,1,1,Box9,Box9,42.5,42.5,59.1,59.1,0,9.0,194.33,0
1681,10,PACKED,1,1,Box4,Box4,13.26,13.26,43.8,43.8,0,5.356,176.73,0
1682,4,PACKED,1,1,Box4,Box4,13.26,13.26,66.4,66.4,0,0.748,153.64,0
1683,2,PACKED,1,1,Box8,Box8,14.62,14.62,18.8,18.8,0,0.258,170.47,0
1684,10,PACKED,1,1,Box9,Box9,42.5,42.5,50.8,50.8,0,7.583,165.37,0
1685,5,PACKED,2,2,Box9+Box9,Box9+Box9,85.01,85.01,37.0,37.0,0,10.513,271.53,0
1686,2,PACKED,1,1,Box5,Box5,20.77,20.77,39.7,39.7,0,0.833,189.02,0
1687,6,PACKED,1,1,Box8,Box8,14.62,14.62,33.9,33.9,0,1.437,189.89,0
1688,7,PACKED,1,1,Box4,Box4,13.26,13.26,26.1,26.1,0,2.981,190.51,0
1689,10,PACKED,1,1,Box9,Box9,42.5,42.5,41.8,41.8,0,9.847,301.35,0
1690,10,PACKED,1,1,Box8,Box8,14.62,14.62,57.8,57.8,0,10.561,167.88,0
1691,10,PACKED,1,1,Box8,Box8,14.62,14.62,54.8,54.8,0,8.43,179.05,0
1692,10,PACKED,1,1,Box6,Box6,24.75,24.75,60.4,60.4,0,15.52,210.11,0
1693,10,PACKED,1,1,Box9,Box9,42.5,42.5,49.8,49.8,0,11.545,201.99,0
1694,5,PACKED,1,1,Box4,Box4,13.26,13.26,43.0,43.0,0,1.056,189.84,0
1695,2,PACKED,1,1,Box2,Box2,5.28,5.28,24.4,24.4,0,0.185,232.73,0
1696,5,PACKED,1,1,Box8,Box8,14.62,14.62,71.3,71.3,0,3.82,501.94,0
1697,6,PACKED,1,1,Box6,Box9,24.75,42.5,76.9,44.8,0,4.556,191.81,0
1698,8,PACKED,1,1,Box5,Box5,20.77,20.77,65.8,65.8,0,8.307,244.75,0
1699,5,PACKED,1,1,Box8,Box8,14.62,14.62,49.7,49.7,0,3.889,184.27,0
1700,13,PACKED,1,1,Box9,Box9,42.5,42.5,57.3,57.3,0,24.335,263.21,0
1701,10,PACKED,1,1,Box8,Box8,14.62,14.62,59.0,59.0,0,16.673,312.48,0
1702,6,PACKED,1,1,Box9,Box6,42.5,24.75,34.2,58.7,0,8.543,330.8,0
1703,4,PACKED,1,1,Box4,Box4,13.26,13.26,66.4,66.4,0,0.74,212.94,0
1704,3,PACKED,1,1,Box2,Box2,5.28,5.28,18.7,18.7,0,0.274,201.3,0
1705,5,PACKED,1,1,Box4,Box4,13.26,13.26,58.3,58.3,0,1.583,176.66,0
1706,5,PACKED,1,1,Box6,Box6,24.75,24.75,46.6,46.6,0,4.766,182.92,0
1707,6,PACKED,1,1,Box4,Box4,13.26,13.26,58.4,58.4,0,3.356,188.07,0
1708,9,PACKED,1,1,Box5,Box5,20.77,20.77,62.3,62.3,0,5.095,164.47,0
1709,3,PACKED,1,1,Box4,Box4,13.26,13.26,31.8,31.8,0,0.649,190.59,0
1710,5,PACKED,1,1,Box2,Box2,5.28,5.28,34.6,34.6,0,0.604,199.7,0
1711,6,PACKED,1,1,Box4,Box4,13.26,13.26,56.5,56.5,0,2.922,191.56,0
1712,9,PACKED,1,1,Box5,Box5,20.77,20.77,61.3,61.3,0,8.169,168.37,0
1713,6,PACKED,1,1,Box4,Box4,13.26,13.26,23.2,23.2,0,1.581,195.57,0
1714,5,PACKED,1,1,Box5,Box5,20.77,20.77,31.4,31.4,0,3.259,224.06,0
1715,8,PACKED,1,1,Box9,Box9,42.5,42.5,40.9,40.9,0,14.826,316.93,0
1716,13,PACKED,1,1,Box5,Box5,20.77,20.77,58.3,58.3,0,27.086,173.99,0
1717,4,PACKED,1,1,Box4,Box4,13.26,13.26,66.4,66.4,0,0.751,188.15,0
1718,4,PACKED,1,1,Box4,Box4,13.26,13.26,66.4,66.4,0,0.747,175.24,0
1719,4,PACKED,1,1,Box4,Box4,13.26,13.26,66.4,66.4,0,0.739,170.02,0
1720,1,PACKED,1,1,Box2,Box2,5.28,5.28,6.4,6.4,0,0.091,168.58,0
1721,6,PACKED,1,1,Box6,Box9,24.75,42.5,94.0,54.7,0,2.955,296.09,0
1722,4,PACKED,1,1,Box4,Box4,13.26,13.26,24.8,24.8,0,1.003,197.39,0
1723,6,PACKED,1,1,Box4,Box4,13.26,13.26,29.1,29.1,0,2.738,330.54,0
1724,6,PACKED,1,1,Box9,Box9,42.5,42.5,48.0,48.0,0,5.532,173.7,0
1725,6,PACKED,1,1,Box6,Box6,24.75,24.75,57.5,57.5,0,4.78,178.1,0
1726,5,PACKED,1,1,Box2,Box2,5.28,5.28,53.2,53.2,0,0.583,203.06,0
1727,4,PACKED,1,1,Box4,Box4,13.26,13.26,33.2,33.2,0,1.004,192.49,0
1728,10,PACKED,1,1,Box9,Box9,42.5,42.5,65.7,65.7,0,13.433,167.91,0
1729,5,PACKED,1,1,Box4,Box2,13.26,5.28,16.0,40.8,0,1.566,207.81,0
1730,6,PACKED,1,1,Box4,Box4,13.26,13.26,60.3,60.3,0,2.613,326.75,0
1731,6,PACKED,1,1,Box8,Box8,14.62,14.62,30.5,30.5,0,2.926,201.91,0
1732,10,PACKED,1,1,Box8,Box8,14.62,14.62,63.9,63.9,0,5.508,208.91,0
1733,6,PACKED,1,1,Box2,Box2,5.28,5.28,42.1,42.1,0,0.83,163.63,0
1734,3,PACKED,1,1,Box8,Box4,14.62,13.26,49.7,55.8,0,1.017,184.31,0
1735,6,PACKED,1,1,Box9,Box6,42.5,24.75,39.1,67.2,0,6.382,168.98,0
1736,9,PACKED,1,1,Box5,Box5,20.77,20.77,55.7,55.7,0,9.226,183.4,0
1737,3,PACKED,1,1,Box4,Box4,13.26,13.26,26.9,26.9,0,0.629,182.36,0
1738,4,PACKED,1,1,Box4,Box4,13.26,13.26,36.3,36.3,0,1.068,186.97,0
1739,8,PACKED,2,2,Box9+Box9,Box9+Box9,85.01,85.01,48.0,48.0,0,18.623,215.19,0
1740,6,PACKED,1,1,Box4,Box4,13.26,13.26,36.7,36.7,0,2.474,186.1,0
1741,5,PACKED,1,1,Box8,Box8,14.62,14.62,83.9,83.9,0,2.279,208.84,0
1742,4,PACKED,1,1,Box4,Box4,13.26,13.26,66.4,66.4,0,0.745,191.69,0
1743,4,PACKED,2,2,Box5+Box9,Box5+Box9,63.28,63.28,44.5,44.5,0,4.47,254.31,0
1744,3,PACKED,1,1,Box4,Box2,13.26,5.28,19.2,48.8,0,0.667,187.93,0
1745,10,PACKED,1,1,Box2,Box2,5.28,5.28,30.2,30.2,0,1.775,179.13,0
1746,4,PACKED,1,1,Box4,Box4,13.26,13.26,28.7,28.7,0,0.888,201.68,0
1747,2,PACKED,1,1,Box4,Box4,13.26,13.26,22.8,22.8,0,0.359,190.52,0
1748,3,PACKED,1,1,Box2,Box2,5.28,5.28,44.1,44.1,0,0.287,189.32,0
1749,6,PACKED,2,2,Box5+Box9,Box8+Box9,63.28,57.12,49.6,51.9,0,8.771,250.41,0
1750,9,PACKED,1,1,Box4,Box4,13.26,13.26,49.4,49.4,0,3.91,168.54,0
1751,5,PACKED,1,1,Box4,Box4,13.26,13.26,45.2,45.2,0,1.521,186.4,0
1752,7,PACKED,1,1,Box8,Box8,14.62,14.62,64.2,64.2,0,7.131,186.52,0
1753,7,PACKED,1,1,Box4,Box4,13.26,13.26,30.9,30.9,0,2.061,170.08,0
1754,8,PACKED,1,1,Box6,Box6,24.75,24.75,42.7,42.7,0,12.129,325.5,0
1755,9,PACKED,1,1,Box8,Box8,14.62,14.62,41.0,41.0,0,10.063,171.82,0
1756,9,PACKED,1,1,Box9,Box9,42.5,42.5,49.0,49.0,0,12.11,204.76,0
1757,7,PACKED,1,1,Box8,Box8,14.62,14.62,46.2,46.2,0,3.177,174.25,0
1758,6,PACKED,1,1,Box5,Box5,20.77,20.77,60.8,60.8,0,4.307,178.72,0
1759,7,PACKED,1,1,Box9,Box9,42.5,42.5,44.8,44.8,0,7.395,304.41,0
1760,7,PACKED,1,1,Box4,Box4,13.26,13.26,32.9,32.9,0,2.367,187.57,0
1761,2,PACKED,1,1,Box2,Box2,5.28,5.28,10.9,10.9,0,0.178,186.22,0
1762,6,PACKED,1,1,Box8,Box8,14.62,14.62,56.0,56.0,0,5.423,177.55,0
1763,10,PACKED,1,1,Box8,Box8,14.62,14.62,66.8,66.8,0,5.705,179.61,0
1764,13,PACKED,1,1,Box9,Box9,42.5,42.5,61.1,61.1,0,19.258,471.13,0
1765,11,PACKED,1,1,Box4,Box4,13.26,13.26,60.8,60.8,0,10.139,173.38,0
1766,5,PACKED,1,1,Box4,Box4,13.26,13.26,29.2,29.2,0,1.832,187.52,0
1767,6,PACKED,1,1,Box8,Box8,14.62,14.62,53.7,53.7,0,1.443,193.15,0
1768,2,PACKED,1,1,Box5,Box5,20.77,20.77,45.9,45.9,0,0.628,165.44,0
1769,4,PACKED,1,1,Box2,Box2,5.28,5.28,32.6,32.6,0,0.405,201.26,0
1770,6,PACKED,1,1,Box8,Box8,14.62,14.62,38.2,38.2,0,2.299,178.42,0
1771,7,PACKED,1,1,Box5,Box5,20.77,20.77,47.0,47.0,0,5.856,168.54,0
1772,5,PACKED,1,1,Box8,Box8,14.62,14.62,23.4,23.4,0,2.393,185.93,0
1773,11,PACKED,1,1,Box9,Box9,42.5,42.5,46.0,46.0,0,17.35,323.98,0
1774,8,PACKED,1,1,Box8,Box8,14.62,14.62,61.0,61.0,0,4.868,161.43,0
1775,6,PACKED,1,1,Box2,Box4,5.28,13.26,67.9,26.7,0,0.803,170.15,0
1776,6,PACKED,1,1,Box5,Box5,20.77,20.77,67.6,67.6,0,2.622,162.56,0
1777,9,PACKED,1,1,Box9,Box9,42.5,42.5,58.6,58.6,0,7.628,193.08,0
1778,6,PACKED,3,3,Box9+Box9+Box9,Box9+Box9+Box9,127.51,127.51,35.1,35.1,0,58.43,298.67,0
1779,5,PACKED,2,2,Box5+Box9,Box5+Box9,63.28,63.28,45.4,45.4,0,5.824,253.7,0
1780,5,PACKED,1,1,Box2,Box2,5.28,5.28,41.8,41.8,0,0.771,210.07,0
1781,12,PACKED,1,1,Box4,Box4,13.26,13.26,45.4,45.4,0,4.931,191.12,0
1782,2,PACKED,1,1,Box2,Box2,5.28,5.28,16.1,16.1,0,0.184,200.35,0
1783,6,PACKED,1,1,Box4,Box4,13.26,13.26,36.8,36.8,0,1.392,195.09,0
1784,5,PACKED,1,1,Box8,Box8,14.62,14.62,16.5,16.5,0,2.474,169.53,0
1785,12,PACKED,1,1,Box5,Box5,20.77,20.77,49.8,49.8,0,22.12,340.78,0
1786,7,PACKED,1,1,Box8,Box8,14.62,14.62,33.8,33.8,0,4.115,178.03,0
1787,9,PACKED,1,1,Box8,Box8,14.62,14.62,50.1,50.1,0,12.562,186.05,0
1788,2,PACKED,1,1,Box2,Box2,5.28,5.28,51.9,51.9,0,0.186,206.65,0
1789,4,PACKED,1,1,Box2,Box2,5.28,5.28,46.8,46.8,0,0.688,176.6,0
1790,5,PACKED,1,1,Box4,Box2,13.26,5.28,21.8,55.4,0,1.55,190.62,0
1791,5,PACKED,1,1,Box2,Box2,5.28,5.28,40.7,40.7,0,0.539,174.22,0
1792,7,PACKED,1,1,Box5,Box5,20.77,20.77,52.5,52.5,0,4.816,305.15,0
1793,6,PACKED,1,1,Box6,Box6,24.75,24.75,50.7,50.7,0,7.21,201.85,0
1794,4,PACKED,1,1,Box8,Box8,14.62,14.62,36.8,36.8,0,1.539,209.88,0
1795,13,PACKED,1,1,Box5,Box5,20.77,20.77,52.2,52.2,0,20.91,348.87,0
1796,2,PACKED,1,1,Box2,Box2,5.28,5.28,12.0,12.0,0,0.192,197.43,0
1797,3,PACKED,1,1,Box2,Box2,5.28,5.28,31.3,31.3,0,0.292,482.5,0
1798,4,PACKED,1,1,Box4,Box4,13.26,13.26,64.3,64.3,0,1.544,199.83,0
1799,6,PACKED,1,1,Box8,Box6,14.62,24.75,79.0,46.7,0,3.598,321.68,0
1800,1,PACKED,1,1,Box4,Box4,13.26,13.26,44.6,44.6,0,0.214,165.02,0
1801,4,PACKED,1,1,Box2,Box2,5.28,5.28,42.0,42.0,0,0.402,173.36,0
1802,5,PACKED,1,1,Box4,Box4,13.26,13.26,26.2,26.2,0,1.196,192.36,0
1803,6,PACKED,1,1,Box8,Box8,14.62,14.62,57.2,57.2,0,3.422,174.04,0
1804,5,PACKED,1,1,Box8,Box8,14.62,14.62,27.7,27.7,0,2.267,186.0,0
1805,6,PACKED,1,1,Box8,Box8,14.62,14.62,25.3,25.3,0,4.611,176.11,0
1806,7,PACKED,1,1,Box9,Box9,42.5,42.5,40.5,40.5,0,8.604,183.39,0
1807,10,PACKED,1,1,Box9,Box9,42.5,42.5,49.5,49.5,0,16.39,184.64,0
1808,10,PACKED,1,1,Box9,Box9,42.5,42.5,55.5,55.5,0,9.544,190.63,0
1809,8,PACKED,1,1,Box5,Box5,20.77,20.77,45.4,45.4,0,9.682,202.97,0
1810,4,PACKED,1,1,Box6,Box6,24.75,24.75,69.8,69.8,0,2.216,158.98,0
1811,3,PACKED,1,1,Box2,Box2,5.28,5.28,35.9,35.9,0,0.286,211.32,0
1812,4,PACKED,1,1,Box2,Box2,5.28,5.28,33.0,33.0,0,0.463,196.34,0
1813,5,PACKED,1,1,Box8,Box8,14.62,14.62,51.0,51.0,0,2.408,211.24,0
1814,4,PACKED,1,1,Box6,Box6,24.75,24.75,45.6,45.6,0,2.44,190.55,0
1815,6,PACKED,1,1,Box5,Box5,20.77,20.77,39.5,39.5,0,3.568,185.8,0
1816,12,PACKED,1,1,Box9,Box9,42.5,42.5,54.8,54.8,0,21.037,203.97,0
1817,7,PACKED,1,1,Box5,Box5,20.77,20.77,47.3,47.3,0,6.905,181.14,0
1818,10,PACKED,1,1,Box9,Box9,42.5,42.5,56.9,56.9,0,10.561,179.65,0
1819,2,PACKED,1,1,Box9,Box9,42.5,42.5,17.1,17.1,0,1.023,162.23,0
1820,6,PACKED,1,1,Box4,Box4,13.26,13.26,53.2,53.2,0,1.387,173.08,0
1821,5,PACKED,1,1,Box6,Box6,24.75,24.75,71.3,71.3,0,3.348,209.5,0
1822,4,PACKED,1,1,Box4,Box4,13.26,13.26,38.9,38.9,0,1.924,166.78,0
1823,3,PACKED,1,1,Box4,Box4,13.26,13.26,34.5,34.5,0,0.779,171.36,0
1824,8,PACKED,1,1,Box9,Box9,42.5,42.5,63.4,63.4,0,10.657,185.69,0
1825,6,PACKED,1,1,Box4,Box4,13.26,13.26,46.3,46.3,0,1.511,195.93,0
1826,6,PACKED,1,1,Box4,Box4,13.26,13.26,28.2,28.2,0,2.532,165.88,0
1827,5,PACKED,1,1,Box4,Box4,13.26,13.26,39.1,39.1,0,1.302,208.53,0
1828,10,PACKED,1,1,Box9,Box9,42.5,42.5,50.0,50.0,0,14.247,196.32,0
1829,5,PACKED,1,1,Box4,Box4,13.26,13.26,43.4,43.4,0,1.195,195.22,0
1830,3,PACKED,1,1,Box8,Box8,14.62,14.62,44.2,44.2,0,0.991,205.21,0
1831,8,PACKED,1,1,Box4,Box4,13.26,13.26,38.0,38.0,0,1.775,159.92,0
1832,5,PACKED,1,1,Box8,Box5,14.62,20.77,66.9,47.3,0,1.873,171.02,0
1833,4,PACKED,1,1,Box2,Box2,5.28,5.28,33.4,33.4,0,0.415,373.42,0
1834,6,PACKED,1,1,Box8,Box8,14.62,14.62,32.4,32.4,0,2.633,199.2,0
1835,7,PACKED,1,1,Box6,Box6,24.75,24.75,53.2,53.2,0,9.012,165.76,0
1836,4,PACKED,1,1,Box2,Box2,5.28,5.28,26.6,26.6,0,0.404,164.79,0
1837,4,PACKED,1,1,Box8,Box8,14.62,14.62,37.6,37.6,0,0.498,174.29,0
1838,5,PACKED,1,1,Box2,Box2,5.28,5.28,41.1,41.1,0,0.577,195.33,0
1839,2,PACKED,1,1,Box2,Box2,5.28,5.28,36.0,36.0,0,0.184,203.56,0
1840,2,PACKED,1,1,Box2,Box2,5.28,5.28,9.0,9.0,0,0.18,164.96,0
1841,7,PACKED,1,1,Box4,Box4,13.26,13.26,61.6,61.6,0,1.92,166.54,0
1842,8,PACKED,1,1,Box9,Box9,42.5,42.5,49.3,49.3,0,7.286,299.62,0
1843,8,PACKED,1,1,Box8,Box8,14.62,14.62,58.9,58.9,0,5.48,203.96,0
1844,5,PACKED,1,1,Box4,Box4,13.26,13.26,41.2,41.2,0,1.695,175.87,0
1845,6,PACKED,1,1,Box4,Box2,13.26,5.28,23.7,60.2,0,2.949,197.03,0
1846,7,PACKED,1,1,Box8,Box8,14.62,14.62,34.5,34.5,0,3.529,174.25,0
1847,7,PACKED,2,2,Box4+Box9,Box4+Box9,55.76,55.76,49.6,49.6,0,13.13,218.42,0
1848,10,PACKED,1,1,Box9,Box9,42.5,42.5,45.9,45.9,0,10.754,335.31,0
1849,9,PACKED,1,1,Box9,Box9,42.5,42.5,65.7,65.7,0,10.953,212.07,0
1850,12,PACKED,1,1,Box5,Box5,20.77,20.77,58.5,58.5,0,12.412,199.69,0
1851,7,PACKED,1,1,Box8,Box8,14.62,14.62,34.3,34.3,0,4.19,171.26,0
1852,5,PACKED,1,1,Box4,Box4,13.26,13.26,28.7,28.7,0,1.862,200.37,0
1853,5,PACKED,1,1,Box4,Box4,13.26,13.26,52.7,52.7,0,1.43,181.02,0
1854,6,PACKED,1,1,Box4,Box4,13.26,13.26,37.1,37.1,0,1.518,201.55,0
1855,4,PACKED,1,1,Box2,Box2,5.28,5.28,20.0,20.0,0,0.425,205.93,0
1856,2,PACKED,1,1,Box2,Box2,5.28,5.28,36.9,36.9,0,0.183,165.88,0
1857,6,PACKED,1,1,Box4,Box4,13.26,13.26,29.4,29.4,0,1.379,178.26,0
1858,2,PACKED,1,1,Box9,Box9,42.5,42.5,31.8,31.8,0,0.653,181.33,0
1859,3,PACKED,1,1,Box4,Box4,13.26,13.26,38.0,38.0,0,0.969,247.47,0
1860,4,PACKED,1,1,Box4,Box4,13.26,13.26,43.5,43.5,0,1.058,180.74,0
1861,2,PACKED,1,1,Box8,Box8,14.62,14.62,41.1,41.1,0,0.647,206.61,0
1862,4,PACKED,1,1,Box4,Box4,13.26,13.26,19.8,19.8,0,0.958,196.3,0
1863,7,PACKED,1,1,Box9,Box9,42.5,42.5,44.1,44.1,0,7.848,312.34,0
1864,5,PACKED,1,1,Box4,Box4,13.26,13.26,56.3,56.3,0,2.509,180.39,0
1865,8,PACKED,1,1,Box6,Box6,24.75,24.75,49.7,49.7,0,11.821,295.41,0
1866,4,PACKED,1,1,Box5,Box5,20.77,20.77,64.5,64.5,0,1.337,368.04,0
1867,4,PACKED,1,1,Box6,Box6,24.75,24.75,84.5,84.5,0,2.217,240.25,0
1868,6,PACKED,1,1,Box4,Box4,13.26,13.26,32.6,32.6,0,1.665,201.93,0
1869,5,PACKED,1,1,Box4,Box4,13.26,13.26,74.7,74.7,0,1.456,189.13,0
1870,4,PACKED,1,1,Box4,Box4,13.26,13.26,28.7,28.7,0,0.875,213.16,0
1871,2,PACKED,1,1,Box2,Box2,5.28,5.28,46.4,46.4,0,0.176,186.7,0
1872,4,PACKED,1,1,Box2,Box2,5.28,5.28,38.5,38.5,0,0.43,164.65,0
1873,5,PACKED,1,1,Box8,Box8,14.62,14.62,29.2,29.2,0,1.754,180.4,0
1874,4,PACKED,1,1,Box4,Box4,13.26,13.26,33.8,33.8,0,0.818,193.85,0
1875,11,PACKED,1,1,Box8,Box8,14.62,14.62,53.3,53.3,0,9.105,197.4,0
1876,4,PACKED,1,1,Box2,Box2,5.28,5.28,42.6,42.6,0,0.41,182.17,0
1877,5,PACKED,1,1,Box8,Box8,14.62,14.62,30.4,30.4,0,1.945,197.09,0
1878,4,PACKED,1,1,Box2,Box2,5.28,5.28,32.9,32.9,0,0.399,188.68,0
1879,5,PACKED,1,1,Box4,Box4,13.26,13.26,35.2,35.2,0,1.13,170.65,0
1880,10,PACKED,1,1,Box8,Box8,14.62,14.62,52.5,52.5,0,9.799,170.1,0
1881,8,PACKED,1,1,Box8,Box8,14.62,14.62,32.7,32.7,0,7.03,182.74,0
1882,21,PACKED,2,2,Box8+Box9,Box2+Box9,57.12,47.78,61.5,61.7,0,80.932,441.99,0
1883,21,PACKED,2,2,Box8+Box9,Box2+Box9,57.12,47.78,61.5,61.7,0,80.681,433.85,0
1884,21,PACKED,2,2,Box8+Box9,Box2+Box9,57.12,47.78,61.5,61.7,0,80.298,472.76,0
1885,21,PACKED,2,2,Box8+Box9,Box2+Box9,57.12,47.78,61.5,61.7,0,81.102,456.99,0
1886,21,PACKED,2,2,Box8+Box9,Box2+Box9,57.12,47.78,61.5,61.7,0,80.921,420.34,0
1887,21,PACKED,2,2,Box8+Box9,Box2+Box9,57.12,47.78,61.5,61.7,0,80.341,421.5,0
1888,21,PACKED,2,2,Box8+Box9,Box2+Box9,57.12,47.78,61.5,61.7,0,80.567,506.14,0
1889,21,PACKED,2,2,Box8+Box9,Box2+Box9,57.12,47.78,61.5,61.7,0,80.536,457.87,0
1890,21,PACKED,2,2,Box8+Box9,Box2+Box9,57.12,47.78,61.5,61.7,0,81.281,438.07,0
1891,21,PACKED,2,2,Box8+Box9,Box2+Box9,57.12,47.78,61.5,61.7,0,80.958,875.37,0
1892,21,PACKED,2,2,Box8+Box9,Box2+Box9,57.12,47.78,61.5,61.7,0,81.185,450.43,0
1893,21,PACKED,2,2,Box8+Box9,Box2+Box9,57.12,47.78,61.5,61.7,0,81.141,425.32,0
1894,21,PACKED,2,2,Box8+Box9,Box2+Box9,57.12,47.78,61.5,61.7,0,79.985,437.34,0
1895,21,PACKED,2,2,Box8+Box9,Box2+Box9,57.12,47.78,61.5,61.7,0,80.33,457.42,0
1896,21,PACKED,2,2,Box8+Box9,Box2+Box9,57.12,47.78,61.5,61.7,0,80.755,431.81,0
1897,21,PACKED,2,2,Box8+Box9,Box2+Box9,57.12,47.78,61.5,61.7,0,80.68,424.62,0
1898,21,PACKED,2,2,Box8+Box9,Box2+Box9,57.12,47.78,61.5,61.7,0,80.968,434.43,0
1899,21,PACKED,2,2,Box8+Box9,Box2+Box9,57.12,47.78,61.5,61.7,0,80.958,441.43,0
1900,21,PACKED,2,2,Box8+Box9,Box2+Box9,57.12,47.78,61.5,61.7,0,80.711,445.65,0
1901,21,PACKED,2,2,Box8+Box9,Box2+Box9,57.12,47.78,61.5,61.7,0,80.466,447.68,0
1902,8,PACKED,1,1,Box5,Box5,20.77,20.77,59.7,59.7,0,6.895,186.09,0
1903,21,PACKED,2,2,Box8+Box9,Box2+Box9,57.12,47.78,61.5,61.7,0,82.282,439.23,0
1904,21,PACKED,2,2,Box8+Box9,Box2+Box9,57.12,47.78,61.5,61.7,0,80.25,478.56,0
1905,21,PACKED,2,2,Box8+Box9,Box2+Box9,57.12,47.78,61.5,61.7,0,80.573,447.03,0
1906,21,PACKED,2,2,Box8+Box9,Box2+Box9,57.12,47.78,61.5,61.7,0,82.547,432.89,0
1907,21,PACKED,2,2,Box8+Box9,Box2+Box9,57.12,47.78,61.5,61.7,0,82.086,408.01,0
1908,21,PACKED,2,2,Box8+Box9,Box2+Box9,57.12,47.78,61.5,61.7,0,81.386,423.65,0
1909,21,PACKED,2,2,Box8+Box9,Box2+Box9,57.12,47.78,61.5,61.7,0,80.71,456.58,0
1910,21,PACKED,2,2,Box8+Box9,Box2+Box9,57.12,47.78,61.5,61.7,0,81.812,701.42,0
1911,21,PACKED,2,2,Box8+Box9,Box2+Box9,57.12,47.78,61.5,61.7,0,80.792,419.81,0
1912,21,PACKED,2,2,Box8+Box9,Box2+Box9,57.12,47.78,61.5,61.7,0,80.86,435.22,0
1913,21,PACKED,2,2,Box8+Box9,Box2+Box9,57.12,47.78,61.5,61.7,0,81.399,449.17,0
1914,21,PACKED,2,2,Box8+Box9,Box2+Box9,57.12,47.78,61.5,61.7,0,82.47,418.67,0
1915,21,PACKED,2,2,Box8+Box9,Box2+Box9,57.12,47.78,61.5,61.7,0,80.845,438.18,0
1916,21,PACKED,2,2,Box8+Box9,Box2+Box9,57.12,47.78,61.5,61.7,0,80.704,466.95,0
1917,21,PACKED,2,2,Box8+Box9,Box2+Box9,57.12,47.78,61.5,61.7,0,82.577,449.79,0
1918,21,PACKED,2,2,Box8+Box9,Box2+Box9,57.12,47.78,61.5,61.7,0,80.636,419.92,0
1919,21,PACKED,2,2,Box8+Box9,Box2+Box9,57.12,47.78,61.5,61.7,0,82.26,449.89,0
1920,21,PACKED,2,2,Box8+Box9,Box2+Box9,57.12,47.78,61.5,61.7,0,83.909,443.85,0
1921,21,PACKED,2,2,Box8+Box9,Box2+Box9,57.12,47.78,61.5,61.7,0,80.798,432.65,0
1922,21,PACKED,2,2,Box8+Box9,Box2+Box9,57.12,47.78,61.5,61.7,0,81.652,425.63,0
1923,21,PACKED,2,2,Box8+Box9,Box2+Box9,57.12,47.78,61.5,61.7,0,81.008,431.74,0
1924,21,PACKED,2,2,Box8+Box9,Box2+Box9,57.12,47.78,61.5,61.7,0,80.908,442.81,0
1925,21,PACKED,2,2,Box8+Box9,Box2+Box9,57.12,47.78,61.5,61.7,0,83.143,452.91,0
1926,21,PACKED,2,2,Box8+Box9,Box2+Box9,57.12,47.78,61.5,61.7,0,82.467,442.34,0
1927,21,PACKED,2,2,Box8+Box9,Box2+Box9,57.12,47.78,61.5,61.7,0,82.521,454.41,0
1928,21,PACKED,2,2,Box8+Box9,Box2+Box9,57.12,47.78,61.5,61.7,0,80.434,431.48,0
1929,21,PACKED,2,2,Box8+Box9,Box2+Box9,57.12,47.78,61.5,61.7,0,81.346,776.96,0
1930,21,PACKED,2,2,Box8+Box9,Box2+Box9,57.12,47.78,61.5,61.7,0,81.003,412.33,0
1931,21,PACKED,2,2,Box8+Box9,Box2+Box9,57.12,47.78,61.5,61.7,0,82.439,427.14,0
1932,21,PACKED,2,2,Box8+Box9,Box2+Box9,57.12,47.78,61.5,61.7,0,80.9,429.78,0
1933,21,PACKED,2,2,Box8+Box9,Box2+Box9,57.12,47.78,61.5,61.7,0,80.906,434.62,0
1934,21,PACKED,2,2,Box8+Box9,Box2+Box9,57.12,47.78,61.5,61.7,0,80.396,435.63,0
1935,21,PACKED,2,2,Box8+Box9,Box2+Box9,57.12,47.78,61.5,61.7,0,81.995,530.56,0
1936,21,PACKED,2,2,Box8+Box9,Box2+Box9,57.12,47.78,61.5,61.7,0,82.357,476.89,0
1937,21,PACKED,2,2,Box8+Box9,Box2+Box9,57.12,47.78,61.5,61.7,0,80.731,449.66,0
1938,21,PACKED,2,2,Box8+Box9,Box2+Box9,57.12,47.78,61.5,61.7,0,82.842,465.47,0
1939,21,PACKED,2,2,Box8+Box9,Box2+Box9,57.12,47.78,61.5,61.7,0,80.402,459.45,0
1940,21,PACKED,2,2,Box8+Box9,Box2+Box9,57.12,47.78,61.5,61.7,0,81.335,435.41,0
1941,21,PACKED,2,2,Box8+Box9,Box2+Box9,57.12,47.78,61.5,61.7,0,81.045,439.54,0
1942,21,PACKED,2,2,Box8+Box9,Box2+Box9,57.12,47.78,61.5,61.7,0,80.96,443.09,0
1943,21,PACKED,2,2,Box8+Box9,Box2+Box9,57.12,47.78,61.5,61.7,0,81.698,453.36,0
1944,21,PACKED,2,2,Box8+Box9,Box2+Box9,57.12,47.78,61.5,61.7,0,80.649,468.48,0
1945,21,PACKED,2,2,Box8+Box9,Box2+Box9,57.12,47.78,61.5,61.7,0,81.46,427.89,0
1946,21,PACKED,2,2,Box8+Box9,Box2+Box9,57.12,47.78,61.5,61.7,0,81.869,483.64,0
1947,21,PACKED,2,2,Box8+Box9,Box2+Box9,57.12,47.78,61.5,61.7,0,80.683,610.7,0
1948,21,PACKED,2,2,Box8+Box9,Box2+Box9,57.12,47.78,61.5,61.7,0,81.023,448.6,0
1949,21,PACKED,2,2,Box8+Box9,Box2+Box9,57.12,47.78,61.5,61.7,0,80.722,454.47,0
1950,11,PACKED,1,1,Box6,Box6,24.75,24.75,63.1,63.1,0,40.811,309.88,0
1951,17,PACKED,2,1,Box5+Box6,Box9,45.53,42.5,69.3,74.1,0,43.543,373.36,0
1952,21,PACKED,2,2,Box8+Box9,Box2+Box9,57.12,47.78,61.5,61.7,0,80.732,470.77,0
1953,10,PACKED,1,1,Box9,Box9,42.5,42.5,46.4,46.4,0,10.156,319.05,0
1954,6,PACKED,1,1,Box5,Box5,20.77,20.77,57.9,57.9,0,3.898,199.82,0
1955,15,PACKED,1,1,Box9,Box9,42.5,42.5,58.6,58.6,0,13.821,204.48,0
1956,8,PACKED,1,1,Box5,Box5,20.77,20.77,55.9,55.9,0,15.413,194.51,0
1957,8,PACKED,1,1,Box5,Box5,20.77,20.77,67.2,67.2,0,5.637,179.1,0
1958,7,PACKED,1,1,Box5,Box8,20.77,14.62,49.4,69.9,0,12.411,199.25,0
1959,7,PACKED,1,1,Box5,Box8,20.77,14.62,49.4,69.9,0,12.225,182.84,0
1960,11,PACKED,1,1,Box9,Box9,42.5,42.5,45.9,45.9,0,12.639,385.51,0
1961,21,PACKED,2,2,Box8+Box9,Box2+Box9,57.12,47.78,61.5,61.7,0,80.554,439.12,0
1962,21,PACKED,2,2,Box8+Box9,Box2+Box9,57.12,47.78,61.5,61.7,0,81.356,479.0,0
1963,21,PACKED,2,2,Box8+Box9,Box2+Box9,57.12,47.78,61.5,61.7,0,81.234,455.42,0
1964,21,PACKED,2,2,Box8+Box9,Box2+Box9,57.12,47.78,61.5,61.7,0,80.769,511.54,0
1965,21,PACKED,2,2,Box8+Box9,Box2+Box9,57.12,47.78,61.5,61.7,0,81.401,435.76,0
1966,21,PACKED,2,2,Box8+Box9,Box2+Box9,57.12,47.78,61.5,61.7,0,80.519,427.01,0
1967,21,PACKED,2,2,Box8+Box9,Box2+Box9,57.12,47.78,61.5,61.7,0,81.33,476.71,0
1968,21,PACKED,2,2,Box8+Box9,Box2+Box9,57.12,47.78,61.5,61.7,0,80.842,648.58,0
1969,21,PACKED,2,2,Box8+Box9,Box2+Box9,57.12,47.78,61.5,61.7,0,81.645,451.39,0
1970,17,PACKED,1,1,Box9,Box9,42.5,42.5,63.1,63.1,0,17.178,192.13,0
1971,16,PACKED,1,1,Box9,Box9,42.5,42.5,65.4,65.4,0,14.325,174.4,0
1972,16,PACKED,1,1,Box9,Box9,42.5,42.5,65.4,65.4,0,14.345,195.58,0
1973,16,PACKED,1,1,Box9,Box9,42.5,42.5,65.4,65.4,0,14.78,197.59,0
1974,16,PACKED,1,1,Box9,Box9,42.5,42.5,65.4,65.4,0,14.689,175.63,0
1975,16,PACKED,1,1,Box9,Box9,42.5,42.5,65.4,65.4,0,14.433,182.33,0
1976,19,PACKED,2,1,Box6+Box6,Box9,49.5,42.5,64.3,74.9,0,81.717,357.27,0
1977,16,PACKED,1,1,Box9,Box9,42.5,42.5,65.4,65.4,0,14.4,193.12,0
1978,16,PACKED,1,1,Box9,Box9,42.5,42.5,65.4,65.4,0,14.708,198.23,0
1979,16,PACKED,1,1,Box9,Box9,42.5,42.5,65.4,65.4,0,14.967,202.03,0
1980,16,PACKED,1,1,Box9,Box9,42.5,42.5,65.4,65.4,0,14.338,214.26,0
1981,16,PACKED,1,1,Box9,Box9,42.5,42.5,65.4,65.4,0,14.332,236.79,0
1982,16,PACKED,1,1,Box9,Box9,42.5,42.5,65.4,65.4,0,14.514,215.63,0
1983,10,PACKED,1,1,Box5,Box5,20.77,20.77,69.0,69.0,0,24.5,185.48,0
1984,10,PACKED,1,1,Box5,Box5,20.77,20.77,69.0,69.0,0,24.611,170.0,0
1985,10,PACKED,1,1,Box5,Box5,20.77,20.77,69.0,69.0,0,24.657,194.57,0
1986,10,PACKED,1,1,Box5,Box5,20.77,20.77,69.0,69.0,0,24.666,170.75,0
1987,10,PACKED,1,1,Box5,Box5,20.77,20.77,69.0,69.0,0,25.28,177.9,0
1988,10,PACKED,1,1,Box5,Box5,20.77,20.77,69.0,69.0,0,24.226,225.56,0
1989,17,PACKED,2,1,Box5+Box6,Box9,45.53,42.5,63.7,68.6,0,54.064,209.64,0
1990,14,PACKED,1,1,Box9,Box9,42.5,42.5,59.0,59.0,0,14.442,207.73,0
1991,19,PACKED,2,1,Box6+Box6,Box9,49.5,42.5,64.3,74.9,0,84.396,394.38,0
1992,16,PACKED,1,1,Box9,Box9,42.5,42.5,65.4,65.4,0,14.723,193.67,0
1993,16,PACKED,1,1,Box9,Box9,42.5,42.5,65.4,65.4,0,14.66,200.12,0
1994,16,PACKED,1,1,Box9,Box9,42.5,42.5,65.4,65.4,0,14.456,201.55,0
1995,8,PACKED,1,1,Box6,Box6,24.75,24.75,59.3,59.3,0,6.644,287.92,0
1996,6,PACKED,1,1,Box5,Box5,20.77,20.77,50.4,50.4,0,4.565,460.55,0
1997,10,PACKED,1,1,Box9,Box9,42.5,42.5,40.9,40.9,0,14.772,442.73,0
1998,8,PACKED,1,1,Box6,Box6,24.75,24.75,59.3,59.3,0,6.579,510.23,0
1999,6,PACKED,1,1,Box5,Box5,20.77,20.77,50.4,50.4,0,4.67,435.0,0
2000,8,PACKED,1,1,Box6,Box6,24.75,24.75,59.3,59.3,0,6.532,278.41,0
